{"type":"FeatureCollection","features":[{"type":"Feature","properties":{"tzid":"Africa/Abidjan"},"geometry":{"type":"Polygon","coordinates":[[[-5.440683,4.896553],[-5.838024,4.828164],[-7.5,4.162315],[-7.596298,4.889201],[-7.380936,5.363586],[-7.448265,5.434475],[-7.378624,5.625078],[-7.43364,5.817353],[-7.745324,5.938925],[-7.939636,6.288004],[-8.4147,6.370298],[-8.459126,6.503251],[-8.558266,6.499704],[-8.283733,6.990424],[-8.440923,7.586968],[-8.17962,7.572071],[-8.078053,8.000437],[-7.956625,8.018457],[-7.984697,8.195046],[-8.175628,8.187338],[-8.23852,8.266116],[-8.236832,8.461762],[-7.943043,8.502789],[-7.881479,8.421201],[-7.828776,8.486024],[-7.678567,8.375994],[-7.672672,8.615159],[-7.961431,8.815802],[-7.931661,8.977577],[-7.762432,9.070765],[-7.912307,9.188377],[-7.889926,9.419444],[-8.039827,9.40747],[-8.108683,9.479459],[-8.098158,9.869033],[-8.163216,9.946545],[-7.633385,10.457078],[-7.465454,10.451614],[-7.389016,10.25912],[-7.159774,10.253006],[-7.043651,10.148206],[-6.949716,10.334227],[-6.661606,10.357481],[-6.642874,10.637559],[-6.452956,10.573888],[-6.40217,10.706236],[-6.252479,10.737395],[-6.169297,10.224151],[-6.01551,10.196471],[-5.793522,10.426545],[-5.651395,10.468109],[-5.370711,10.289571],[-5.128842,10.310228],[-4.968926,9.914016],[-4.797697,9.840907],[-4.703829,9.690168],[-4.502731,9.726492],[-4.311927,9.597434],[-4.132358,9.841637],[-3.647234,9.941083],[-3.28609,9.858716],[-3.206607,9.918336],[-2.823874,9.451248],[-2.687203,9.491666],[-2.664596,9.265459],[-2.772602,9.047389],[-2.62455,8.925788],[-2.494884,8.206181],[-2.786219,7.917122],[-2.921376,7.613581],[-2.968151,7.217381],[-3.230654,6.823308],[-3.259202,6.631037],[-3.026427,5.70923],[-2.775223,5.615436],[-2.756322,5.105497],[-3.110508,5.118475],[-3.148288,4.895925],[-3.965016,5.046503],[-5.440683,4.896553]]]}},{"type":"Feature","properties":{"tzid":"Africa/Accra"},"geometry":{"type":"Polygon","coordinates":[[[-0.017897,11.114304],[0.028569,11.003975],[-0.071544,10.672792],[0.372969,10.312139],[0.411822,10.022751],[0.361043,10.030611],[0.321598,9.723944],[0.383651,9.592522],[0.235726,9.546661],[0.26887,9.428434],[0.444686,9.496705],[0.560276,9.409921],[0.466326,9.082477],[0.520335,8.890144],[0.384216,8.742563],[0.729513,8.32097],[0.591243,8.119194],[0.630888,7.771098],[0.524607,7.498072],[0.657504,7.319277],[0.532145,6.828771],[0.640916,6.743631],[0.757527,6.444144],[1.006101,6.307334],[1.082877,6.169502],[1.195426,6.169406],[1.273294,5.926547],[0.995806,5.599666],[0.247659,5.549115],[-0.733825,5.030408],[-1.48593,4.844434],[-1.955226,4.557544],[-2.175024,4.557114],[-2.409139,4.740405],[-3.141713,4.894276],[-3.068524,5.134464],[-2.727268,5.132456],[-2.77876,5.275616],[-2.724146,5.342807],[-2.761946,5.593382],[-3.026427,5.70923],[-3.232698,6.785284],[-2.959744,7.228281],[-2.922942,7.604623],[-2.786219,7.917122],[-2.494884,8.206181],[-2.597531,8.833358],[-2.676172,9.024554],[-2.777813,9.058396],[-2.671951,9.235409],[-2.783574,9.727996],[-2.756342,10.245797],[-2.840003,10.301445],[-2.775299,10.417324],[-2.867623,10.456787],[-2.935048,10.646863],[-2.8171,11.006853],[-0.716864,10.997031],[-0.597195,10.921697],[-0.279188,11.17296],[-0.017897,11.114304]]]}},{"type":"Feature","properties":{"tzid":"Africa/Addis_Ababa"},"geometry":{"type":"Polygon","coordinates":[[[36.427222,13.702222],[36.446389,13.956944],[36.596609,14.291265],[36.86856,14.321322],[37.01378,14.251286],[37.273013,14.442838],[37.496295,14.183971],[37.911244,14.893871],[38.033134,14.730394],[38.268273,14.656218],[38.446112,14.425284],[38.794595,14.466733],[39.027165,14.633741],[39.222084,14.56597],[39.238863,14.429141],[39.409924,14.52647],[39.501485,14.483804],[39.578701,14.602228],[39.918921,14.421558],[40.117259,14.54711],[40.213192,14.387112],[40.94335,14.080276],[41.250744,13.610394],[41.642282,13.384981],[42.057302,12.801041],[42.21926,12.762334],[42.39403,12.44999],[41.820665,11.690124],[41.802905,11.00584],[42.045526,10.925433],[42.421253,10.981871],[42.624503,11.092923],[42.94473,10.98364],[42.719882,10.533637],[43.086198,9.908089],[43.256951,9.842897],[43.298227,9.606075],[43.45512,9.427778],[43.65981,9.340488],[43.996652,8.999778],[46.993146,8.001554],[47.98238,7.999773],[46.521474,6.530519],[45.41093,5.536382],[44.998347,4.945824],[44.031733,4.943332],[43.581105,4.842402],[43.079302,4.602162],[42.848558,4.279795],[42.087372,4.179113],[41.838823,3.953165],[41.162865,3.951336],[40.78464,4.27301],[39.869568,3.874727],[39.544075,3.397625],[38.689336,3.62102],[38.148138,3.61162],[36.844732,4.447253],[36.050899,4.446656],[35.817937,4.77421],[35.838595,5.332084],[35.501989,5.419673],[35.319716,5.336388],[35.308136,5.475641],[35.126028,5.624417],[34.966756,6.133801],[35.013245,6.469093],[34.535411,6.747512],[34.459051,6.92138],[34.241363,7.00461],[33.879793,7.547999],[33.433862,7.757136],[33.063192,7.790825],[33.00192,7.922332],[33.185588,8.155115],[33.187077,8.381931],[33.258786,8.449786],[33.640258,8.46262],[33.748597,8.378404],[34.150486,8.557427],[34.085833,9.553056],[34.320278,10.114444],[34.280011,10.538579],[34.581667,10.879167],[34.774444,10.710833],[34.9575,10.851111],[35.000833,11.161389],[34.932168,11.238053],[35.094444,11.563889],[35.067778,11.772778],[35.3175,12.005278],[35.7,12.660833],[36.146389,12.741111],[36.243056,13.348333],[36.427222,13.702222]]]}},{"type":"Feature","properties":{"tzid":"Africa/Algiers"},"geometry":{"type":"Polygon","coordinates":[[[8.384405,35.466762],[8.326283,35.288417],[8.472776,35.240287],[8.275314,34.938439],[8.276137,34.649137],[7.875555,34.406708],[7.791531,34.205845],[7.53026,34.061093],[7.524471,33.797574],[7.830591,33.192478],[8.079927,33.11588],[8.322605,32.823472],[8.354034,32.528087],[9.076399,32.084593],[9.551846,30.256242],[9.405176,30.182165],[9.407538,30.065861],[9.779948,29.424757],[9.900441,28.74584],[9.844798,28.249457],[9.96204,27.885993],[9.783079,27.278348],[9.913332,26.646871],[9.863299,26.519911],[9.512373,26.385101],[9.406356,26.20211],[10.032093,25.359573],[10.047898,24.951825],[10.23787,24.637635],[10.356677,24.536972],[10.902657,24.553475],[11.422523,24.200501],[11.569177,24.253038],[11.997337,23.517178],[7.485001,20.85802],[5.811769,19.444082],[3.357648,18.968147],[3.11951,19.165339],[3.250942,19.485183],[3.217126,19.843992],[2.768358,19.981569],[2.687025,20.099841],[2.392131,20.036493],[2.279665,20.293688],[1.909752,20.232654],[1.79,20.306857],[1.673027,20.402445],[1.644586,20.554167],[1.18664,20.726525],[1.166556,21.116365],[-4.831876,24.999056],[-8.668117,27.314942],[-8.668683,28.649745],[-7.6169,29.360146],[-7.350889,29.388596],[-7.121919,29.52231],[-6.805628,29.463829],[-6.448508,29.565642],[-5.80203,29.607639],[-5.547057,29.500457],[-5.220142,29.946592],[-4.586268,30.292927],[-4.329678,30.521546],[-3.825179,30.592137],[-3.6447,30.690438],[-3.549989,31.050547],[-3.638993,31.169772],[-3.772432,31.119826],[-3.664666,31.633535],[-2.820696,31.793643],[-2.928195,32.023179],[-2.873435,32.111359],[-2.022794,32.180466],[-1.168124,32.10533],[-1.275916,32.162009],[-1.200347,32.397139],[-1.018515,32.496145],[-1.376679,32.744597],[-1.543783,32.957761],[-1.475468,33.07653],[-1.658104,33.260536],[-1.599553,33.615429],[-1.732475,33.701108],[-1.648715,34.101827],[-1.776554,34.381788],[-1.713175,34.465488],[-1.852473,34.614796],[-1.759232,34.732798],[-2.212134,35.080937],[-2.206422,35.337216],[-1.997358,35.321449],[-1.662113,35.463396],[-1.281607,35.890441],[-0.013192,36.212621],[0.844753,36.633907],[1.275616,36.746363],[2.386653,36.847082],[2.848711,37.004293],[3.909616,37.127273],[5.5433,36.987336],[5.993441,37.060953],[6.33626,37.280875],[6.741158,37.183689],[7.223079,37.296206],[7.740888,37.176008],[8.57561,37.142272],[8.636103,36.803399],[8.442717,36.762301],[8.446991,36.62405],[8.172327,36.503975],[8.393282,36.423578],[8.264685,35.790988],[8.384405,35.466762]]]}},{"type":"Feature","properties":{"tzid":"Africa/Asmara"},"geometry":{"type":"Polygon","coordinates":[[[43.1511,12.72037],[42.87114,12.593391],[42.805824,12.417024],[42.712432,12.378041],[42.49074,12.51694],[42.404179,12.468625],[42.21926,12.762334],[42.057302,12.801041],[41.642282,13.384981],[41.250744,13.610394],[40.94335,14.080276],[40.213192,14.387112],[40.147533,14.53925],[39.946948,14.414482],[39.600354,14.604088],[39.271228,14.427387],[39.112749,14.645502],[38.871457,14.497528],[38.474596,14.416277],[38.247281,14.680157],[38.057874,14.716417],[37.933999,14.869671],[37.5276,14.18451],[37.312545,14.445974],[37.163287,14.417695],[37.050319,14.269655],[36.743784,14.322492],[36.548624,14.266098],[36.434899,15.155802],[36.646389,15.449167],[36.685833,15.710278],[36.972222,16.294167],[36.898333,16.536944],[37.003889,16.766944],[36.995833,17.073889],[37.389883,17.057479],[37.541389,17.327778],[37.744722,17.381944],[37.795556,17.471111],[38.268056,17.543056],[38.452055,17.899265],[38.788101,18.070992],[39.118461,17.484807],[39.318031,16.837104],[39.589057,16.667999],[40.178517,16.750981],[40.319284,16.698364],[40.466855,16.1169],[40.716888,16.063782],[41.049446,15.727069],[41.044685,15.382597],[40.685035,15.180473],[41.355653,14.742478],[41.690875,14.307275],[42.3007,13.905861],[42.463778,13.668499],[42.592613,13.740719],[42.723611,13.457778],[42.851116,13.392891],[42.82838,13.256749],[43.059317,13.154543],[43.286107,12.825413],[43.1511,12.72037]]]}},{"type":"Feature","properties":{"tzid":"Africa/Bamako"},"geometry":{"type":"Polygon","coordinates":[[[1.335369,20.72182],[1.641379,20.561117],[1.668216,20.406402],[1.909752,20.232654],[2.20775,20.31706],[2.301339,20.279505],[2.378348,20.037392],[2.673534,20.091811],[2.768358,19.981569],[3.254628,19.834791],[3.261936,19.461195],[3.122252,19.174347],[3.295098,19.006984],[4.266708,19.144146],[4.265711,17.026904],[4.199854,16.395069],[4.091537,16.30986],[3.896761,15.738024],[3.703728,15.648148],[3.516416,15.373576],[3.058524,15.424456],[3.019968,15.338195],[1.339599,15.279722],[0.968179,14.981871],[0.696423,14.944377],[-0.709384,15.084],[-1.069027,14.785124],[-1.3183,14.7298],[-1.678,14.5015],[-1.967758,14.478074],[-2.029507,14.178963],[-2.450325,14.293035],[-2.80584,14.077033],[-2.945164,13.626978],[-3.257475,13.713884],[-3.236069,13.325184],[-3.439589,13.267957],[-3.438515,13.160838],[-3.961071,13.39858],[-3.971042,13.523082],[-4.322464,13.155083],[-4.208981,12.816605],[-4.252522,12.71879],[-4.473657,12.680922],[-4.386983,12.512575],[-4.415998,12.303355],[-4.460891,12.332627],[-4.740626,11.999242],[-5.08671,11.971894],[-5.392513,11.83787],[-5.270413,11.759362],[-5.20945,11.457147],[-5.252196,11.254544],[-5.487736,11.053497],[-5.413671,10.867526],[-5.477468,10.51888],[-5.539477,10.444489],[-5.788352,10.432121],[-6.01551,10.196471],[-6.232526,10.300738],[-6.15718,10.41557],[-6.247732,10.529258],[-6.215182,10.716312],[-6.271155,10.723388],[-6.414175,10.68537],[-6.413032,10.58294],[-6.654977,10.633298],[-6.674325,10.346626],[-6.922512,10.353498],[-7.043651,10.148206],[-7.153718,10.253006],[-7.36708,10.248342],[-7.447615,10.432492],[-7.625143,10.461965],[-7.943804,10.153472],[-7.975238,10.31482],[-8.100933,10.429594],[-8.199618,10.417119],[-8.328348,10.630407],[-8.309129,11.025228],[-8.446701,11.070506],[-8.660543,10.951456],[-8.550616,11.211549],[-8.353856,11.322511],[-8.83165,11.652498],[-8.772277,11.975481],[-8.893639,12.042898],[-9.008307,12.412997],[-9.144792,12.480208],[-9.388415,12.475252],[-9.297739,12.362284],[-9.330906,12.267909],[-9.651949,12.159844],[-9.712687,12.028201],[-10.329874,12.223387],[-10.657181,11.897751],[-10.922378,12.224548],[-11.02172,12.21646],[-11.225089,12.008302],[-11.472563,12.161397],[-11.353593,12.487961],[-11.44676,12.677862],[-11.373653,12.73014],[-11.361513,12.987184],[-11.632099,13.395474],[-11.842228,13.340206],[-12.037285,13.6233],[-12.073326,13.718329],[-11.936766,13.906353],[-12.003571,13.982096],[-11.974927,14.181085],[-12.221412,14.492778],[-12.150353,14.621339],[-12.236932,14.747788],[-12.056418,14.721233],[-11.826844,14.877606],[-11.837452,15.174081],[-11.739321,15.462325],[-11.492273,15.641694],[-10.902468,15.109986],[-10.693805,15.438712],[-10.038251,15.364064],[-9.401019,15.438838],[-9.440532,15.582665],[-9.355184,15.683141],[-9.331251,15.501607],[-5.5,15.5],[-5.333333,16.333333],[-5.609034,16.500149],[-6.566849,24.957647],[-6.519103,25.000094],[-4.789151,24.971404],[1.166556,21.116365],[1.163439,20.743098],[1.335369,20.72182]]]}},{"type":"Feature","properties":{"tzid":"Africa/Bangui"},"geometry":{"type":"Polygon","coordinates":[[[14.423266,6.085225],[14.775104,6.307484],[15.237844,7.261071],[15.487931,7.50744],[15.72795,7.51913],[15.80959,7.44107],[15.974811,7.483339],[16.077831,7.588868],[16.368483,7.668659],[16.428815,7.79857],[16.590707,7.885836],[16.590237,7.784737],[16.819479,7.537689],[17.670935,7.985777],[18.600038,8.053902],[19.110497,8.664582],[18.885648,8.902205],[19.219673,9.039143],[19.695278,9.015833],[20.077778,9.131389],[20.433889,9.136944],[20.535833,9.301389],[20.759722,9.376944],[21.248056,9.961111],[21.350278,9.961667],[21.535278,10.212222],[21.717222,10.296111],[21.735833,10.643333],[22.446111,10.994444],[22.606389,10.984444],[22.871944,10.919722],[23.324167,10.43],[23.669722,9.867222],[23.645278,9.306111],[23.450833,9.031111],[23.581667,8.948611],[23.514444,8.717778],[24.231111,8.697778],[24.170278,8.323333],[24.844444,8.175556],[24.908611,8.034444],[25.246328,7.84616],[25.283951,7.698707],[25.185774,7.595701],[25.213182,7.487286],[26.041717,6.999953],[26.077938,6.851739],[26.399803,6.662434],[26.289039,6.470667],[26.315818,6.372155],[26.526103,6.233693],[26.455164,6.11124],[26.832304,5.980735],[26.866808,5.892676],[27.212706,5.710537],[27.286692,5.595485],[27.25266,5.351043],[27.459941,5.050869],[27.094089,5.207121],[26.856094,5.037595],[26.726281,5.099406],[26.488523,5.058176],[26.153405,5.261037],[25.827942,5.1912],[25.550164,5.378939],[25.368396,5.313558],[25.314407,5.032014],[24.736983,4.898003],[24.52138,5.084077],[24.363907,5.096188],[24.360076,5.007767],[24.139786,4.893482],[23.616139,4.75851],[23.381762,4.59102],[22.978657,4.832555],[22.801367,4.728591],[22.703309,4.492456],[22.602122,4.480645],[22.528129,4.201651],[22.297933,4.118325],[21.761661,4.295134],[21.191471,4.311028],[20.97808,4.436949],[20.563526,4.422692],[20.358335,4.760344],[19.913455,4.982619],[19.823972,5.105776],[19.417446,5.127573],[19.107122,4.940854],[18.751054,4.394611],[18.560552,4.339754],[18.658901,3.985847],[18.58236,3.793427],[18.624573,3.491791],[18.486111,3.639722],[18.183889,3.482778],[18.119444,3.560556],[17.865,3.536111],[17.805278,3.62],[17.504444,3.701389],[17.045556,3.546944],[16.655556,3.530833],[16.486389,3.166944],[16.492778,2.829167],[16.190554,2.222929],[16.07284,2.462079],[16.033,2.9609],[15.798404,3.107071],[15.248771,3.71112],[15.094185,3.987732],[15.169385,4.052034],[15.066682,4.325671],[14.731571,4.618436],[14.694943,5.11236],[14.530884,5.291635],[14.613751,5.475342],[14.617154,5.872681],[14.501756,5.902105],[14.423266,6.085225]]]}},{"type":"Feature","properties":{"tzid":"Africa/Banjul"},"geometry":{"type":"Polygon","coordinates":[[[-16.975837,13.0575],[-17.018556,13.425213],[-16.885099,13.576833],[-15.476094,13.593333],[-15.328869,13.792533],[-14.893056,13.796944],[-14.755556,13.633333],[-14.542622,13.652641],[-14.3675,13.465833],[-13.973331,13.583059],[-13.798333,13.413333],[-13.858056,13.327778],[-14.355907,13.229326],[-15.118941,13.590531],[-15.291112,13.370784],[-15.754584,13.350048],[-15.803606,13.166667],[-16.679469,13.166667],[-16.729387,13.080073],[-16.975837,13.0575]]]}},{"type":"Feature","properties":{"tzid":"Africa/Bissau"},"geometry":{"type":"Polygon","coordinates":[[[-16.717259,12.33953],[-16.084413,12.468083],[-15.675952,12.42781],[-15.12243,12.685809],[-13.738634,12.676114],[-13.636549,12.464541],[-13.731055,12.248044],[-13.956187,12.200532],[-13.735759,12.022783],[-13.727569,11.704326],[-13.850673,11.743853],[-14.080385,11.629608],[-14.227115,11.671224],[-14.511552,11.49649],[-14.663604,11.504958],[-14.976143,10.966747],[-15.341667,10.666667],[-15.735421,10.6575],[-16.256153,10.839297],[-16.648096,11.157361],[-16.897501,12.240266],[-16.717259,12.33953]]]}},{"type":"Feature","properties":{"tzid":"Africa/Blantyre"},"geometry":{"type":"MultiPolygon","coordinates":[[[[34.58596,-11.983567],[34.651854,-12.063053],[34.608128,-12.084092],[34.58596,-11.983567]]],[[[34.675812,-12.092392],[34.769274,-12.012724],[34.725832,-12.133899],[34.675812,-12.092392]]],[[[33.3596,-11.096467],[33.282104,-10.906785],[33.336425,-10.821546],[33.482477,-10.793114],[33.698949,-10.589066],[33.576076,-10.438821],[33.563483,-10.237819],[33.322024,-10.062896],[33.371128,-9.865697],[33.220165,-9.622838],[33.013438,-9.608325],[33.033,-9.516504],[32.94784,-9.457276],[32.992705,-9.368301],[33.148963,-9.493388],[33.343327,-9.502318],[33.443112,-9.613929],[33.776763,-9.589743],[33.933831,-9.714652],[33.969496,-9.529607],[34.060136,-9.514707],[34.541494,-10.079879],[34.57472,-10.554802],[34.679069,-10.777082],[34.637332,-11.108977],[34.960009,-11.526199],[34.636897,-11.573566],[34.590756,-11.856008],[34.378231,-12.171652],[34.535023,-12.736354],[34.561527,-13.348167],[34.607174,-13.48311],[34.866898,-13.48311],[35.089576,-13.699308],[35.858947,-14.659987],[35.878137,-14.981778],[35.790065,-15.169963],[35.853111,-15.419138],[35.816282,-16.025103],[35.592707,-16.133463],[35.402008,-16.129591],[35.155946,-16.592261],[35.293136,-16.739161],[35.306472,-17.119751],[35.097395,-17.129603],[35.059769,-16.999804],[35.160879,-16.849111],[35.022939,-16.805366],[34.567993,-16.312835],[34.42967,-16.262693],[34.433968,-16.071975],[34.254514,-15.899144],[34.417082,-15.672554],[34.440787,-15.427995],[34.598802,-15.252864],[34.525506,-14.571011],[34.349186,-14.392938],[33.809982,-14.55001],[33.720124,-14.501142],[33.641255,-14.590407],[33.346115,-14.215854],[33.290224,-14.032656],[33.163711,-13.950671],[33.043671,-14.04118],[32.883135,-13.812517],[32.780693,-13.78479],[32.795877,-13.653492],[32.691086,-13.628629],[32.837126,-13.523773],[33.000864,-13.221184],[33.027307,-12.92035],[32.947073,-12.795784],[33.03153,-12.645832],[33.402223,-12.525302],[33.537062,-12.377749],[33.358129,-12.310882],[33.257717,-12.128241],[33.331127,-11.822132],[33.23325,-11.43253],[33.403717,-11.161651],[33.3596,-11.096467]]]]}},{"type":"Feature","properties":{"tzid":"Africa/Brazzaville"},"geometry":{"type":"Polygon","coordinates":[[[13.765463,-2.089337],[13.91926,-2.341785],[13.885934,-2.477226],[14.113868,-2.473799],[14.255031,-2.34417],[14.151941,-2.234203],[14.261489,-2.136609],[14.259837,-1.985696],[14.431883,-1.887584],[14.476984,-1.706727],[14.404402,-1.64041],[14.52249,-1.42554],[14.424813,-1.037109],[14.524356,-0.621344],[14.391987,-0.47474],[14.201736,-0.439357],[14.068886,-0.239984],[13.843332,-0.189822],[13.935544,0.03154],[13.884227,0.218153],[14.094213,0.537526],[14.364552,0.636948],[14.477346,0.866756],[14.36067,0.991554],[14.285413,1.329441],[14.150372,1.393137],[13.824199,1.42834],[13.528987,1.276921],[13.160672,1.232407],[13.25905,1.338419],[13.135193,1.701932],[13.286516,2.138873],[14.588912,2.196491],[14.946607,2.001844],[15.206576,2.039656],[15.313098,1.933311],[15.677786,1.933661],[16.029948,1.761643],[16.027867,1.660412],[16.146319,1.748808],[16.055746,1.988727],[16.080401,2.188826],[16.179739,2.199858],[16.489167,2.8225],[16.484167,3.162222],[16.608889,3.496111],[17.234167,3.584444],[17.498333,3.708889],[18.165833,3.491667],[18.515278,3.614444],[18.633611,3.444722],[18.633333,3.185556],[18.102222,2.247778],[18.076389,1.569444],[17.84331,1.00144],[17.959722,0.390278],[17.815758,0.219129],[17.667786,-0.20247],[17.686841,-0.582347],[17.343811,-0.990099],[16.875278,-1.24],[16.507778,-1.890278],[16.193611,-2.180556],[16.213361,-3.287203],[15.896039,-3.945346],[15.552728,-4.042673],[15.437584,-4.265522],[15.185629,-4.339711],[14.836641,-4.820605],[14.651057,-4.922139],[14.404115,-4.868696],[14.353888,-4.559024],[14.467496,-4.450803],[14.357846,-4.292995],[13.923177,-4.516743],[13.76228,-4.442189],[13.683803,-4.759348],[13.543346,-4.755134],[13.433663,-4.91323],[12.899957,-4.402314],[12.780602,-4.374583],[12.766151,-4.501486],[12.466259,-4.576999],[12.332838,-4.786787],[12.187731,-4.823891],[11.847684,-5.149089],[11.545807,-4.597042],[11.043616,-4.126909],[11.334062,-3.596187],[11.516667,-3.506389],[11.694722,-3.696389],[11.925833,-3.636944],[11.842222,-3.579444],[11.961389,-3.295],[11.727778,-3.185278],[11.703056,-3.084167],[11.783889,-2.985556],[11.646944,-2.820556],[11.552006,-2.873458],[11.605797,-2.633356],[11.527613,-2.397663],[11.620165,-2.394376],[11.714451,-2.511567],[11.915508,-2.371225],[12.029285,-2.465157],[12.487699,-2.446101],[12.448005,-1.897801],[12.603003,-1.814918],[12.818566,-1.921583],[13.009836,-2.353739],[13.489966,-2.435248],[13.765463,-2.089337]]]}},{"type":"Feature","properties":{"tzid":"Africa/Bujumbura"},"geometry":{"type":"Polygon","coordinates":[[[30.185328,-4.08133],[30.042571,-4.275826],[29.765358,-4.442118],[29.435951,-4.449006],[29.382293,-4.116871],[29.230958,-3.883697],[29.260058,-3.08539],[29.000906,-2.795145],[29.05938,-2.61369],[29.300267,-2.640561],[29.364433,-2.826434],[29.75295,-2.811542],[29.926134,-2.677353],[29.956206,-2.336215],[30.126226,-2.436845],[30.454847,-2.318253],[30.528503,-2.444877],[30.41186,-2.864608],[30.479454,-2.937325],[30.841479,-2.978607],[30.844365,-3.168753],[30.828678,-3.263063],[30.655653,-3.337272],[30.655174,-3.43715],[30.475964,-3.537616],[30.185328,-4.08133]]]}},{"type":"Feature","properties":{"tzid":"Africa/Cairo"},"geometry":{"type":"MultiPolygon","coordinates":[[[[34.732701,26.488662],[34.883538,26.51146],[35.05694,26.400584],[35.085778,26.283483],[35.001085,26.143207],[34.792653,26.11094],[34.65025,26.21321],[34.64008,26.398621],[34.732701,26.488662]]],[[[33.166667,22],[31.398882,22],[31.473789,22.223345],[31.321037,22.019548],[25,22],[24.997778,29.248889],[24.815556,29.930833],[24.649911,30.126369],[24.8725,30.423333],[25.006393,30.800641],[24.858479,31.15495],[24.86265,31.406221],[25.137676,31.67103],[25.828921,31.826898],[26.262482,31.804574],[27.459218,31.547316],[27.605719,31.402821],[27.891514,31.445338],[28.081089,31.31105],[28.650202,31.248667],[29.046106,31.081639],[29.660255,31.317209],[30.258565,31.687559],[31.028226,31.800424],[31.606812,31.659586],[31.991902,31.720614],[32.654173,31.292829],[33.141071,31.43716],[33.679071,31.326913],[34.054691,31.466843],[34.215898,31.326361],[34.921211,29.45338],[34.466182,28.024965],[34.519034,27.71353],[34.265343,27.388306],[34.227579,26.922306],[34.497033,26.193397],[35.059661,25.443963],[35.409956,24.715306],[35.835228,24.363969],[35.984663,24.027022],[36.537908,23.656114],[36.554311,22.957751],[36.786898,22.687479],[36.844054,22.478471],[37.000446,22.374618],[37.112555,22.005222],[34.079863,22.000021],[34,21.766667],[33.552917,21.725],[33.166667,22]]]]}},{"type":"Feature","properties":{"tzid":"Africa/Casablanca"},"geometry":{"type":"Polygon","coordinates":[[[-8.667819,27.670426],[-13.428203,27.627256],[-13.358114,27.802929],[-13.007792,28.14576],[-12.489864,28.210977],[-11.619137,28.491244],[-11.283677,28.864109],[-10.67191,29.195908],[-10.360139,29.519758],[-9.816144,30.312227],[-10.074876,30.502586],[-10.114921,30.623084],[-10.07257,31.390715],[-9.842982,31.866422],[-9.551736,32.151388],[-9.491511,32.639332],[-8.668598,33.425342],[-7.022646,34.156424],[-6.55886,34.883394],[-6.058019,35.958801],[-5.419782,35.995639],[-5.325764,35.864164],[-5.021325,35.825763],[-4.84322,35.552733],[-4.582748,35.414651],[-3.662422,35.486559],[-3.301974,35.438921],[-3.130707,35.599213],[-2.945211,35.634756],[-2.707311,35.501883],[-2.967928,35.300385],[-2.60514,35.44023],[-2.242025,35.344653],[-2.215156,35.050209],[-1.763053,34.755012],[-1.838465,34.628442],[-1.687731,34.493127],[-1.771669,34.404236],[-1.657597,34.125457],[-1.720946,33.740565],[-1.599198,33.590056],[-1.666456,33.286558],[-1.463762,33.047369],[-1.498276,32.898751],[-1.001832,32.520508],[-1.238088,32.332388],[-1.27262,32.188456],[-1.152367,32.111774],[-1.560188,32.0943],[-2.014916,32.182183],[-2.898351,32.091307],[-2.822903,31.805121],[-3.661198,31.635078],[-3.653317,31.397051],[-3.749309,31.36099],[-3.777364,31.104039],[-3.711118,31.168994],[-3.536344,31.013687],[-3.658152,30.851969],[-3.646303,30.702299],[-3.819481,30.58998],[-4.329678,30.521546],[-4.607478,30.282621],[-4.926407,30.144826],[-5.261593,29.910216],[-5.55833,29.478686],[-5.829011,29.606101],[-6.784371,29.462465],[-7.156506,29.520606],[-7.382812,29.379509],[-7.591204,29.372862],[-8.668683,28.649745],[-8.667819,27.670426]],[[-5.418479,35.912227],[-5.421325,35.912935],[-5.416815,35.916289],[-5.418479,35.912227]],[[-2.424353,35.181908],[-2.422504,35.184551],[-2.420546,35.179623],[-2.424353,35.181908]],[[-2.438642,35.175131],[-2.444761,35.178597],[-2.442183,35.18107],[-2.438642,35.175131]],[[-2.428994,35.179453],[-2.432199,35.183747],[-2.426582,35.182683],[-2.428994,35.179453]],[[-3.889989,35.213782],[-3.888837,35.213534],[-3.890476,35.213342],[-3.889989,35.213782]],[[-3.902892,35.214393],[-3.902888,35.215471],[-3.901572,35.21555],[-3.902892,35.214393]],[[-3.899631,35.21703],[-3.901816,35.216957],[-3.901716,35.217707],[-3.899631,35.21703]],[[-4.297177,35.171198],[-4.301016,35.1728],[-4.296562,35.171954],[-4.297177,35.171198]]]}},{"type":"Feature","properties":{"tzid":"Africa/Ceuta"},"geometry":{"type":"MultiPolygon","coordinates":[[[[-5.418479,35.912227],[-5.421325,35.912935],[-5.416815,35.916289],[-5.418479,35.912227]]],[[[-2.424353,35.181908],[-2.422504,35.184551],[-2.420546,35.179623],[-2.424353,35.181908]]],[[[-2.438642,35.175131],[-2.444761,35.178597],[-2.442183,35.18107],[-2.438642,35.175131]]],[[[-2.428994,35.179453],[-2.432199,35.183747],[-2.426582,35.182683],[-2.428994,35.179453]]],[[[-3.889989,35.213782],[-3.888837,35.213534],[-3.890476,35.213342],[-3.889989,35.213782]]],[[[-3.902892,35.214393],[-3.902888,35.215471],[-3.901572,35.21555],[-3.902892,35.214393]]],[[[-3.899631,35.21703],[-3.901816,35.216957],[-3.901716,35.217707],[-3.899631,35.21703]]],[[[-4.297177,35.171198],[-4.301016,35.1728],[-4.296562,35.171954],[-4.297177,35.171198]]],[[[-5.395833,36.002139],[-5.095463,36.033211],[-5.021325,35.825763],[-5.343064,35.870863],[-5.395833,36.002139]]],[[[-2.707311,35.501883],[-2.60514,35.44023],[-2.920769,35.285781],[-2.707311,35.501883]]]]}},{"type":"Feature","properties":{"tzid":"Africa/Conakry"},"geometry":{"type":"Polygon","coordinates":[[[-11.906884,9.940182],[-12.440751,9.877435],[-12.70809,9.399913],[-12.806188,9.290739],[-12.948365,9.286066],[-13.012505,9.106299],[-13.495776,8.966],[-13.632764,9.245],[-13.893545,9.251],[-14.010683,9.356],[-13.982798,9.731],[-14.59257,10.062],[-14.683399,10.253],[-14.820446,10.331],[-14.910433,10.569],[-15.123416,10.611],[-15.232998,10.46206],[-15.408724,10.419127],[-15.517969,10.483267],[-15.563125,10.662532],[-15.341667,10.666667],[-14.976143,10.966747],[-14.663604,11.504958],[-14.511552,11.49649],[-14.243121,11.665424],[-13.714525,11.704997],[-13.696349,12.008197],[-13.9482,12.156715],[-13.8512,12.282549],[-13.728342,12.247093],[-13.658076,12.320718],[-13.708148,12.675615],[-13.09752,12.630106],[-13.024684,12.482262],[-12.914346,12.545779],[-12.36412,12.33285],[-11.899895,12.449131],[-11.770715,12.382577],[-11.43038,12.439357],[-11.49164,12.193305],[-11.313398,12.027966],[-11.168804,12.033737],[-10.954446,12.225747],[-10.793279,12.116579],[-10.735106,11.929251],[-10.638981,11.904605],[-10.518028,12.117354],[-10.333661,12.192742],[-9.711775,12.029671],[-9.651191,12.16179],[-9.329195,12.269502],[-9.299344,12.364317],[-9.385783,12.477207],[-9.142812,12.479547],[-8.964829,12.358627],[-8.992169,12.220791],[-8.902399,12.192155],[-8.907288,12.044176],[-8.779377,11.981739],[-8.84889,11.654649],[-8.701335,11.645488],[-8.602733,11.473628],[-8.369922,11.388141],[-8.38491,11.276654],[-8.555507,11.196245],[-8.673515,10.977898],[-8.345415,11.064301],[-8.271208,10.929536],[-8.325583,10.596308],[-8.231315,10.43621],[-7.979846,10.332199],[-8.014581,10.09594],[-8.161616,9.952686],[-8.092659,9.834751],[-8.137554,9.544443],[-8.055168,9.420309],[-7.858626,9.421692],[-7.905487,9.179505],[-7.736217,9.082685],[-7.919627,9.000037],[-7.949388,8.800163],[-7.803502,8.766384],[-7.671642,8.618032],[-7.6517,8.402711],[-7.74591,8.382892],[-7.7879,8.47663],[-7.873759,8.426162],[-7.929188,8.502132],[-8.216834,8.472664],[-8.226678,8.229889],[-7.985188,8.195373],[-7.94417,8.022118],[-8.040037,8.042925],[-8.117835,7.913185],[-8.173419,7.580547],[-8.39069,7.623755],[-8.468572,7.559121],[-8.555407,7.676165],[-8.676435,7.695738],[-8.863021,7.260558],[-9.097833,7.209009],[-9.292011,7.411406],[-9.469086,7.381806],[-9.35895,7.759111],[-9.524844,8.379232],[-9.753048,8.545795],[-10.023559,8.433067],[-10.130805,8.523296],[-10.382053,8.490906],[-10.517553,8.328042],[-10.685096,8.304178],[-10.614455,8.537191],[-10.470723,8.669374],[-10.575693,9.043216],[-10.722439,9.077438],[-10.660362,9.298665],[-10.84552,9.45368],[-10.995335,9.753313],[-11.25047,9.99997],[-11.894679,9.999884],[-11.906884,9.940182]]]}},{"type":"Feature","properties":{"tzid":"Africa/Dakar"},"geometry":{"type":"Polygon","coordinates":[[[-16.745718,13.065393],[-16.70058,13.153727],[-15.803606,13.166667],[-15.803606,13.349468],[-15.286458,13.373173],[-15.096444,13.597151],[-14.980135,13.481282],[-14.379535,13.236537],[-13.827222,13.353056],[-13.808056,13.453056],[-13.918887,13.568336],[-14.357778,13.461389],[-14.530232,13.647916],[-14.755556,13.633333],[-14.927194,13.804702],[-15.264985,13.740974],[-15.342696,13.790736],[-15.47078,13.615713],[-15.584922,13.593333],[-16.867228,13.593333],[-17.133217,14.253011],[-17.302962,14.453712],[-17.604245,14.495531],[-17.746281,14.706187],[-17.680279,14.89418],[-17.280648,15.062439],[-17.132022,15.233267],[-16.767453,15.774659],[-16.718411,16.037319],[-16.459944,16.080881],[-16.261763,16.524024],[-15.711003,16.474106],[-15.468015,16.591048],[-15.132685,16.578249],[-14.991055,16.689493],[-14.908587,16.633307],[-14.415938,16.651125],[-13.990438,16.342012],[-13.84645,16.106075],[-13.716711,16.181995],[-13.68059,16.094625],[-13.488017,16.148198],[-13.514802,16.105003],[-13.374825,16.053307],[-13.231711,15.61746],[-13.087758,15.58176],[-13.06594,15.481357],[-12.963407,15.497692],[-12.86303,15.225768],[-12.478783,14.999969],[-12.420105,14.860482],[-12.172842,14.687218],[-12.200721,14.406426],[-12.008378,14.237996],[-12.007252,13.996329],[-11.93394,13.925074],[-12.063761,13.727046],[-12.038534,13.626629],[-11.831728,13.309664],[-11.71859,13.415302],[-11.551649,13.290523],[-11.361513,12.987184],[-11.444356,12.556128],[-11.367578,12.437813],[-11.763437,12.383041],[-12.061597,12.433273],[-12.356297,12.314932],[-12.917929,12.544923],[-13.026816,12.484203],[-13.055069,12.615641],[-13.153796,12.641739],[-15.173352,12.685328],[-15.651083,12.43883],[-16.212781,12.45827],[-16.689724,12.359202],[-16.897501,12.240266],[-16.990696,12.423028],[-16.994218,12.786109],[-16.946932,13.038868],[-16.745718,13.065393]]]}},{"type":"Feature","properties":{"tzid":"Africa/Dar_es_Salaam"},"geometry":{"type":"Polygon","coordinates":[[[35.86806,-11.431154],[35.519451,-11.579113],[34.96128,-11.539671],[34.925486,-11.395425],[34.793755,-11.323788],[34.615224,-11.042052],[34.680971,-10.755763],[34.573299,-10.535471],[34.53411,-10.057247],[34.041721,-9.495901],[33.958933,-9.548083],[33.939997,-9.695256],[33.774597,-9.587918],[33.442691,-9.613045],[33.342633,-9.502511],[33.147657,-9.49357],[32.53229,-9.244049],[32.431398,-9.118255],[31.965438,-9.058553],[31.8935,-8.91265],[31.687663,-8.91723],[31.540345,-8.685371],[31.379368,-8.601367],[31.049781,-8.605546],[30.796247,-8.276506],[30.296389,-7.117222],[30.093056,-6.870278],[29.739444,-6.634167],[29.558889,-6.315],[29.502222,-5.956944],[29.631667,-5.728889],[29.348472,-4.933633],[29.371529,-4.569413],[29.435951,-4.449006],[29.757549,-4.468141],[30.020289,-4.274774],[30.387228,-3.788278],[30.461683,-3.556114],[30.670308,-3.422458],[30.660845,-3.329528],[30.832852,-3.25933],[30.823355,-3.01866],[30.468574,-2.928316],[30.414909,-2.84355],[30.52107,-2.687882],[30.423054,-2.66748],[30.534451,-2.435696],[30.805445,-2.363985],[30.894936,-2.08757],[30.809838,-1.924154],[30.838636,-1.654646],[30.739398,-1.458411],[30.572811,-1.339209],[30.464242,-1.066963],[30.793666,-0.996247],[34.090704,-1.027357],[37.672747,-3.060856],[37.712127,-3.31126],[37.6054,-3.51515],[37.73766,-3.53568],[37.784089,-3.671311],[39.191206,-4.659832],[39.391245,-4.886084],[39.605154,-4.681071],[39.891272,-4.687495],[40.040591,-4.785172],[40.05041,-5.253748],[39.798505,-6.319716],[40.126502,-6.869281],[40.114633,-7.705121],[39.792797,-8.599813],[39.829658,-9.034104],[39.994389,-9.700143],[40.656467,-10.308011],[40.004281,-10.803292],[39.238553,-11.174302],[38.884724,-11.171241],[38.457262,-11.412666],[38.241716,-11.283834],[37.94044,-11.259558],[37.762361,-11.532094],[37.40661,-11.68665],[36.834279,-11.581001],[36.636598,-11.732981],[36.223866,-11.707065],[36.114243,-11.512716],[35.86806,-11.431154]]]}},{"type":"Feature","properties":{"tzid":"Africa/Djibouti"},"geometry":{"type":"Polygon","coordinates":[[[42.981513,12.649585],[43.297804,12.792308],[43.289826,12.632975],[43.656496,12.453085],[43.596716,11.981564],[42.967222,10.997222],[42.607617,11.08002],[42.054425,10.925558],[41.835129,10.962406],[41.77785,11.51045],[41.84677,11.73399],[42.44887,12.51008],[42.720231,12.384726],[42.981513,12.649585]],[[43.155868,12.719456],[43.157517,12.718025],[43.153582,12.719847],[43.155868,12.719456]]]}},{"type":"Feature","properties":{"tzid":"Africa/Douala"},"geometry":{"type":"Polygon","coordinates":[[[14.476037,5.941866],[14.607892,5.913769],[14.626509,5.514959],[14.526125,5.284704],[14.678703,5.152219],[14.736335,4.608458],[15.068975,4.319961],[15.138435,4.086116],[15.094185,3.987732],[15.248771,3.71112],[16.07514,2.87206],[16.072151,2.464233],[16.179793,2.233221],[16.077375,2.152814],[16.152113,1.705783],[16.064855,1.661916],[15.681201,1.935503],[15.332719,1.943542],[15.206576,2.039656],[14.946607,2.001844],[14.877072,2.10046],[14.781501,2.068783],[14.617149,2.17399],[13.343171,2.170904],[13.158491,2.2862],[12.72602,2.231817],[11.674982,2.315752],[11.368451,2.289972],[11.354821,2.192387],[11.26605,2.172069],[10.037513,2.147121],[9.899051,2.205457],[9.831359,2.337332],[9.589252,2.396876],[9.741308,3.127923],[9.472432,3.437562],[9.437811,3.617881],[8.831346,3.960447],[8.618401,4.284715],[8.382218,4.347526],[8.54784,4.801755],[8.801983,5.151006],[8.920768,5.570806],[8.845307,5.816059],[9.264433,6.181325],[9.343242,6.340765],[9.440457,6.346418],[9.46365,6.445264],[9.684894,6.511628],[9.779326,6.794368],[9.884416,6.794663],[10.150528,7.038377],[10.21304,6.892366],[10.516192,6.924309],[10.566381,7.145794],[10.830867,6.94176],[10.817472,6.842189],[10.946283,6.687089],[11.087477,6.687449],[11.095686,6.536368],[11.327485,6.504837],[11.519598,6.615358],[11.625214,6.980894],[11.852,7.081123],[11.914578,7.466037],[12.004009,7.513468],[11.998824,7.662106],[12.202539,7.964423],[12.253109,8.417378],[12.434232,8.508155],[12.487743,8.642803],[12.689737,8.662643],[12.799103,8.790527],[12.886447,9.397827],[13.225305,9.598102],[13.289676,9.83911],[13.249834,10.028804],[13.467662,10.177163],[13.582163,10.68793],[13.731056,10.980995],[13.96729,11.295146],[14.204937,11.255819],[14.628067,11.543374],[14.564237,11.705633],[14.666814,12.189323],[14.44354,12.362861],[14.192169,12.39827],[14.083333,13.083333],[14.466666,13.083333],[14.547143,12.792446],[14.821415,12.639731],[14.91438,12.142162],[15.034838,12.085378],[15.048233,11.862626],[15.119634,11.797862],[15.049102,11.031716],[15.145254,10.553782],[15.484446,10.126206],[15.656762,10.020096],[15.455973,9.940527],[14.240581,10.001556],[13.976605,9.637937],[14.316402,9.350872],[14.527378,9.036778],[15.151558,8.600552],[15.442007,7.913235],[15.580761,7.77515],[15.553135,7.57977],[15.23705,7.259802],[14.805,6.346667],[14.422532,6.06302],[14.476037,5.941866]]]}},{"type":"Feature","properties":{"tzid":"Africa/El_Aaiun"},"geometry":{"type":"Polygon","coordinates":[[[-9.263518,27.664596],[-8.667819,27.670426],[-8.666944,26.000278],[-12.000553,25.971436],[-12.000278,23.454444],[-12.571389,23.291389],[-13.110278,22.877778],[-12.999637,21.336718],[-16.947186,21.334175],[-17.083907,20.746782],[-17.263753,20.701956],[-17.318999,20.841845],[-17.189727,21.769486],[-17.026044,22.252979],[-16.660174,22.515854],[-16.202029,23.486168],[-16.220364,23.687418],[-16.068209,23.951565],[-15.097324,24.810895],[-15.047464,25.323632],[-14.672778,26.271301],[-14.329214,26.575776],[-13.768409,26.838679],[-13.438819,27.596814],[-9.263518,27.664596]]]}},{"type":"Feature","properties":{"tzid":"Africa/Freetown"},"geometry":{"type":"Polygon","coordinates":[[[-10.794017,7.599322],[-11.309184,7.211328],[-11.417523,6.939338],[-11.608076,6.755],[-12.023541,7.001],[-13.053415,7.378],[-13.254686,7.542],[-13.209108,7.878],[-13.367218,7.931],[-13.449236,8.06],[-13.494338,8.942],[-13.265428,9.064975],[-13.079007,9.061741],[-12.951946,9.270701],[-12.807216,9.28989],[-12.449226,9.871558],[-12.222482,9.932905],[-12.070555,9.887656],[-11.839049,9.999944],[-11.208071,9.999973],[-10.872717,9.573432],[-10.810817,9.379645],[-10.68204,9.318411],[-10.726929,9.094582],[-10.573873,9.05122],[-10.464712,8.679233],[-10.696564,8.31597],[-10.520176,8.326043],[-10.388997,8.479007],[-10.275961,8.436886],[-10.319444,8.190651],[-10.533469,8.106905],[-10.604795,7.777835],[-10.794017,7.599322]]]}},{"type":"Feature","properties":{"tzid":"Africa/Gaborone"},"geometry":{"type":"Polygon","coordinates":[[[25.59526,-18.467841],[25.957632,-18.925215],[26.159528,-19.522177],[26.60901,-19.863155],[27.1945,-20.078359],[27.303911,-20.321923],[27.285579,-20.485502],[27.729956,-20.527673],[27.690413,-21.069142],[28.01696,-21.571932],[28.990678,-21.768738],[29.074875,-22.042096],[29.342244,-22.169909],[29.050708,-22.218978],[28.936042,-22.440082],[28.34311,-22.572217],[27.73614,-23.233177],[27.60231,-23.21642],[27.551905,-23.357634],[27.151089,-23.527789],[27.042682,-23.683659],[27.015707,-23.640816],[26.85921,-24.253737],[26.678097,-24.343417],[26.413033,-24.643326],[25.844026,-24.786389],[25.883854,-24.876506],[25.644342,-25.507694],[25.440193,-25.71947],[25.001796,-25.729315],[24.682279,-25.823774],[24.353337,-25.755567],[24.158211,-25.608561],[23.92978,-25.638088],[23.45208,-25.27532],[23.05323,-25.28982],[22.84768,-25.49661],[22.725482,-25.992643],[22.54937,-26.2262],[22.24135,-26.35124],[22.025633,-26.634361],[21.769098,-26.695158],[21.781851,-26.799073],[21.70134,-26.85854],[20.91873,-26.80156],[20.692124,-26.903112],[20.60661,-26.509275],[20.859966,-26.137503],[20.812854,-25.87178],[20.386618,-25.040391],[20.015158,-24.779137],[19.999092,-22.013472],[20.998684,-22.000292],[20.99895,-18.317569],[21.453045,-18.317647],[23.283016,-18.00083],[23.62407,-18.497135],[24.173898,-18.036776],[24.40476,-17.951007],[24.551983,-18.066136],[24.818714,-17.854967],[25.170543,-17.779431],[25.265004,-17.816542],[25.305161,-18.052749],[25.59526,-18.467841]]]}},{"type":"Feature","properties":{"tzid":"Africa/Harare"},"geometry":{"type":"Polygon","coordinates":[[[31.949438,-16.417808],[32.33633,-16.4484],[32.676686,-16.583023],[32.70918,-16.68554],[32.971358,-16.704176],[32.832742,-16.923039],[33.049447,-17.335529],[32.937834,-17.984805],[33.059109,-18.370278],[33.026791,-18.466177],[32.883825,-18.516033],[32.939265,-18.757096],[32.7041,-18.84436],[32.699122,-18.937334],[32.8774,-19.09787],[32.77641,-19.36132],[32.832627,-19.67107],[32.986421,-19.681773],[33.062556,-19.776297],[33.027226,-20.004387],[32.887284,-20.094979],[32.84595,-20.303963],[32.501399,-20.631583],[32.508911,-20.938416],[32.365992,-21.13886],[32.476374,-21.324514],[31.30013,-22.41369],[30.83741,-22.29199],[30.29436,-22.35625],[29.74454,-22.14147],[29.352492,-22.183735],[29.255158,-22.066753],[29.053826,-22.022263],[29.027828,-21.793696],[28.589953,-21.637816],[28.007118,-21.556909],[27.689082,-21.062987],[27.7298,-20.523096],[27.299837,-20.495082],[27.205938,-20.081983],[26.622071,-19.883072],[26.316769,-19.581686],[26.169818,-19.545272],[25.954777,-18.920376],[25.821862,-18.823159],[25.769602,-18.615413],[25.545245,-18.405307],[25.239624,-17.916461],[25.26292,-17.820149],[25.667754,-17.814135],[25.949906,-17.996925],[26.21968,-17.884155],[26.656368,-18.060412],[27.045539,-17.95348],[27.592687,-17.364952],[27.800941,-17.005367],[28.269093,-16.71797],[28.740533,-16.547853],[28.844334,-16.384771],[28.849712,-16.040455],[29.442038,-15.681852],[30.41485,-15.625724],[30.423525,-15.955172],[31.00066,-16.059442],[31.140415,-15.98364],[31.289051,-16.017021],[31.402623,-16.134543],[31.787496,-16.251144],[31.949438,-16.417808]]]}},{"type":"Feature","properties":{"tzid":"Africa/Johannesburg"},"geometry":{"type":"MultiPolygon","coordinates":[[[[37.5,-47.150209],[37.300581,-46.935376],[37.638739,-46.507441],[37.935025,-46.410827],[38.248242,-46.541292],[38.288573,-46.66697],[38.079355,-47.101276],[37.892715,-47.175828],[37.5,-47.150209]]],[[[22.5,-34.350658],[22.260436,-34.378139],[21.890081,-34.570496],[20.916269,-34.668559],[20.010019,-35.033759],[19.56941,-34.974193],[18.746041,-34.581251],[18.365575,-34.536521],[18.232742,-34.450218],[17.610074,-32.851444],[17.695293,-32.604811],[18.087708,-32.233672],[18.032446,-31.923932],[17.063988,-30.417802],[16.756224,-29.516351],[16.343454,-28.811487],[16.46441,-28.58414],[16.72239,-28.50009],[16.796577,-28.371586],[16.75244,-28.28315],[16.89234,-28.08214],[17.0862,-28.036319],[17.20198,-28.23471],[17.375801,-28.286063],[17.413534,-28.377046],[17.33813,-28.48737],[17.41372,-28.70579],[17.9052,-28.7715],[18.16945,-28.90175],[18.75659,-28.83663],[19.16966,-28.95765],[19.25234,-28.90161],[19.25998,-28.75652],[19.44873,-28.71495],[19.54548,-28.54613],[19.95524,-28.43311],[19.998983,-24.784414],[20.263663,-24.925844],[20.464292,-25.152461],[20.518123,-25.324836],[20.673363,-25.453693],[20.65758,-25.619],[20.813029,-25.87489],[20.836619,-26.168754],[20.61749,-26.443301],[20.683548,-26.887907],[20.91654,-26.80063],[21.70089,-26.8588],[21.781851,-26.799073],[21.769098,-26.695158],[22.067954,-26.610439],[22.2402,-26.35276],[22.54725,-26.2264],[22.717044,-26.019199],[22.8519,-25.5248],[23.04888,-25.29411],[23.46401,-25.27662],[23.938549,-25.637229],[24.185976,-25.620616],[24.343397,-25.74675],[24.678844,-25.819515],[25.001796,-25.729315],[25.347627,-25.765227],[25.571559,-25.643406],[25.882476,-24.914933],[25.851717,-24.767652],[26.467243,-24.59327],[26.579326,-24.428294],[26.866597,-24.247464],[26.969745,-23.720631],[27.134059,-23.524752],[27.506144,-23.387892],[27.599865,-23.21765],[27.72601,-23.232732],[28.338467,-22.582146],[28.911139,-22.461275],[29.013302,-22.239552],[29.64262,-22.13138],[30.29398,-22.35626],[30.83536,-22.29196],[31.26313,-22.36486],[31.5636,-23.19823],[31.56102,-23.48196],[31.767769,-23.884862],[31.880591,-23.952489],[31.985346,-24.305224],[32.033716,-25.132539],[31.974459,-25.950806],[31.792839,-25.953081],[31.433218,-25.729234],[31.31594,-25.74304],[30.816289,-26.442659],[30.80439,-26.82764],[30.97682,-26.92161],[30.984378,-27.036348],[31.12477,-27.17153],[31.51228,-27.31537],[31.93355,-27.31738],[32.0597,-26.81737],[33.092047,-26.918544],[32.7757,-28.186359],[32.558861,-28.676126],[32.150182,-29.03472],[31.874081,-29.161432],[31.49607,-29.536338],[30.790184,-30.660232],[30.240564,-31.372504],[29.591483,-31.851392],[28.691481,-32.733423],[27.24559,-33.69114],[25.787716,-34.217167],[24.895369,-34.408025],[22.990015,-34.294419],[22.5,-34.350658]],[[28.63143,-28.582515],[29.33288,-29.10388],[29.44156,-29.35663],[29.30426,-29.48447],[29.28695,-29.62875],[29.15899,-29.70268],[29.10349,-29.96232],[28.833489,-30.095933],[28.391783,-30.159242],[28.232729,-30.26847],[28.25476,-30.40971],[28.16512,-30.45549],[28.11807,-30.64081],[27.771107,-30.612085],[27.385238,-30.337654],[27.40602,-30.15707],[27.21887,-30.01003],[27.027281,-29.635757],[27.30183,-29.53249],[27.761091,-28.930956],[28.63143,-28.582515]]],[[[-5.5,-86],[-5.5,-69],[0,-68],[0,-86],[-5.5,-86]]]]}},{"type":"Feature","properties":{"tzid":"Africa/Juba"},"geometry":{"type":"Polygon","coordinates":[[[35.698264,4.618329],[34.421389,4.61],[33.514516,3.754909],[33.178821,3.778745],[33.027761,3.893614],[32.429296,3.746732],[32.104178,3.531412],[31.971577,3.574729],[31.841793,3.803722],[31.545678,3.656361],[31.185158,3.79469],[30.967974,3.675137],[30.869975,3.50264],[30.778866,3.677491],[30.597102,3.610133],[30.533112,3.843632],[30.209028,3.948424],[30.166602,4.091834],[29.809947,4.364556],[29.827915,4.55802],[29.502214,4.694274],[29.34735,4.402313],[29.209327,4.346037],[28.800518,4.549218],[28.418239,4.280768],[28.204501,4.354575],[28.013818,4.55544],[27.790011,4.608024],[27.743267,4.798048],[27.46883,4.98918],[27.250042,5.367963],[27.280726,5.568448],[27.192063,5.746363],[26.866808,5.892676],[26.832304,5.980735],[26.475291,6.097969],[26.534128,6.192097],[26.487179,6.273922],[26.304274,6.386485],[26.384096,6.676074],[26.081758,6.845817],[26.009316,7.017033],[25.213182,7.487286],[25.168527,7.582995],[25.295918,7.668177],[25.232429,7.862375],[24.984527,7.970549],[24.8375,8.176111],[24.189167,8.3075],[24.150278,8.4025],[24.251389,8.671389],[23.538056,8.705833],[23.583889,8.989167],[23.451389,9.011111],[23.491389,9.168889],[23.646944,9.301111],[23.632222,9.555278],[23.682222,9.647778],[24.103915,9.66777],[24.486648,9.830396],[24.807468,9.791478],[24.979012,9.896055],[25.083339,10.30039],[25.749176,10.427046],[25.897618,10.407516],[25.932219,10.179166],[26.21391,9.916659],[26.33342,9.60699],[26.702774,9.488887],[27.14236,9.626374],[27.907221,9.610158],[27.832981,9.763396],[27.833333,10.166667],[29,10.166667],[28.999995,9.670544],[29.073305,9.732948],[29.5375,9.75],[29.537492,10.081953],[29.999998,10.288068],[30.814504,9.727885],[31.281783,9.759613],[31.778334,10.28889],[31.988613,10.650279],[32.46973,11.043305],[32.391111,11.180805],[32.391111,11.706235],[32.103998,11.944889],[32.745703,11.951051],[32.742292,12.211227],[33.294404,12.218997],[33.138323,11.437224],[33.246094,10.777746],[33.517171,10.64255],[33.994367,10.064526],[33.877974,9.522701],[34.106678,9.500001],[34.173832,8.585604],[33.788442,8.379994],[33.636721,8.464365],[33.251731,8.448299],[33.18567,8.154251],[33.003868,7.869442],[33.071112,7.791455],[33.643289,7.693474],[33.897725,7.539335],[34.219467,7.016881],[34.481163,6.902791],[34.566602,6.73398],[35.01221,6.470224],[35.006266,5.889935],[35.126028,5.624417],[35.305823,5.50355],[35.299566,5.354899],[35.583381,5.418679],[35.854637,5.32391],[35.817937,4.77421],[35.948997,4.631039],[35.698264,4.618329]]]}},{"type":"Feature","properties":{"tzid":"Africa/Kampala"},"geometry":{"type":"Polygon","coordinates":[[[29.591168,-1.387702],[29.717934,0.066383],[29.978837,0.515681],[29.97373,0.81411],[30.149655,0.885925],[30.269948,1.158651],[30.549684,1.266134],[31.305559,2.116339],[31.20287,2.275508],[31.000182,2.398495],[30.891946,2.339856],[30.744341,2.464406],[30.884603,2.834927],[30.768634,3.047153],[30.980786,3.699138],[31.261304,3.794603],[31.502296,3.643727],[31.801123,3.80988],[31.982391,3.579119],[32.193658,3.509567],[32.41528,3.745619],[32.720234,3.767808],[33.02676,3.893333],[33.178821,3.778745],[33.511075,3.751822],[33.987762,4.234077],[34.09162,4.061282],[34.09144,3.885244],[34.226011,3.831007],[34.170877,3.767706],[34.455803,3.676301],[34.400617,3.370584],[34.460447,3.174321],[34.946354,2.477248],[35.000272,1.761457],[34.804268,1.425594],[34.805184,1.230623],[34.526248,1.106407],[34.447103,0.871397],[34.127451,0.558517],[34.102641,0.359205],[33.912423,0.108292],[33.984251,-0.133743],[33.933361,-1],[30.749045,-0.99552],[30.372297,-1.065714],[30.129721,-1.362987],[29.920373,-1.481784],[29.824914,-1.309052],[29.591168,-1.387702]]]}},{"type":"Feature","properties":{"tzid":"Africa/Khartoum"},"geometry":{"type":"Polygon","coordinates":[[[21.989895,12.627271],[21.82456,12.799628],[21.886673,12.956686],[22.291344,13.356209],[22.092464,13.763545],[22.563442,14.158883],[22.427394,14.288566],[22.39779,14.55948],[22.720061,14.687052],[22.695748,14.888503],[22.98729,15.222526],[22.954503,15.571731],[23.110714,15.714883],[23.62175,15.773867],[23.977261,15.709595],[23.999722,15.766389],[23.999998,19.999991],[25.000001,19.999998],[25,22],[31.315029,22],[31.448364,22.213346],[31.496561,22.193836],[31.398882,22],[33.166667,22],[33.552917,21.725],[34,21.766667],[34.079863,22.000021],[37.09052,22],[37.164132,21.595657],[37.522848,21.128226],[37.549315,20.750343],[37.452619,20.591048],[37.41765,20.007501],[37.54217,19.265463],[37.576841,19.220063],[37.774383,19.535857],[37.993594,19.569887],[38.121115,19.425032],[38.351809,19.349167],[38.422114,19.080954],[38.607709,19.103079],[38.880527,19.000357],[39.038914,18.707069],[39.040959,18.45682],[38.930334,18.252003],[38.452055,17.899265],[38.253333,17.53],[38.045833,17.548056],[37.529722,17.326944],[37.381711,17.056606],[37.026111,17.077222],[37.006111,16.771667],[36.9,16.542222],[36.9575,16.25],[36.685833,15.710278],[36.647778,15.449722],[36.433365,15.167382],[36.560214,14.257558],[36.409444,13.597778],[36.228889,13.297222],[36.146389,12.741111],[35.699444,12.665833],[35.321667,12.008056],[35.091944,11.818056],[35.094444,11.563889],[34.931576,11.24652],[35.005556,11.174444],[34.933333,10.956667],[34.975278,10.864444],[34.788611,10.686667],[34.656389,10.845278],[34.546111,10.855278],[34.293033,10.558432],[34.348056,10.246389],[34.106678,9.500001],[33.877584,9.499999],[33.999659,10.006035],[33.960589,10.151611],[33.517171,10.64255],[33.246094,10.777746],[33.138323,11.437224],[33.273604,12.19531],[32.765532,12.236386],[32.75702,11.980685],[32.096585,11.95105],[32.391111,11.706235],[32.391111,11.180805],[32.46973,11.043305],[31.988613,10.650279],[31.788552,10.303917],[31.325973,9.781565],[30.838956,9.720277],[29.941108,10.288055],[29.537492,10.081953],[29.5375,9.75],[29.022786,9.712504],[28.767908,9.352104],[28.03606,9.343871],[27.920193,9.583356],[27.82228,9.605818],[27.14236,9.626374],[26.750122,9.496638],[26.393915,9.564064],[26.219235,9.901275],[25.962299,10.17171],[25.930609,10.384252],[25.388164,10.389826],[25.100612,10.317408],[24.974496,9.915741],[24.739763,9.725289],[24.56792,9.272849],[24.57573,8.932123],[24.447388,8.797542],[24.256111,8.686944],[23.538056,8.705833],[23.583889,8.989167],[23.451389,9.011111],[23.491389,9.168889],[23.646944,9.301111],[23.669722,9.867222],[23.324167,10.43],[22.896389,10.874444],[22.938056,11.378056],[22.650833,11.510556],[22.555556,11.641944],[22.639167,12.065556],[22.493578,12.030858],[22.388638,12.471047],[22.454823,12.608936],[22.210336,12.743429],[21.989895,12.627271]]]}},{"type":"Feature","properties":{"tzid":"Africa/Kigali"},"geometry":{"type":"Polygon","coordinates":[[[30.809838,-1.924154],[30.895495,-2.069009],[30.826032,-2.356703],[30.540246,-2.411417],[30.418254,-2.321064],[30.111643,-2.428409],[29.987795,-2.338819],[29.917484,-2.698713],[29.719372,-2.817427],[29.388607,-2.818092],[29.303691,-2.642068],[29.163318,-2.597173],[29.062955,-2.601768],[29.049592,-2.701309],[28.907558,-2.664102],[28.86651,-2.436296],[29.129417,-2.227603],[29.131656,-1.877435],[29.361821,-1.50888],[29.810581,-1.329111],[29.926193,-1.481315],[30.145289,-1.350555],[30.349802,-1.069677],[30.447704,-1.050129],[30.561547,-1.320059],[30.736053,-1.451009],[30.819864,-1.624132],[30.809838,-1.924154]]]}},{"type":"Feature","properties":{"tzid":"Africa/Kinshasa"},"geometry":{"type":"Polygon","coordinates":[[[22.615919,3.33333],[22.578584,3.179688],[22.811548,3.024902],[23.064949,3.033323],[22.887023,2.73862],[23.014033,2.606797],[23.2967,2.455758],[23.343135,2.545702],[23.451921,2.511081],[23.572473,2.39654],[23.579525,2.194695],[23.348114,2.264845],[23.32188,2.105572],[23.224255,2.085449],[23.049616,2.203988],[22.766734,2.021293],[22.3612,2.171983],[22.490461,1.914998],[22.26073,1.531504],[22.659742,1.34332],[22.841023,0.989157],[22.9792,0.40028],[23.4083,-0.20833],[23.106779,-0.240462],[22.950075,-0.405898],[23.201775,-0.405509],[23.288973,-0.512678],[23.56627,-0.453264],[23.691968,-0.562531],[23.60119,-0.708676],[23.489591,-0.733693],[23.556014,-0.983164],[24.181066,-1.326748],[24.288069,-1.31897],[24.410801,-1.69917],[24.015636,-1.75981],[23.979223,-1.871602],[23.8823,-1.825712],[23.819931,-1.951222],[23.422176,-2.080278],[22.679701,-1.80667],[22.532499,-1.94583],[22.189631,-1.90355],[22.287201,-2.44556],[22.188299,-2.43472],[22.152201,-2.27639],[21.697429,-2.666633],[21.292874,-2.47986],[20.868845,-2.563086],[20.744471,-2.766325],[20.661626,-3.253569],[20.67514,-4.13301],[20.323935,-4.380494],[20.038161,-4.281215],[20.109105,-4.525494],[20.057323,-4.767873],[20.2005,-5.205737],[20.132178,-5.39803],[20.161786,-5.752579],[19.687165,-6.207455],[19.705597,-6.560191],[19.966967,-6.985496],[19.551865,-7.03265],[19.527698,-7.468201],[19.383207,-7.571945],[19.380377,-7.995653],[18.796451,-8],[18.536393,-7.916666],[18.489448,-8.00005],[18.193758,-7.988294],[18.103286,-8.083558],[17.539578,-8.111489],[17.144229,-7.409708],[16.958706,-7.249877],[16.959951,-7.074904],[16.678544,-6.386218],[16.717468,-6.150805],[16.502859,-5.848817],[13.042413,-5.863608],[12.477043,-6.071433],[12.114648,-5.990189],[12.039074,-5.889632],[12.199798,-5.769444],[12.528415,-5.742117],[12.485835,-5.070533],[12.725441,-4.94322],[12.82852,-4.783267],[13.098068,-4.690687],[13.112004,-4.589243],[13.402878,-4.888073],[13.502873,-4.775471],[13.684531,-4.764002],[13.724179,-4.461158],[13.817509,-4.425387],[13.927072,-4.514745],[14.367619,-4.289301],[14.449678,-4.416964],[14.366972,-4.535363],[14.414797,-4.895924],[14.670798,-4.915811],[14.816557,-4.833947],[15.214811,-4.317912],[15.4307,-4.275362],[15.552728,-4.042673],[15.913012,-3.91862],[16.213361,-3.287203],[16.191389,-2.192222],[16.531287,-1.857612],[16.868889,-1.2475],[17.343811,-0.990099],[17.686841,-0.582347],[17.667786,-0.20247],[17.80769,0.201105],[17.955278,0.366944],[17.839362,0.968143],[18.076389,1.569444],[18.102222,2.247778],[18.633333,3.185556],[18.58129,3.761257],[18.656701,4.004235],[18.544658,4.310348],[18.776918,4.417787],[19.09642,4.929475],[19.437158,5.132395],[19.688834,5.145346],[20.374479,4.74009],[20.58309,4.411489],[20.887664,4.454112],[21.20639,4.294039],[21.726302,4.309862],[22.248479,4.119296],[22.709831,4.101619],[22.811735,4.018775],[22.810723,3.860958],[23.527737,3.81756],[23.389566,3.682791],[23.201014,3.758733],[22.656401,3.43806],[22.615919,3.33333]]]}},{"type":"Feature","properties":{"tzid":"Africa/Lagos"},"geometry":{"type":"Polygon","coordinates":[[[8.651913,4.946359],[8.354611,4.349924],[6.029061,4.077533],[5.523061,4.415546],[4.815796,5.776334],[4.395235,6.147071],[3.81561,6.239556],[2.755974,6.179994],[2.707672,6.521845],[2.792056,6.74833],[2.722181,6.977898],[2.794344,7.477884],[2.679245,7.900756],[2.754729,8.190499],[2.699022,8.331159],[2.741262,8.804037],[2.792078,9.050104],[3.091111,9.128205],[3.16145,9.497358],[3.337658,9.677894],[3.352287,9.827444],[3.603911,9.974257],[3.674698,10.160108],[3.576801,10.271529],[3.612657,10.420393],[3.804171,10.441259],[3.837971,10.668683],[3.759725,10.979478],[3.497896,11.404556],[3.525008,11.5749],[3.680954,11.754747],[3.619786,11.920285],[3.674198,11.972],[3.653454,12.522698],[3.929633,12.738385],[4.105142,12.993995],[4.141754,13.472478],[4.541428,13.701574],[4.873818,13.781003],[5.229287,13.739783],[5.52983,13.885645],[6.427932,13.600376],[6.942091,13.003533],[7.121574,13.020471],[7.209059,13.115269],[7.439373,13.11485],[7.832441,13.341558],[8.086255,13.304281],[8.409231,13.067266],[8.950473,12.842782],[9.647797,12.807598],[10.011259,13.182376],[10.656115,13.360672],[11.428877,13.380603],[12.105932,13.11498],[12.437106,13.072544],[12.850764,13.481933],[13.185282,13.524086],[13.33689,13.719793],[13.633381,13.70816],[14.057594,13.119185],[14.198381,12.386948],[14.456983,12.357761],[14.676477,12.158328],[14.575586,11.741013],[14.650939,11.608326],[14.616704,11.509234],[14.186529,11.241142],[13.974154,11.308882],[13.717817,10.96464],[13.54722,10.612438],[13.470733,10.182943],[13.264806,10.038541],[13.225305,9.598102],[12.84729,9.371875],[12.916231,9.25131],[12.790397,8.770738],[12.597551,8.621626],[12.454881,8.621698],[12.446462,8.516146],[12.249745,8.406211],[12.209557,7.979411],[11.871349,7.347213],[11.877297,7.113538],[11.622585,6.955164],[11.523233,6.635856],[11.34467,6.501618],[11.119239,6.516904],[11.072512,6.705629],[10.927515,6.703312],[10.808191,6.951931],[10.600464,7.130026],[10.488943,6.899941],[10.260544,6.894219],[10.173318,7.015912],[10.089474,6.98232],[9.767,6.762551],[9.708422,6.519724],[9.471924,6.454169],[8.860504,5.845031],[8.921128,5.574365],[8.812042,5.170474],[8.651913,4.946359]]]}},{"type":"Feature","properties":{"tzid":"Africa/Libreville"},"geometry":{"type":"Polygon","coordinates":[[[12.750987,-1.899374],[12.623849,-1.830783],[12.47441,-1.896501],[12.512205,-2.43915],[12.029285,-2.465157],[11.931432,-2.364703],[11.757399,-2.524429],[11.557897,-2.378127],[11.600801,-2.66378],[11.544925,-2.854095],[11.646944,-2.820556],[11.783889,-2.985556],[11.722222,-3.184167],[11.958056,-3.291389],[11.838889,-3.5625],[11.921111,-3.623889],[11.861944,-3.709444],[11.694722,-3.696389],[11.568056,-3.523333],[11.470764,-3.527886],[11.216974,-3.715593],[11.043616,-4.126909],[10.984281,-4.086976],[10.284245,-3.24726],[9.473275,-2.533659],[9.086743,-1.957665],[9.04745,-1.719474],[8.51491,-0.747514],[8.539267,-0.518678],[9.103149,0.366974],[9.149294,0.753447],[9.713545,1.068874],[9.935249,0.930143],[10.133584,0.999988],[11.306283,0.999976],[11.399818,1.832775],[11.32607,2.073062],[11.419226,2.294849],[13.246465,2.274354],[13.296398,2.089923],[13.157488,1.897371],[13.137851,1.570158],[13.249772,1.349294],[13.1616,1.245863],[13.524025,1.274427],[13.822228,1.428761],[14.197406,1.382402],[14.283903,1.331463],[14.36067,0.991554],[14.477346,0.866756],[14.373603,0.64814],[14.273122,0.542504],[14.08433,0.524829],[13.901077,0.244562],[13.943006,0.014964],[13.856744,-0.162368],[14.150107,-0.296271],[14.180771,-0.443637],[14.412283,-0.471318],[14.498797,-0.591462],[14.420811,-1.020396],[14.519657,-1.416234],[14.415158,-1.606377],[14.433226,-1.879522],[14.266066,-1.975261],[14.17288,-2.219165],[14.258904,-2.338644],[14.075156,-2.496841],[13.889561,-2.479469],[13.934275,-2.356476],[13.773877,-2.112068],[13.50533,-2.407378],[13.019484,-2.349435],[12.847042,-1.956922],[12.750987,-1.899374]]]}},{"type":"Feature","properties":{"tzid":"Africa/Lome"},"geometry":{"type":"Polygon","coordinates":[[[-0.017897,11.114304],[-0.135709,11.138551],[0.509984,10.960658],[0.912209,10.996171],[0.778611,10.401389],[1.356389,9.960833],[1.339722,9.545833],[1.625853,9.010473],[1.642222,7.008611],[1.57624,6.942859],[1.622387,6.603152],[1.795763,6.312607],[1.664718,6.253152],[1.673024,6.03987],[1.300665,5.932826],[1.19943,6.167864],[1.089184,6.169123],[0.749224,6.448189],[0.541493,6.86693],[0.656856,7.311804],[0.521753,7.549032],[0.62231,7.70409],[0.589457,8.199433],[0.727549,8.336177],[0.382669,8.739538],[0.522088,8.887122],[0.463901,9.078582],[0.567003,9.405926],[0.454662,9.497941],[0.236696,9.454725],[0.272583,9.569465],[0.377523,9.582755],[0.325093,9.772059],[0.411336,10.021725],[0.387238,10.302493],[-0.059247,10.632333],[-0.017897,11.114304]]]}},{"type":"Feature","properties":{"tzid":"Africa/Luanda"},"geometry":{"type":"MultiPolygon","coordinates":[[[[12.01824,-5.042789],[12.187731,-4.823891],[12.332266,-4.788318],[12.414141,-4.603914],[12.747686,-4.495395],[12.762085,-4.345801],[13.102808,-4.658653],[12.874028,-4.747048],[12.725325,-4.940775],[12.485227,-5.067019],[12.528415,-5.742117],[12.233779,-5.752194],[12.039074,-5.889632],[11.944926,-5.65938],[11.979249,-5.398976],[11.849328,-5.151557],[12.01824,-5.042789]]],[[[12.96723,-9.442162],[12.794882,-9.011418],[13.136216,-8.580024],[13.15482,-8.405058],[12.658706,-7.318496],[12.629668,-7.060215],[12.093009,-6.229892],[12.114648,-5.990189],[12.444385,-6.078219],[13.033506,-5.865304],[13.998469,-5.829814],[14.595772,-5.904712],[16.50443,-5.85046],[16.730412,-6.165722],[16.762068,-6.701072],[16.967365,-7.058155],[16.960745,-7.251644],[17.147555,-7.415793],[17.589102,-8.127429],[18.103912,-8.096986],[18.186961,-7.99656],[18.378969,-8.020953],[18.585281,-7.916666],[19.366111,-7.999999],[19.382625,-7.572717],[19.473334,-7.571971],[19.5343,-7.435799],[19.549565,-7.00852],[20.291658,-7.000082],[20.405378,-6.916672],[20.622347,-6.916688],[20.55795,-7.262635],[21.789226,-7.283333],[21.858335,-7.469475],[21.765552,-7.960435],[21.943914,-8.465888],[21.793152,-9.403392],[21.874182,-9.639592],[22.189744,-9.944324],[22.32203,-10.373043],[22.326677,-10.761817],[22.169249,-10.876406],[22.249898,-11.26414],[22.556391,-11.031114],[22.745569,-11.110822],[23.19018,-11.108563],[23.483949,-10.938488],[23.84245,-11.024085],[23.995247,-10.892852],[24.021803,-10.988871],[24.087636,-11.404815],[23.96783,-11.653027],[23.980392,-12.13644],[24.075353,-12.372221],[23.955843,-12.522821],[23.897346,-12.812203],[24.056166,-12.998717],[22.003722,-13.000139],[22.000429,-16.193854],[22.195958,-16.547794],[23.2312,-17.541956],[23.425977,-17.614553],[21.447664,-18.021942],[21.215556,-17.930306],[20.834511,-18.038475],[20.319955,-17.862374],[20.027787,-17.905667],[18.89048,-17.81166],[18.362242,-17.389651],[13.96579,-17.432566],[13.470027,-17.021349],[13.128005,-16.967536],[12.598819,-17.233248],[12.280392,-17.240549],[12.057442,-17.155951],[11.78116,-17.265165],[11.542102,-17.25],[11.569979,-16.867258],[11.460979,-16.554324],[11.589178,-16.204559],[11.523669,-15.873831],[11.622922,-15.648914],[11.815186,-15.508863],[11.855282,-15.183512],[12.132952,-14.42235],[12.162039,-14.009641],[12.325146,-13.691669],[12.338147,-13.350934],[12.743839,-12.925805],[12.791745,-12.697368],[13.45764,-12.156434],[13.579654,-11.809304],[13.652843,-11.023996],[13.115829,-10.032258],[12.96723,-9.442162]]]]}},{"type":"Feature","properties":{"tzid":"Africa/Lubumbashi"},"geometry":{"type":"Polygon","coordinates":[[[26.974674,5.161565],[27.116838,5.206467],[27.441623,5.06863],[27.509037,4.933369],[27.749934,4.796586],[27.797731,4.606231],[28.03473,4.55029],[28.062129,4.454129],[28.404515,4.286383],[28.787787,4.563696],[29.25209,4.35385],[29.427097,4.49831],[29.484783,4.689245],[29.804875,4.564769],[29.811998,4.362397],[29.957372,4.301918],[30.217375,3.933572],[30.543243,3.841234],[30.603884,3.610671],[30.774811,3.68316],[30.942993,3.480405],[30.789323,3.063297],[30.884506,2.839701],[30.751428,2.420076],[30.923489,2.339298],[30.993737,2.402947],[31.305676,2.156907],[30.549684,1.266134],[30.292535,1.173364],[30.175605,0.91426],[29.991529,0.846391],[29.961919,0.50012],[29.728605,0.078733],[29.583053,-0.904707],[29.594385,-1.374436],[29.268322,-1.62941],[29.135464,-1.86291],[29.129417,-2.227603],[28.867644,-2.425028],[28.896714,-2.659373],[29.028496,-2.729433],[29.026371,-2.825051],[29.256372,-3.082772],[29.230958,-3.883697],[29.382293,-4.116871],[29.435926,-4.44556],[29.336084,-4.651793],[29.346806,-4.921411],[29.630833,-5.715833],[29.495833,-5.991389],[29.5525,-6.300833],[29.726111,-6.62],[30.074722,-6.854167],[30.311389,-7.136944],[30.784538,-8.242574],[29.007347,-8.455542],[28.820803,-8.898814],[28.371667,-9.267222],[28.505278,-9.346667],[28.687808,-9.79306],[28.578964,-10.234095],[28.69229,-10.654079],[28.513116,-10.964603],[28.385629,-11.561607],[28.439329,-11.804243],[28.763991,-12.015141],[29.040412,-12.383477],[29.483336,-12.457631],[29.498092,-12.238035],[29.809078,-12.152209],[29.814759,-13.444499],[29.622044,-13.410807],[29.680909,-13.257749],[29.591373,-13.211699],[29.19945,-13.424464],[29.019687,-13.416615],[28.768909,-12.939313],[28.663979,-12.829077],[28.542053,-12.865828],[28.468702,-12.73996],[28.52426,-12.615106],[28.429061,-12.509396],[28.306978,-12.41782],[28.130747,-12.434961],[27.885615,-12.237947],[27.651221,-12.286236],[27.515346,-12.138985],[27.476241,-11.956614],[27.229986,-11.773279],[27.208389,-11.572012],[27.016087,-11.617889],[27.000357,-11.851443],[26.848213,-11.986727],[26.431457,-11.910672],[25.986376,-11.946519],[25.868601,-11.807153],[25.609216,-11.734355],[25.52121,-11.783139],[25.339167,-11.633856],[25.306335,-11.191195],[24.867268,-11.269744],[24.461898,-11.464294],[24.279586,-11.388312],[24.409013,-11.241626],[24.37989,-11.09353],[24.14992,-11.041468],[24.040052,-10.888324],[23.884549,-11.014847],[23.462574,-10.94364],[23.167263,-11.098274],[22.868252,-11.062754],[22.773269,-11.118398],[22.530873,-11.040751],[22.268678,-11.264039],[22.181093,-10.887662],[22.32058,-10.764641],[22.322567,-10.375196],[22.167894,-9.903092],[21.874525,-9.650085],[21.792777,-9.419861],[21.947862,-8.490231],[21.759179,-7.92359],[21.827205,-7.338281],[20.553021,-7.283333],[20.621996,-6.941659],[20.333055,-6.916667],[20.20935,-6.999355],[19.980289,-7.000046],[19.698775,-6.531244],[19.685925,-6.175565],[19.990747,-5.97509],[20.178113,-5.663516],[20.129775,-5.409822],[20.199126,-5.222491],[20.047551,-4.74136],[20.122448,-4.505775],[20.042552,-4.324638],[20.127296,-4.277171],[20.340242,-4.370289],[20.6775,-4.10806],[20.656429,-3.285256],[20.741882,-2.781554],[20.862217,-2.568229],[21.264504,-2.481166],[21.669774,-2.658273],[22.128901,-2.2825],[22.264401,-2.46472],[22.16441,-1.93005],[22.2131,-1.90611],[22.4839,-1.95667],[22.656401,-1.81],[23.394266,-2.090239],[23.521761,-1.996129],[23.849276,-1.943854],[23.839135,-1.830967],[23.95351,-1.851641],[24.006027,-1.763762],[24.4086,-1.68417],[24.317713,-1.34569],[24.133886,-1.317247],[24.130164,-1.254732],[23.5619,-0.990226],[23.489591,-0.733693],[23.60119,-0.708676],[23.688564,-0.574559],[23.56627,-0.453264],[23.288973,-0.512678],[23.201775,-0.405509],[22.965742,-0.405974],[23.106779,-0.240462],[23.413102,-0.2406],[23.3967,-0.185],[22.9853,0.38944],[22.979413,0.601056],[22.643434,1.365834],[22.281179,1.519737],[22.289445,1.672559],[22.483251,1.947767],[22.3612,2.171983],[22.813713,2.028315],[23.04548,2.211861],[23.224255,2.085449],[23.32188,2.105572],[23.315637,2.277842],[23.498833,2.184225],[23.566262,2.321831],[23.451921,2.511081],[23.360564,2.566399],[23.308094,2.476692],[23.06458,2.563602],[22.887023,2.73862],[23.064949,3.033323],[22.811548,3.024902],[22.749896,3.123408],[22.595296,3.153886],[22.656401,3.43806],[22.985114,3.576765],[23.231609,3.784493],[23.385698,3.673368],[23.527737,3.81756],[22.81397,3.85592],[22.811735,4.018775],[22.635334,4.12457],[22.457411,4.124257],[22.61159,4.380866],[22.596165,4.479978],[22.691732,4.470779],[22.777818,4.706687],[22.977036,4.834234],[23.07769,4.719582],[23.428918,4.598774],[23.589275,4.760009],[24.275225,4.948542],[24.386584,5.026446],[24.366929,5.100138],[24.513528,5.083624],[24.723396,4.894933],[24.945562,4.985545],[25.037652,4.945806],[25.321688,5.040271],[25.345347,5.276059],[25.569556,5.381723],[25.818662,5.201455],[26.057346,5.196744],[26.128278,5.267295],[26.500132,5.055746],[26.74508,5.105373],[26.879793,5.04416],[26.974674,5.161565]]]}},{"type":"Feature","properties":{"tzid":"Africa/Lusaka"},"geometry":{"type":"Polygon","coordinates":[[[25.495523,-11.725308],[25.488347,-11.775191],[25.633444,-11.734131],[25.852947,-11.809986],[25.981352,-11.941145],[26.431457,-11.910672],[26.707387,-12.006182],[26.933188,-11.939156],[27.016087,-11.617889],[27.203103,-11.565395],[27.229743,-11.767136],[27.47586,-11.9517],[27.515346,-12.138985],[27.649757,-12.285898],[27.885615,-12.237947],[27.948592,-12.353484],[28.427559,-12.508307],[28.523584,-12.613416],[28.464514,-12.73922],[28.542053,-12.865828],[28.635412,-12.817102],[28.820666,-12.993518],[28.996653,-13.37954],[29.221875,-13.410416],[29.570228,-13.211144],[29.667411,-13.228274],[29.618371,-13.407731],[29.810657,-13.445173],[29.813449,-12.150346],[29.505684,-12.232629],[29.511376,-12.441717],[29.031888,-12.371949],[28.764599,-11.995332],[28.449775,-11.834353],[28.386087,-11.587304],[28.549417,-10.84713],[28.687049,-10.636521],[28.594521,-10.242608],[28.696679,-9.801607],[28.510278,-9.348611],[28.371111,-9.273333],[28.820803,-8.898814],[29.00234,-8.460147],[29.541316,-8.383403],[30.764182,-8.279424],[31.059211,-8.608216],[31.362648,-8.591028],[31.57446,-8.721958],[31.571508,-8.821477],[31.685654,-8.916077],[31.950503,-8.935623],[31.97978,-9.066735],[32.461368,-9.131683],[32.53229,-9.244049],[32.959388,-9.399893],[33.087071,-9.670879],[33.215277,-9.618649],[33.370298,-9.861655],[33.321061,-10.052788],[33.561122,-10.2328],[33.572631,-10.431641],[33.708847,-10.568005],[33.459652,-10.819083],[33.265262,-10.867102],[33.391855,-11.145439],[33.244337,-11.414969],[33.331127,-11.81477],[33.272715,-12.158048],[33.368161,-12.331164],[33.513977,-12.39118],[33.383932,-12.544979],[33.045516,-12.623651],[32.952525,-12.761533],[33.004055,-13.186095],[32.84715,-13.510983],[32.679069,-13.612863],[32.845665,-13.72224],[32.801779,-13.796675],[33.028384,-14.039828],[33.149789,-13.940063],[33.23612,-13.998544],[30.246208,-14.990308],[30.212896,-15.0899],[30.372757,-15.363583],[30.409449,-15.615259],[29.566386,-15.647186],[28.914865,-15.966174],[28.845647,-16.04916],[28.814097,-16.48648],[27.81995,-16.984145],[27.558879,-17.410305],[27.265913,-17.645531],[27.045539,-17.95348],[26.656368,-18.060412],[26.227927,-17.900485],[25.905322,-17.983917],[25.682085,-17.809125],[25.379105,-17.85231],[25.101606,-17.709185],[24.98004,-17.553996],[24.727214,-17.499875],[24.149706,-17.494296],[23.425383,-17.628618],[23.124664,-17.446404],[22.121007,-16.489896],[22.000419,-16.135291],[22.003722,-13.000139],[24.056335,-13.000139],[23.897746,-12.812971],[23.956542,-12.521144],[24.075917,-12.370464],[23.994872,-12.183091],[23.965247,-11.665552],[24.0788,-11.410575],[24.031173,-10.888861],[24.127934,-10.920206],[24.143804,-11.019918],[24.379683,-11.092737],[24.409013,-11.241626],[24.281883,-11.383194],[24.457769,-11.461793],[24.759159,-11.303798],[25.351177,-11.195857],[25.310049,-11.536726],[25.495523,-11.725308]]]}},{"type":"Feature","properties":{"tzid":"Africa/Malabo"},"geometry":{"type":"MultiPolygon","coordinates":[[[[5.634049,-1.67322],[5.476785,-1.597],[5.417535,-1.404],[5.477621,-1.267],[5.628692,-1.202],[5.800576,-1.265434],[5.856045,-1.430504],[5.788785,-1.60965],[5.634049,-1.67322]]],[[[9.086083,3.506],[8.911077,3.181],[8.718007,3.014],[8.349191,3.099],[8.230465,3.271],[8.2603,3.529],[8.658915,3.982],[8.983255,3.905936],[9.125295,3.770907],[9.086083,3.506]]],[[[9.986807,2.177399],[11.334491,2.17232],[11.405869,1.850393],[11.333341,1.659583],[11.333325,1.000025],[9.995572,0.999922],[9.947432,0.924469],[9.674473,1.067558],[9.149294,0.753447],[9.145669,1.215572],[9.570425,1.945936],[9.579678,2.357203],[9.817757,2.350202],[9.986807,2.177399]]]]}},{"type":"Feature","properties":{"tzid":"Africa/Maputo"},"geometry":{"type":"Polygon","coordinates":[[[35.86806,-11.431154],[36.19008,-11.574214],[36.227379,-11.704999],[36.473235,-11.680145],[36.505763,-11.750143],[36.845421,-11.585238],[37.418949,-11.680105],[37.771542,-11.523922],[37.906559,-11.271426],[38.203973,-11.271419],[38.458575,-11.414151],[38.886469,-11.171463],[39.239899,-11.175456],[40.007016,-10.800044],[40.647163,-10.325215],[40.824326,-10.58972],[40.930448,-10.97293],[40.763429,-13.215463],[40.79181,-13.82383],[41.049928,-14.419009],[41.005906,-15.049174],[40.225759,-16.461495],[39.866566,-16.806033],[38.984936,-17.423067],[38.038175,-17.543286],[37.40198,-17.874579],[36.713172,-18.622012],[36.468003,-18.998933],[35.907711,-19.203748],[35.470545,-19.675696],[34.988066,-20.027675],[34.919442,-20.385223],[35.129148,-20.539732],[35.31784,-20.837517],[35.325058,-21.309672],[35.596787,-21.34484],[35.704873,-21.499803],[35.624736,-21.916616],[35.753738,-22.080728],[35.729958,-22.761336],[35.819929,-22.916818],[35.640749,-23.541808],[35.771436,-23.842013],[35.713305,-24.150157],[35.213569,-24.78631],[33.491916,-25.435277],[33.183211,-26.088667],[33.117238,-26.880804],[32.18633,-26.86299],[32.077691,-26.007164],[31.982904,-25.964122],[31.93764,-25.81865],[32.033716,-25.132539],[31.985346,-24.305224],[31.554859,-23.439044],[31.5636,-23.19823],[31.315955,-22.449684],[32.457637,-21.311275],[32.379686,-21.113903],[32.508911,-20.938416],[32.502938,-20.628811],[32.668133,-20.556175],[32.871908,-20.27756],[32.868004,-20.126906],[33.017824,-20.034319],[33.047897,-19.811064],[32.986421,-19.681773],[32.832627,-19.67107],[32.780959,-19.431425],[32.87753,-19.1128],[32.83346,-19.01639],[32.713745,-19.025069],[32.698944,-18.938757],[32.7041,-18.84436],[32.939265,-18.757096],[32.876046,-18.522595],[33.021877,-18.471102],[33.05264,-18.328149],[32.947572,-18.051977],[33.046813,-17.606773],[32.964566,-17.485588],[33.035541,-17.358207],[32.832742,-16.923039],[32.990834,-16.697412],[32.72486,-16.69163],[32.676686,-16.583023],[32.34819,-16.45197],[31.949438,-16.417808],[31.787029,-16.250485],[31.43973,-16.156249],[31.287496,-16.012692],[30.424071,-16.000008],[30.382756,-15.386817],[30.226791,-15.016662],[33.241083,-13.998769],[33.674921,-14.616629],[33.709728,-14.527791],[34.389276,-14.395385],[34.551564,-14.646376],[34.599791,-15.262995],[34.442593,-15.446274],[34.45121,-15.59131],[34.258721,-15.91907],[34.415585,-16.035766],[34.445355,-16.273289],[34.916057,-16.728802],[35.13197,-16.823702],[35.16694,-16.919618],[35.068296,-17.05783],[35.295468,-17.129122],[35.288895,-16.754801],[35.143452,-16.562337],[35.263056,-16.471338],[35.376835,-16.153567],[35.816429,-16.014638],[35.799068,-15.204509],[35.918573,-14.89535],[35.872098,-14.675621],[35.089576,-13.699308],[34.866898,-13.48311],[34.607174,-13.48311],[34.535023,-12.736354],[34.378231,-12.171652],[34.616565,-11.781505],[34.637976,-11.581491],[35.509532,-11.582033],[35.86806,-11.431154]],[[34.675812,-12.092392],[34.769274,-12.012724],[34.725832,-12.133899],[34.675812,-12.092392]],[[34.58596,-11.983567],[34.651854,-12.063053],[34.608128,-12.084092],[34.58596,-11.983567]]]}},{"type":"Feature","properties":{"tzid":"Africa/Maseru"},"geometry":{"type":"Polygon","coordinates":[[[28.70541,-28.65925],[29.33752,-29.10646],[29.44264,-29.36011],[29.30206,-29.48556],[29.28523,-29.63223],[29.15898,-29.70393],[29.10336,-29.96108],[28.833489,-30.095933],[28.391783,-30.159242],[28.232729,-30.26847],[28.25476,-30.40971],[28.16512,-30.45549],[28.11807,-30.64081],[27.771107,-30.612085],[27.385238,-30.337654],[27.40602,-30.15707],[27.21887,-30.01003],[27.027281,-29.635757],[27.30183,-29.53249],[27.761091,-28.930956],[28.032202,-28.874015],[28.160238,-28.724709],[28.471994,-28.605279],[28.667764,-28.579964],[28.70541,-28.65925]]]}},{"type":"Feature","properties":{"tzid":"Africa/Mbabane"},"geometry":{"type":"Polygon","coordinates":[[[31.413621,-27.288977],[31.15567,-27.20377],[30.96986,-27.01234],[30.97422,-26.91089],[30.80038,-26.80296],[30.79092,-26.70185],[30.80506,-26.466671],[31.12517,-25.92731],[31.415254,-25.718301],[31.86786,-25.9996],[32.086504,-26.040486],[32.134932,-26.574995],[32.134623,-26.791711],[32.002267,-26.895835],[31.94772,-27.31743],[31.413621,-27.288977]]]}},{"type":"Feature","properties":{"tzid":"Africa/Mogadishu"},"geometry":{"type":"Polygon","coordinates":[[[42.887344,10.1897],[42.719,10.647487],[43.425311,11.711432],[43.617457,11.649549],[43.754058,11.222302],[43.945409,10.962034],[44.389054,10.606929],[44.560147,10.588643],[44.866559,10.611046],[45.767303,11.066182],[46.549802,10.926402],[46.977,11.169422],[47.224661,11.428005],[47.709273,11.30722],[47.969991,11.321079],[48.487677,11.507287],[48.962212,11.449776],[49.369649,11.545986],[49.47899,11.635262],[50.166166,11.768274],[50.323235,11.84692],[50.455197,12.070166],[50.769425,12.188912],[51.37972,12.015319],[51.484648,11.886264],[51.30766,11.338278],[51.383313,11.179093],[51.333529,10.741846],[51.570624,10.573057],[51.598219,10.352481],[51.470755,10.186362],[51.107185,10.170665],[51.018286,9.348973],[50.619097,8.784094],[50.300942,8.092003],[50.028593,7.852044],[49.86664,7.378488],[49.395374,6.661921],[49.0879,5.824007],[48.126116,4.362076],[46.129008,2.26816],[44.693248,1.411164],[43.685327,0.558087],[42.798377,-0.37434],[41.720716,-1.801007],[40.99344,-0.833591],[40.989221,2.810419],[42.068941,4.167742],[42.815503,4.265239],[43.115314,4.626329],[43.809025,4.902107],[44.978011,4.923383],[45.41093,5.536382],[46.511078,6.520331],[47.98238,7.999773],[47.013626,8.000664],[44.006438,8.995525],[43.65981,9.340488],[43.45512,9.427778],[43.256951,9.842897],[43.12916,9.886286],[42.887344,10.1897]]]}},{"type":"Feature","properties":{"tzid":"Africa/Monrovia"},"geometry":{"type":"Polygon","coordinates":[[[-7.52972,4.362373],[-7.52699,4.162242],[-7.758438,4.168065],[-9.159268,4.821972],[-10.375456,5.896008],[-10.91189,6.131467],[-11.042583,6.340549],[-11.556299,6.635449],[-11.608076,6.755],[-11.319577,7.177664],[-10.646028,7.768593],[-10.605165,8.040542],[-10.319348,8.192515],[-10.275403,8.479516],[-10.079035,8.517004],[-10.058529,8.428701],[-9.731086,8.531754],[-9.50806,8.375172],[-9.354743,7.732447],[-9.470342,7.40532],[-9.240769,7.389336],[-9.076527,7.203151],[-8.844707,7.271963],[-8.688027,7.670641],[-8.581785,7.695777],[-8.428084,7.534165],[-8.36629,7.243544],[-8.287111,7.185142],[-8.294634,6.985537],[-8.360568,6.751321],[-8.56885,6.530406],[-8.152704,6.283841],[-7.917605,6.288217],[-7.763165,5.952699],[-7.431253,5.822582],[-7.37525,5.33607],[-7.556727,5.077477],[-7.593637,4.806565],[-7.52972,4.362373]]]}},{"type":"Feature","properties":{"tzid":"Africa/Nairobi"},"geometry":{"type":"Polygon","coordinates":[[[40.989221,2.810419],[40.993376,-0.794801],[41.718166,-1.803197],[41.345545,-2.252429],[40.418741,-3.08574],[40.354511,-3.324238],[39.477932,-4.891904],[37.81128,-3.68916],[37.617732,-3.46591],[37.712127,-3.31126],[37.672747,-3.060856],[34.120518,-1.044577],[33.933361,-1],[33.984251,-0.133743],[33.909838,0.098906],[34.099647,0.347108],[34.148157,0.584564],[34.451552,0.883748],[34.507634,1.076878],[34.815028,1.248421],[34.802878,1.397256],[34.998801,1.747055],[34.936783,2.499903],[34.460447,3.174321],[34.400307,3.390265],[34.463224,3.669496],[34.185795,3.770905],[34.215572,3.880859],[34.101286,3.864527],[33.987762,4.234077],[34.374167,4.596667],[35.933611,4.62],[36.013786,4.475266],[36.844732,4.447253],[38.113897,3.623644],[38.558538,3.622668],[39.513311,3.412463],[39.92585,3.903187],[40.747679,4.261299],[41.200981,3.938106],[41.869722,3.962755],[41.326352,3.161393],[40.989221,2.810419]]]}},{"type":"Feature","properties":{"tzid":"Africa/Ndjamena"},"geometry":{"type":"Polygon","coordinates":[[[14.376797,9.271807],[13.994777,9.624442],[14.205245,9.997426],[14.802421,9.935219],[15.65056,9.982728],[15.157914,10.526927],[15.049398,10.999214],[15.105203,11.081701],[15.066537,11.421583],[15.139847,11.555906],[15.040112,11.90311],[15.086321,11.993348],[14.885531,12.165226],[14.837616,12.614291],[14.547497,12.797489],[14.466666,13.083333],[14.083333,13.083333],[13.633381,13.70816],[13.47883,14.46007],[13.65906,14.52527],[13.79512,14.70882],[13.86951,15.04284],[14.39258,15.73776],[15.50555,16.89787],[15.600833,18.755],[15.750833,19.905278],[15.981944,20.326389],[15.567222,20.785278],[15.602778,20.99],[15.216667,21.487778],[15.006944,22.959444],[16.000011,23.450796],[18.984167,22.090833],[23.974444,19.514722],[23.999444,15.733333],[23.12889,15.717829],[22.954503,15.571731],[23.005143,15.231305],[22.674166,14.858654],[22.720061,14.687052],[22.390915,14.533982],[22.429594,14.304466],[22.576211,14.177018],[22.100846,13.808461],[22.281816,13.345498],[21.928258,13.032892],[21.833574,12.791576],[21.944989,12.615942],[22.232001,12.731936],[22.451378,12.598201],[22.384282,12.458476],[22.484484,12.071184],[22.632543,12.074005],[22.566944,11.614167],[22.790833,11.416944],[22.904722,11.412778],[22.971944,11.2775],[22.877778,10.920556],[22.477222,10.997778],[21.729444,10.643056],[21.715556,10.290556],[21.526944,10.206389],[21.386944,9.986944],[21.2425,9.9525],[20.827315,9.444096],[20.528611,9.281667],[20.449444,9.149167],[19.016978,8.984328],[18.860668,8.858153],[19.121105,8.67574],[18.620995,8.062312],[17.690919,7.978424],[16.856107,7.543667],[16.528953,7.850549],[16.364556,7.668617],[15.83401,7.44556],[15.493433,7.524799],[15.586612,7.740691],[15.451778,7.88529],[15.151558,8.600552],[14.490636,9.058218],[14.349738,9.200022],[14.376797,9.271807]]]}},{"type":"Feature","properties":{"tzid":"Africa/Niamey"},"geometry":{"type":"Polygon","coordinates":[[[10.238563,22.496408],[11.997337,23.517178],[13.558056,23.160833],[14.220278,22.625278],[14.972222,22.988333],[15.009167,22.945556],[15.193611,22.003611],[15.202222,21.504167],[15.622222,20.961667],[15.568611,20.779722],[15.985556,20.364722],[15.746944,19.878056],[15.603611,18.787222],[15.50555,16.89787],[14.35707,15.69366],[13.86951,15.04284],[13.8116,14.72725],[13.70649,14.6633],[13.69602,14.55112],[13.47509,14.45201],[13.62609,13.74604],[13.326722,13.692405],[13.204645,13.536162],[12.870474,13.498544],[12.677139,13.280846],[12.576972,13.27515],[12.472956,13.055227],[12.113247,13.113294],[11.459247,13.380613],[10.675951,13.361576],[10.011259,13.182376],[9.647797,12.807598],[8.960251,12.839428],[8.411596,13.064287],[8.087247,13.303808],[7.835001,13.341424],[7.415964,13.107177],[7.209059,13.115269],[6.96597,13.002492],[6.293085,13.668551],[6.109003,13.668096],[5.556564,13.87542],[5.232587,13.740315],[4.873818,13.781003],[4.465735,13.681421],[4.141396,13.423801],[4.105142,12.993995],[3.929633,12.738385],[3.653454,12.522698],[3.633789,11.713689],[3.306944,11.898333],[2.863032,12.391455],[2.410814,12.253143],[2.464068,11.983836],[2.408012,11.906535],[2.065588,12.34735],[2.261389,12.464444],[2.134444,12.700278],[1.983056,12.725833],[1.871667,12.608889],[0.990749,13.104047],[0.991913,13.374676],[1.193751,13.323946],[1.244444,13.393056],[1.052778,13.455],[0.905278,13.621111],[0.598056,13.712222],[0.465,13.913611],[0.168965,14.522067],[0.23223,14.999829],[0.959904,14.980952],[1.311499,15.278128],[2.999891,15.338678],[3.058524,15.424456],[3.493146,15.357887],[3.703728,15.648148],[3.85621,15.686327],[4.199593,16.441751],[4.214297,17.000021],[4.266669,17.001741],[4.266537,19.10119],[5.811229,19.443969],[7.459686,20.842495],[10.238563,22.496408]]]}},{"type":"Feature","properties":{"tzid":"Africa/Nouakchott"},"geometry":{"type":"Polygon","coordinates":[[[-17.049762,20.770112],[-17.033557,21.053246],[-16.892316,21.33483],[-13.004302,21.336753],[-13.110278,22.877778],[-12.571389,23.291389],[-12.003889,23.453333],[-12.000556,25.966389],[-8.7,26],[-8.668117,27.314942],[-4.833334,25],[-6.57188,25.000072],[-5.609034,16.500149],[-5.34363,16.281869],[-5.5,15.5],[-9.320187,15.501381],[-9.331025,15.702785],[-9.440081,15.611114],[-9.40847,15.464352],[-9.468078,15.435677],[-10.046543,15.364714],[-10.701946,15.439208],[-10.923753,15.135277],[-11.408321,15.630382],[-11.510343,15.640903],[-11.739338,15.455742],[-11.836675,15.16898],[-11.822272,14.88763],[-12.055338,14.720991],[-12.372842,14.8302],[-12.469723,14.993191],[-12.879856,15.237334],[-12.837543,15.270532],[-12.960429,15.46492],[-13.250142,15.650849],[-13.381134,16.058421],[-13.477088,16.129773],[-13.676946,16.094994],[-13.705382,16.179584],[-13.840203,16.110128],[-14.006727,16.348809],[-14.378474,16.636377],[-15.078292,16.6728],[-15.113234,16.580148],[-15.487054,16.576401],[-15.685135,16.478396],[-16.250082,16.525727],[-16.477126,16.065649],[-16.717128,16.06723],[-16.638312,16.685541],[-16.283879,17.576916],[-16.239666,18.133317],[-16.401763,18.895105],[-16.738249,19.299681],[-17.236759,20.662581],[-17.049762,20.770112]]]}},{"type":"Feature","properties":{"tzid":"Africa/Ouagadougou"},"geometry":{"type":"Polygon","coordinates":[[[1.847486,11.449887],[1.600996,11.397978],[1.436,11.471299],[1.343093,11.317246],[1.168863,11.278378],[1.154726,11.179342],[1.059449,11.147742],[1.101216,11.05774],[0.499894,10.931716],[0.42408,11.02438],[-0.275282,11.174856],[-0.63795,10.943345],[-0.823073,11.006345],[-2.8171,11.006853],[-2.933065,10.649647],[-2.868209,10.458273],[-2.774272,10.423993],[-2.842839,10.3514],[-2.756342,10.245797],[-2.758112,9.411514],[-3.190159,9.930475],[-3.263396,9.861764],[-3.608613,9.945922],[-3.890193,9.903916],[-4.247547,9.764741],[-4.292079,9.62159],[-4.382341,9.593795],[-4.508313,9.650713],[-4.512376,9.749918],[-4.684309,9.67885],[-4.825125,9.856925],[-4.970361,9.899938],[-5.110028,10.305982],[-5.393071,10.296719],[-5.504475,10.455154],[-5.407386,10.842892],[-5.48926,11.08151],[-5.332996,11.138299],[-5.207549,11.466277],[-5.287443,11.764279],[-5.372368,11.811471],[-5.068585,11.982801],[-4.630051,12.059607],[-4.427397,12.310954],[-4.378127,12.520184],[-4.467887,12.691835],[-4.276365,12.706608],[-4.21658,12.799155],[-4.220521,12.965078],[-4.34224,13.112371],[-4.259663,13.235029],[-3.977329,13.496641],[-3.96319,13.407634],[-3.438515,13.160838],[-3.447477,13.258641],[-3.234142,13.288968],[-3.247434,13.683881],[-2.874002,13.654096],[-2.838967,14.054385],[-2.473564,14.299451],[-2.103259,14.147003],[-2.029507,14.178963],[-1.9805,14.475666],[-1.678,14.5015],[-1.320375,14.728483],[-1.069027,14.785124],[-0.744824,15.065953],[0.23223,14.999829],[0.170932,14.532472],[0.463889,13.919167],[0.625,13.684722],[0.784722,13.680556],[1.255944,13.384588],[1.195682,13.326713],[0.993015,13.374682],[0.990749,13.104047],[1.866831,12.605481],[1.983056,12.725833],[2.200833,12.630833],[2.263889,12.430556],[2.071477,12.379544],[2.408972,11.902544],[2.307909,11.682907],[2.021875,11.430651],[1.847486,11.449887]]]}},{"type":"Feature","properties":{"tzid":"Africa/Porto-Novo"},"geometry":{"type":"Polygon","coordinates":[[[1.847486,11.449887],[1.991667,11.419844],[2.291006,11.665088],[2.460715,11.997476],[2.380788,12.230894],[2.883895,12.376751],[3.312222,11.89],[3.467555,11.86198],[3.591667,11.704167],[3.476317,11.437879],[3.726441,11.068418],[3.844506,10.602483],[3.795018,10.417051],[3.632878,10.431313],[3.580752,10.283057],[3.674698,10.160108],[3.603911,9.974257],[3.352287,9.827444],[3.340364,9.680975],[3.133084,9.441064],[3.090507,9.120015],[2.786954,9.020482],[2.679464,7.9068],[2.794655,7.478433],[2.717498,6.965617],[2.781127,6.727162],[2.705985,6.421293],[2.737949,6.177783],[1.673024,6.03987],[1.628805,6.235136],[1.796603,6.321814],[1.613105,6.611363],[1.570811,6.955407],[1.6425,7.042778],[1.608889,9.088611],[1.352222,9.517222],[1.325,10.014444],[0.778611,10.401389],[0.92156,11.01747],[0.985158,11.091628],[1.074054,11.055855],[1.1395,11.270466],[1.308936,11.296869],[1.473901,11.470292],[1.640011,11.403664],[1.847486,11.449887]]]}},{"type":"Feature","properties":{"tzid":"Africa/Sao_Tome"},"geometry":{"type":"Polygon","coordinates":[[[7.5,1.891175],[7.645062,1.783255],[7.669596,1.665955],[7.5,1.210498],[6.782916,-0.08446],[6.604299,-0.195914],[6.416228,-0.18616],[6.266394,0.154061],[6.312123,0.403825],[7.210754,1.832531],[7.346676,1.923008],[7.5,1.891175]]]}},{"type":"Feature","properties":{"tzid":"Africa/Tripoli"},"geometry":{"type":"Polygon","coordinates":[[[11.664214,33.348824],[12.490888,33.017288],[13.408766,33.097092],[14.327314,32.881139],[14.625226,32.702556],[20.420065,32.700539],[21.562594,33.118944],[22.174869,33.137345],[23.229885,32.806533],[23.500505,32.379408],[23.825679,32.361278],[24.200296,32.208531],[24.839672,32.208268],[25.216172,32.064281],[25.373617,31.732723],[25.116284,31.656223],[24.852061,31.393491],[24.995125,30.746563],[24.89,30.452222],[24.664715,30.171939],[24.824167,29.906389],[24.997222,29.235278],[25.001111,20.023889],[23.999998,19.999991],[23.999988,19.499991],[18.984167,22.090833],[16.000011,23.450796],[14.248333,22.621111],[13.548611,23.165833],[12.027778,23.512222],[11.604258,24.264727],[11.450982,24.214079],[10.923663,24.544424],[10.398763,24.537261],[10.226753,24.646229],[10.037772,24.965634],[10.032093,25.359573],[9.398983,26.195638],[9.507533,26.373587],[9.863299,26.519911],[9.913332,26.646871],[9.925362,26.861947],[9.784082,27.295765],[9.946203,27.85076],[9.836927,28.317749],[9.900441,28.74584],[9.779948,29.424757],[9.391316,30.146357],[9.908036,30.356246],[10.238645,30.742469],[10.294135,31.09126],[10.149361,31.498582],[10.311817,31.703071],[10.546586,31.76045],[10.650899,31.973953],[11.572534,32.437775],[11.599935,32.519177],[11.480094,32.65277],[11.500243,32.890009],[11.664214,33.348824]]]}},{"type":"Feature","properties":{"tzid":"Africa/Tunis"},"geometry":{"type":"Polygon","coordinates":[[[11.664214,33.348824],[11.496768,32.906512],[11.49535,32.629949],[11.595,32.454452],[10.638797,31.957551],[10.526845,31.740835],[10.311817,31.703071],[10.142215,31.452249],[10.265682,31.121813],[10.252035,30.767234],[9.94415,30.383424],[9.559207,30.229061],[9.076399,32.084593],[8.35683,32.502602],[8.322605,32.823472],[8.117099,33.091501],[7.823946,33.20584],[7.521981,33.905076],[7.537366,34.047125],[7.631636,34.172329],[7.771583,34.197747],[7.853951,34.400731],[8.280729,34.657415],[8.253206,34.914429],[8.454494,35.220054],[8.321719,35.301896],[8.384836,35.484448],[8.260289,35.771744],[8.395141,36.394584],[8.167103,36.467227],[8.458256,36.64946],[8.498033,36.779158],[8.643916,36.806921],[8.590491,37.143033],[8.829343,37.264953],[8.673795,37.370425],[8.620359,37.528582],[8.80204,37.720445],[9.125921,37.707796],[9.199693,37.470244],[10.188773,37.552703],[10.367512,37.42166],[11.129766,37.274095],[11.286609,37.158003],[11.385301,36.860307],[11.334016,36.73522],[10.979827,36.312158],[10.714582,36.148147],[10.804986,36.006199],[11.10593,35.998197],[11.252067,35.90874],[11.304376,35.42304],[11.674309,35.149681],[11.877486,34.887351],[11.743606,34.602797],[11.272551,34.44429],[11.159761,34.00668],[11.283817,33.890079],[11.370389,33.484989],[11.664214,33.348824]]]}},{"type":"Feature","properties":{"tzid":"Africa/Windhoek"},"geometry":{"type":"Polygon","coordinates":[[[24.975053,-17.553599],[25.248352,-17.78291],[24.822331,-17.851428],[24.558409,-18.066754],[24.410008,-17.952706],[24.19767,-18.021415],[23.628257,-18.494598],[23.315971,-18.03691],[23.098367,-18.000819],[21.476787,-18.313178],[21.04042,-18.317585],[20.998955,-18.384562],[20.998684,-22.000292],[19.999079,-21.999768],[19.999154,-28.427724],[19.58764,-28.52768],[19.43927,-28.71967],[19.25542,-28.76942],[19.28671,-28.90604],[19.15427,-28.96201],[18.74583,-28.83338],[18.20931,-28.90356],[17.41437,-28.679],[17.43266,-28.58057],[17.33724,-28.48523],[17.409241,-28.369721],[17.370428,-28.279014],[17.19662,-28.22881],[17.081949,-28.033091],[16.88892,-28.08506],[16.757745,-28.305618],[16.77603,-28.44294],[16.46791,-28.57322],[16.333521,-28.800418],[16.178098,-28.702117],[15.54752,-28.131782],[15.344689,-27.839823],[15.093646,-27.411833],[14.876263,-26.789488],[14.872834,-26.569676],[14.731852,-26.378828],[14.611348,-25.786247],[14.63307,-25.090654],[14.56154,-24.838001],[14.36645,-24.773061],[14.310836,-24.63945],[14.364317,-24.4319],[14.236727,-24.05863],[14.287267,-23.64034],[14.19011,-23.055982],[14.305309,-22.681519],[14.203641,-22.385731],[13.759762,-21.866065],[13.235535,-20.98448],[13.001696,-20.321929],[12.411199,-19.233594],[11.828164,-18.553969],[11.604553,-18.039689],[11.541535,-17.255944],[11.794818,-17.273769],[12.064131,-17.154],[12.522209,-17.248096],[13.149425,-16.966481],[13.438355,-17.007586],[13.508645,-17.12859],[13.975393,-17.428226],[18.421455,-17.389601],[18.656362,-17.660842],[18.91869,-17.820434],[19.671643,-17.849205],[19.753255,-17.910952],[20.346562,-17.876752],[20.809425,-18.037392],[21.139059,-17.935691],[21.433195,-18.024702],[24.235159,-17.477145],[24.975053,-17.553599]]]}},{"type":"Feature","properties":{"tzid":"America/Adak"},"geometry":{"type":"MultiPolygon","coordinates":[[[[-169.348696,53.082875],[-169.546534,52.598433],[-170.2691,52.526494],[-171.20634,52.247842],[-171.512177,52.292856],[-171.638578,52.444893],[-171.601312,52.59438],[-171.333722,52.756159],[-170.726884,52.899305],[-170.471773,52.878793],[-170.313726,53.071189],[-169.905008,53.266001],[-169.598905,53.256001],[-169.348696,53.082875]]],[[[-175.945474,52.300803],[-175.154325,52.42696],[-174.858769,52.3381],[-174.468006,52.579831],[-174.163342,52.620629],[-173.809717,52.521175],[-173.675765,52.367163],[-173.322129,52.312358],[-172.95863,52.310796],[-172.792012,52.505587],[-172.442044,52.593649],[-172.088773,52.502901],[-171.97268,52.342436],[-172.125318,52.155967],[-172.57609,52.048429],[-173.082911,51.81233],[-174.167783,51.89196],[-174.475483,51.808004],[-175.250667,51.806715],[-176.722122,51.415482],[-176.990044,51.392945],[-177.387917,51.490938],[-177.953536,51.396248],[-178.18281,51.280248],[-178.548754,51.32516],[-179.07326,51.01135],[-179.287826,51.030292],[-179.444421,51.151308],[-179.363273,51.670942],[-178.987627,52.010439],[-178.531052,51.960043],[-178.211026,52.113397],[-177.697156,52.057833],[-175.945474,52.300803]]],[[[179.689232,52.241554],[179.989435,52.143458],[180,51.794089],[179.596644,51.687329],[179.214336,51.842604],[179.170513,51.98666],[179.238751,52.121432],[179.689232,52.241554]]],[[[177.939095,52.219337],[178.201806,52.249606],[178.756287,52.131473],[178.906086,51.993743],[178.871697,51.847614],[179.703068,51.51533],[179.790301,51.301476],[179.570553,51.173435],[179.137496,51.156592],[178.001126,51.668652],[177.754035,51.737898],[177.253485,51.613801],[176.873112,51.85262],[177.184363,52.287221],[177.648007,52.33315],[177.939095,52.219337]]],[[[175.516287,52.405651],[175.606014,52.526947],[175.862089,52.588838],[176.168912,52.521487],[176.304271,52.374681],[176.150425,52.179603],[175.893296,52.132914],[175.645131,52.208052],[175.516287,52.405651]]],[[[172.407187,52.705986],[172.12988,52.838735],[172.144864,53.026026],[172.475539,53.180963],[172.789368,53.210706],[173.256946,53.175269],[173.727141,52.958962],[174.644966,52.82148],[174.784361,52.756275],[174.851004,52.622285],[174.61337,52.441176],[174.116206,52.503372],[173.979473,52.231617],[173.630417,52.147567],[173.073898,52.293162],[173.027346,52.431907],[173.118442,52.554601],[172.808743,52.551359],[172.407187,52.705986]]],[[[-180,51.794089],[-180,52.138489],[-179.883698,51.976489],[-180,51.794089]]]]}},{"type":"Feature","properties":{"tzid":"America/Anchorage"},"geometry":{"type":"MultiPolygon","coordinates":[[[[-146.72989,59.511185],[-146.623147,59.673401],[-146.259312,59.733467],[-146.011836,59.651692],[-145.857877,59.39658],[-146.106904,59.227269],[-146.479592,59.190275],[-146.764094,59.305103],[-146.801198,59.39975],[-146.72989,59.511185]]],[[[-155.775489,55.573831],[-156.102001,55.719114],[-156.152453,55.807863],[-156.086709,55.943755],[-155.65112,56.11246],[-155.247676,55.994776],[-155.197179,55.796354],[-155.274696,55.663815],[-155.509225,55.558566],[-155.775489,55.573831]]],[[[-157.500013,55.970196],[-157.181644,55.932346],[-157.058918,55.734785],[-157.269654,55.591859],[-157.635034,55.622559],[-157.753907,55.824744],[-157.500013,55.970196]]],[[[-161.884795,70.529858],[-161.18668,70.534422],[-160.033017,70.949284],[-159.451187,71.05271],[-158.699825,71.111026],[-158.117594,71.039831],[-157.207133,71.442942],[-156.422302,71.588187],[-154.756322,71.325518],[-153.823891,71.090564],[-152.252416,71.059566],[-151.030891,70.682691],[-149.727157,70.77052],[-148.635646,70.665957],[-147.828542,70.691224],[-144.797331,70.206859],[-143.128477,70.347907],[-140.755677,69.829006],[-141.000608,69.590317],[-141.00198,60.306369],[-141.646155,59.714807],[-142.797857,59.885111],[-144.092308,59.771012],[-144.348434,59.603596],[-144.66576,59.565175],[-144.984238,59.718219],[-144.915858,60.008059],[-145.979038,60.173755],[-146.89866,59.962003],[-147.077779,59.729318],[-147.738849,59.570556],[-148.109972,59.596463],[-148.337818,59.738793],[-148.983936,59.724497],[-149.406382,59.349987],[-149.878528,59.363767],[-150.235214,59.14225],[-151.567532,58.901173],[-151.904715,58.689469],[-151.759691,58.547298],[-151.466734,58.445174],[-151.404949,58.256086],[-151.534881,58.045688],[-151.939066,57.966483],[-151.760048,57.663244],[-151.909989,57.302202],[-153.39134,56.718388],[-153.665448,56.370471],[-154.762198,56.199557],[-155.141847,56.363591],[-155.059933,56.582906],[-154.692881,56.782752],[-154.860295,56.906842],[-154.919661,57.095375],[-155.158723,57.202301],[-155.201329,57.343458],[-154.913726,57.637998],[-154.478882,57.827027],[-154.684492,57.80372],[-155.125298,57.527261],[-155.910895,57.241403],[-155.92938,57.089214],[-156.225876,56.80033],[-156.599284,56.612797],[-156.668155,56.426661],[-156.433814,56.308916],[-156.272391,56.048819],[-156.423936,55.851847],[-156.735678,55.782329],[-156.996155,55.841841],[-157.171778,56.143234],[-157.131318,56.295322],[-157.338325,56.313919],[-157.450001,56.142991],[-158.089031,55.925451],[-158.478724,55.675233],[-159.249365,55.529386],[-159.260319,55.433417],[-158.852447,54.929073],[-159.042604,54.706361],[-159.378808,54.574389],[-159.68874,54.56397],[-160.353466,54.678216],[-160.636938,54.88867],[-161.106384,54.955439],[-161.405218,54.627613],[-161.987489,54.421665],[-162,56.065029],[-160.794681,56.229357],[-160.402671,56.541566],[-159.0251,57.071492],[-158.681012,57.38433],[-158.174173,57.629183],[-158.032715,57.839389],[-157.968604,58.137966],[-158.196911,58.382529],[-158.738333,58.204824],[-159.208075,58.209639],[-159.397785,58.300687],[-159.594554,58.538478],[-159.915791,58.393878],[-160.58627,58.44805],[-160.936307,58.352299],[-161.9723,58.381885],[-162,63.774409],[-161.269326,63.790162],[-161.288961,63.890889],[-161.69438,64.005715],[-161.758358,64.182544],[-162,64.280036],[-162,70.526075],[-161.884795,70.529858]]]]}},{"type":"Feature","properties":{"tzid":"America/Anguilla"},"geometry":{"type":"Polygon","coordinates":[[[-63.209444,18.098056],[-63.360564,18.061545],[-63.483693,18.248146],[-63.455056,18.382478],[-63.624694,18.508174],[-63.537589,18.762452],[-63.319245,18.769648],[-63.174967,18.477025],[-62.869485,18.487508],[-62.726974,18.365717],[-62.755937,18.16999],[-63.209444,18.098056]]]}},{"type":"Feature","properties":{"tzid":"America/Antigua"},"geometry":{"type":"Polygon","coordinates":[[[-61.494619,17.433002],[-61.449783,17.039092],[-61.612143,16.838497],[-61.941313,16.773994],[-62.198344,16.887898],[-62.447495,16.755673],[-62.524176,16.82345],[-62.376215,17.299569],[-61.962752,17.919258],[-61.810995,17.942663],[-61.635995,17.837445],[-61.494619,17.433002]]]}},{"type":"Feature","properties":{"tzid":"America/Aruba"},"geometry":{"type":"Polygon","coordinates":[[[-69.735564,12.25783],[-70.191162,12.376],[-70.269019,12.556],[-70.180371,12.782],[-69.983681,12.811],[-69.744352,12.625],[-69.662696,12.442],[-69.735564,12.25783]]]}},{"type":"Feature","properties":{"tzid":"America/Araguaina"},"geometry":{"type":"Polygon","coordinates":[[[-48.22493,-5.235534],[-47.885,-5.26],[-47.827541,-5.386588],[-47.564,-5.463],[-47.483,-5.565],[-47.416064,-6.478623],[-47.531935,-6.985452],[-47.728918,-7.223891],[-47.655103,-7.298646],[-47.509363,-7.287579],[-47.562749,-7.406925],[-47.012647,-8.059898],[-46.597,-7.899],[-46.49,-7.983],[-46.507,-8.27],[-46.795,-8.404],[-46.916,-8.648],[-46.913,-8.822],[-47.068,-9.056],[-46.94,-9.063],[-46.766,-9.401],[-46.573,-9.477],[-46.642,-9.742],[-46.512,-9.797],[-46.367,-10.168],[-46.056547,-10.185005],[-45.960241,-10.364129],[-45.726622,-10.156855],[-45.699265,-10.258567],[-45.870897,-10.503279],[-46.160763,-10.659439],[-46.576715,-11.361587],[-46.452993,-11.512187],[-46.080894,-11.624011],[-46.363977,-11.616949],[-46.371699,-11.88307],[-46.226993,-11.914122],[-46.444514,-12.026409],[-46.332764,-12.457836],[-46.223616,-12.500708],[-46.311804,-12.913551],[-46.127924,-12.91724],[-46.326148,-12.980555],[-46.408462,-12.83784],[-46.432,-12.93],[-46.813935,-13.000763],[-47.282536,-13.265073],[-47.415365,-13.269385],[-47.598556,-13.112562],[-47.656,-13.427],[-48.055,-13.239],[-48.15,-13.307],[-48.208126,-13.172643],[-48.434322,-13.283168],[-48.475,-13.134],[-48.578,-13.314],[-48.604,-13.058],[-48.857,-12.805],[-48.975,-12.957],[-49.121,-12.79],[-49.350607,-13.089991],[-49.337518,-13.24642],[-49.431,-13.241],[-50.307726,-12.817329],[-50.16758,-12.437431],[-50.436649,-12.649704],[-50.494056,-12.840379],[-50.598757,-12.824522],[-50.68918,-12.638684],[-50.621439,-12.441781],[-50.687399,-12.203777],[-50.643968,-11.900233],[-50.715592,-11.759174],[-50.659201,-11.615658],[-50.738458,-11.429608],[-50.611456,-11.042976],[-50.597497,-10.655498],[-50.140861,-9.711648],[-50.04794,-9.308229],[-49.770848,-8.938496],[-49.571,-8.808],[-49.265109,-8.323211],[-49.15,-7.802],[-49.382,-7.566],[-49.183,-7.214],[-49.211165,-6.932487],[-48.682,-6.678],[-48.613134,-6.453741],[-48.386444,-6.380174],[-48.431919,-6.177306],[-48.285547,-6.091527],[-48.299831,-5.784679],[-48.139241,-5.646914],[-48.37347,-5.402751],[-48.611677,-5.418658],[-48.70265,-5.322927],[-48.596435,-5.325021],[-48.519738,-5.192444],[-48.22493,-5.235534]]]}},{"type":"Feature","properties":{"tzid":"America/Argentina/Buenos_Aires"},"geometry":{"type":"MultiPolygon","coordinates":[[[[-58.253373,-34.175238],[-58.243304,-34.176435],[-58.25288,-34.190712],[-58.253373,-34.175238]]],[[[-62.790071,-41.023419],[-62.965836,-40.815286],[-63.370354,-40.703739],[-63.379243,-40.635579],[-63.391299,-34.386455],[-61.717681,-34.385686],[-60.898847,-33.569553],[-60.476161,-33.637554],[-60.260223,-33.261612],[-59.59575,-33.690199],[-59.503202,-33.633586],[-59.447708,-33.724304],[-59.277733,-33.72525],[-59.23014,-33.814234],[-58.663671,-34.031948],[-58.387383,-33.985419],[-58.293339,-34.166664],[-57.939952,-34.443349],[-57.951664,-34.666668],[-57.333336,-34.866652],[-57.000001,-35.18333],[-56.716688,-35.171659],[-55.70503,-35.782483],[-56.467183,-36.331088],[-56.443075,-36.967178],[-56.922768,-37.612157],[-57.270764,-37.930869],[-57.28675,-38.131479],[-57.46116,-38.318065],[-58.186897,-38.652525],[-58.954249,-38.874428],[-61.423317,-39.211921],[-61.835144,-39.604123],[-61.850384,-39.814409],[-61.711071,-40.163041],[-61.736445,-40.599699],[-61.988372,-40.779784],[-62.12542,-41.013139],[-62.60029,-41.230488],[-62.790071,-41.023419]]]]}},{"type":"Feature","properties":{"tzid":"America/Argentina/Catamarca"},"geometry":{"type":"MultiPolygon","coordinates":[[[[-65.136471,-28.648432],[-64.89894,-28.852503],[-64.792162,-29.417428],[-64.824269,-29.565255],[-64.964051,-29.596095],[-64.93793,-29.84751],[-65.158269,-30.047266],[-65.423085,-30.119559],[-65.748386,-29.269873],[-66.099378,-28.944016],[-66.37614,-28.866865],[-66.353235,-28.737788],[-66.496364,-28.621755],[-66.570774,-28.288509],[-67.043382,-28.262242],[-67.155801,-28.383546],[-67.668492,-28.316635],[-67.846359,-28.375508],[-67.922577,-28.134972],[-68.121586,-28.153079],[-68.43401,-28.022326],[-68.538637,-27.713584],[-68.580244,-27.806284],[-69.09521,-27.794759],[-68.839743,-27.160062],[-68.697521,-27.101206],[-68.568026,-27.162335],[-68.291327,-26.942058],[-68.587336,-26.492936],[-68.56753,-26.331731],[-68.381075,-26.17822],[-68.587545,-25.444834],[-68.507223,-25.168567],[-66.559343,-25.298643],[-66.564317,-25.618117],[-66.848424,-25.718913],[-66.839742,-25.979383],[-66.595302,-26.150182],[-66.528858,-26.358011],[-66.382141,-26.416701],[-66.230607,-26.149217],[-66.1023,-26.212],[-66.169367,-26.6071],[-66.043789,-26.600245],[-65.845056,-26.729591],[-65.857117,-26.906694],[-66.140793,-27.261056],[-65.965369,-27.358466],[-65.832953,-27.837748],[-65.758262,-27.765662],[-65.587157,-28.003306],[-65.389725,-27.847575],[-65.170844,-27.946453],[-65.136471,-28.648432]]],[[[-65.30067,-45.999979],[-71.647732,-46.000024],[-71.795874,-45.725094],[-71.746228,-45.541571],[-71.493838,-45.500395],[-71.530749,-45.407471],[-71.325836,-45.28243],[-71.558976,-44.982877],[-72.040944,-44.900189],[-72.064664,-44.768419],[-71.50118,-44.74098],[-71.262871,-44.805384],[-71.211469,-44.626145],[-71.099895,-44.551277],[-71.240931,-44.418383],[-71.81782,-44.376777],[-71.841638,-44.147471],[-71.650598,-43.925135],[-71.751104,-43.791748],[-71.582068,-43.659711],[-71.875155,-43.518062],[-71.924126,-43.406859],[-71.752208,-43.318499],[-71.757287,-43.171865],[-72.142236,-42.900149],[-72.172215,-42.67383],[-72.023703,-42.500742],[-72.172798,-42.186737],[-72.040104,-42.126361],[-71.900502,-42.181274],[-71.759549,-42.129051],[-71.759747,-42.033284],[-71.547951,-41.992058],[-63.397946,-41.992046],[-63.462086,-42.076894],[-63.329002,-42.308924],[-63.311727,-42.614078],[-63.424348,-42.89449],[-64.715887,-43.364538],[-64.992077,-43.676498],[-65.030725,-43.830701],[-64.912496,-43.99944],[-64.944114,-44.209184],[-64.821071,-44.426953],[-65.104972,-44.676399],[-65.220144,-44.918738],[-65.092661,-45.152283],[-65.30067,-45.999979]]]]}},{"type":"Feature","properties":{"tzid":"America/Argentina/Cordoba"},"geometry":{"type":"MultiPolygon","coordinates":[[[[-60.260223,-33.261612],[-60.46828,-33.637609],[-60.895891,-33.566971],[-61.717681,-34.385686],[-63.380567,-34.386563],[-63.385587,-35.002259],[-65.117703,-35.015368],[-65.142609,-33.204074],[-65.005787,-32.993732],[-64.885635,-32.55115],[-64.938018,-32.305996],[-65.173156,-32.321738],[-65.243522,-32.095191],[-65.732578,-31.891321],[-65.770416,-31.743346],[-65.771326,-31.04398],[-65.423085,-30.119559],[-65.158269,-30.047266],[-64.93793,-29.84751],[-64.964051,-29.596095],[-64.824647,-29.574265],[-64.792162,-29.417428],[-64.89894,-28.852503],[-65.169507,-28.620034],[-65.097055,-28.471149],[-65.17828,-27.915991],[-65.038974,-27.879244],[-64.963761,-27.389319],[-64.854573,-27.318417],[-64.672192,-26.80042],[-64.504552,-26.676681],[-64.502526,-26.239168],[-64.268303,-25.700714],[-63.476092,-25.70983],[-62.36998,-24.424078],[-62.341976,-22.477492],[-62.237435,-22.542496],[-61.985056,-23.020478],[-61.473084,-23.421312],[-61.099716,-23.606061],[-60.999585,-23.791443],[-60.279444,-24.038333],[-60.012576,-24.026455],[-59.119877,-24.619895],[-58.47265,-24.862015],[-58.33023,-25.000797],[-58.256119,-24.932359],[-57.77653,-25.156113],[-57.56952,-25.432363],[-57.569921,-25.536888],[-57.825696,-25.754312],[-57.899339,-26.021022],[-58.159751,-26.18269],[-58.246037,-26.748843],[-58.654093,-27.136553],[-58.562679,-27.299037],[-57.914515,-27.265311],[-57.515783,-27.437806],[-56.969657,-27.497901],[-56.858959,-27.601628],[-56.70653,-27.583475],[-56.72086,-27.482143],[-56.567197,-27.436848],[-56.412084,-27.599174],[-56.06276,-27.305998],[-55.746306,-27.445539],[-55.619261,-27.35105],[-55.565436,-27.113802],[-55.463362,-27.109963],[-55.398117,-26.979142],[-55.143685,-26.952867],[-55.128285,-26.853136],[-54.795835,-26.641532],[-54.648351,-26.238214],[-54.67933,-25.995239],[-54.596569,-25.86044],[-54.65117,-25.701591],[-54.554383,-25.587537],[-54.443548,-25.671936],[-54.130872,-25.509882],[-54.10684,-25.610576],[-53.876334,-25.64452],[-53.835995,-25.971956],[-53.638776,-26.248513],[-53.757547,-26.715109],[-53.672085,-26.944206],[-53.831068,-27.149054],[-53.946963,-27.151683],[-54.088891,-27.301126],[-54.164,-27.254],[-54.338654,-27.462229],[-54.433548,-27.423104],[-54.671,-27.558],[-54.794,-27.536],[-54.94893,-27.777369],[-55.04645,-27.773009],[-55.756667,-28.236451],[-55.690298,-28.413012],[-55.886374,-28.377275],[-55.8842,-28.479612],[-55.997143,-28.500178],[-56.001263,-28.588705],[-56.296735,-28.80168],[-56.412241,-29.067273],[-56.581875,-29.118153],[-56.68972,-29.339549],[-57.075425,-29.728133],[-57.303104,-29.843764],[-57.337128,-29.992845],[-57.636162,-30.17599],[-57.637163,-30.327863],[-57.888361,-30.50876],[-57.803203,-30.841258],[-57.910266,-30.91375],[-57.865312,-31.05764],[-57.979848,-31.389459],[-58.069059,-31.44313],[-57.986198,-31.605676],[-58.037179,-31.751905],[-58.201741,-31.86323],[-58.098758,-32.276875],[-58.201425,-32.449131],[-58.084892,-33.003918],[-58.397317,-33.169758],[-58.484838,-33.614548],[-58.389303,-33.988897],[-58.62552,-34.038316],[-59.220997,-33.815109],[-59.256909,-33.723375],[-59.447708,-33.724304],[-59.503202,-33.633586],[-59.591031,-33.688891],[-60.260223,-33.261612]],[[-58.114827,-33.024083],[-58.106373,-32.960374],[-58.089121,-32.997794],[-58.114827,-33.024083]],[[-58.115884,-32.990352],[-58.111533,-33.013733],[-58.128716,-33.025678],[-58.115884,-32.990352]],[[-58.114876,-32.974669],[-58.112896,-32.940084],[-58.116198,-32.990422],[-58.114876,-32.974669]],[[-58.125811,-33.01118],[-58.125344,-33.004621],[-58.124515,-33.00869],[-58.125811,-33.01118]],[[-58.129748,-33.02913],[-58.125484,-33.029446],[-58.132991,-33.034722],[-58.129748,-33.02913]],[[-58.109967,-33.023031],[-58.107899,-33.020503],[-58.106522,-33.020721],[-58.109967,-33.023031]],[[-58.126425,-33.027839],[-58.127204,-33.027748],[-58.1265,-33.027583],[-58.126425,-33.027839]],[[-57.913163,-27.274452],[-57.903035,-27.273722],[-57.864969,-27.291553],[-57.913163,-27.274452]],[[-57.922325,-27.270575],[-57.91416,-27.27152],[-57.915925,-27.274538],[-57.922325,-27.270575]],[[-57.940655,-27.268039],[-57.923795,-27.266236],[-57.926079,-27.268378],[-57.940655,-27.268039]],[[-57.951962,-27.275328],[-57.928356,-27.27374],[-57.943296,-27.281545],[-57.951962,-27.275328]],[[-57.916982,-27.292002],[-57.896597,-27.278948],[-57.893703,-27.286552],[-57.916982,-27.292002]]],[[[-57.23753,-27.455941],[-57.225589,-27.461672],[-57.232777,-27.462836],[-57.23753,-27.455941]]],[[[-56.767902,-27.585385],[-56.765494,-27.586849],[-56.776534,-27.585261],[-56.767902,-27.585385]]],[[[-56.758318,-27.591188],[-56.751995,-27.592577],[-56.764609,-27.592347],[-56.758318,-27.591188]]],[[[-57.414752,-27.413338],[-57.410865,-27.413576],[-57.407912,-27.414948],[-57.414752,-27.413338]]],[[[-57.410463,-27.415133],[-57.407041,-27.415833],[-57.40997,-27.418033],[-57.410463,-27.415133]]],[[[-57.48784,-27.439153],[-57.484118,-27.436118],[-57.479934,-27.437714],[-57.48784,-27.439153]]],[[[-57.54077,-27.428066],[-57.539906,-27.42839],[-57.540679,-27.428418],[-57.54077,-27.428066]]],[[[-57.548194,-27.426347],[-57.541376,-27.427895],[-57.543511,-27.428987],[-57.548194,-27.426347]]],[[[-57.550185,-27.423862],[-57.545963,-27.4254],[-57.547867,-27.425521],[-57.550185,-27.423862]]],[[[-57.564341,-27.410538],[-57.561654,-27.411329],[-57.556236,-27.415576],[-57.564341,-27.410538]]],[[[-57.612199,-27.383517],[-57.608361,-27.380985],[-57.606364,-27.382251],[-57.612199,-27.383517]]],[[[-57.776121,-27.330169],[-57.769098,-27.330169],[-57.784833,-27.332221],[-57.776121,-27.330169]]],[[[-57.818482,-27.320123],[-57.785208,-27.321543],[-57.794773,-27.325215],[-57.818482,-27.320123]]],[[[-58.100041,-27.266305],[-58.087371,-27.259991],[-58.092645,-27.265829],[-58.100041,-27.266305]]],[[[-57.539713,-27.426842],[-57.549519,-27.423319],[-57.552915,-27.419364],[-57.539713,-27.426842]]],[[[-56.861266,-27.593136],[-56.858563,-27.594507],[-56.864279,-27.592695],[-56.861266,-27.593136]]],[[[-56.857955,-27.594348],[-56.864175,-27.59176],[-56.859811,-27.592833],[-56.857955,-27.594348]]],[[[-56.921082,-27.56313],[-56.901759,-27.570569],[-56.909212,-27.572198],[-56.921082,-27.56313]]],[[[-56.826302,-27.593427],[-56.826707,-27.594268],[-56.827566,-27.594644],[-56.826302,-27.593427]]],[[[-56.719462,-27.585523],[-56.718196,-27.582332],[-56.71797,-27.583516],[-56.719462,-27.585523]]],[[[-56.953018,-27.522368],[-56.951191,-27.523191],[-56.950668,-27.523776],[-56.953018,-27.522368]]],[[[-56.775705,-27.587448],[-56.772103,-27.588397],[-56.773758,-27.588295],[-56.775705,-27.587448]]],[[[-56.736105,-27.558877],[-56.736719,-27.558501],[-56.735453,-27.557983],[-56.736105,-27.558877]]],[[[-56.737477,-27.560294],[-56.736714,-27.558879],[-56.736239,-27.559187],[-56.737477,-27.560294]]],[[[-56.740351,-27.561885],[-56.741842,-27.562161],[-56.738103,-27.559293],[-56.740351,-27.561885]]],[[[-56.772927,-27.498327],[-56.76442,-27.502646],[-56.77001,-27.501668],[-56.772927,-27.498327]]],[[[-56.75675,-27.572295],[-56.758056,-27.571244],[-56.754883,-27.570022],[-56.75675,-27.572295]]],[[[-56.75419,-27.570058],[-56.753864,-27.570243],[-56.754472,-27.570532],[-56.75419,-27.570058]]],[[[-57.452624,-27.429424],[-57.44378,-27.427785],[-57.448666,-27.431743],[-57.452624,-27.429424]]],[[[-57.472688,-27.438652],[-57.4516,-27.432289],[-57.451257,-27.436427],[-57.472688,-27.438652]]],[[[-57.477364,-27.438613],[-57.476496,-27.4387],[-57.478717,-27.439426],[-57.477364,-27.438613]]],[[[-57.533448,-27.421224],[-57.57955,-27.396489],[-57.42746,-27.410335],[-57.533448,-27.421224]]],[[[-56.972477,-27.443037],[-56.964666,-27.440029],[-56.966498,-27.442244],[-56.972477,-27.443037]]],[[[-56.736007,-27.542913],[-56.735681,-27.542621],[-56.735932,-27.543985],[-56.736007,-27.542913]]],[[[-56.767888,-27.570179],[-56.762058,-27.566517],[-56.761093,-27.567936],[-56.767888,-27.570179]]],[[[-56.766622,-27.570707],[-56.756477,-27.569119],[-56.775645,-27.575863],[-56.766622,-27.570707]]],[[[-56.766878,-27.575721],[-56.772567,-27.57607],[-56.761334,-27.572035],[-56.766878,-27.575721]]],[[[-56.72175,-27.587],[-56.730488,-27.591941],[-56.716856,-27.579249],[-56.72175,-27.587]]],[[[-56.711368,-27.58176],[-56.707122,-27.575309],[-56.706682,-27.57828],[-56.711368,-27.58176]]],[[[-56.693864,-27.574161],[-56.690653,-27.569692],[-56.690628,-27.571443],[-56.693864,-27.574161]]],[[[-56.70408,-27.563455],[-56.702658,-27.552811],[-56.701276,-27.556913],[-56.70408,-27.563455]]],[[[-56.687506,-27.552965],[-56.707047,-27.580718],[-56.693619,-27.545291],[-56.687506,-27.552965]]],[[[-56.729295,-27.533955],[-56.730027,-27.534312],[-56.72936,-27.533331],[-56.729295,-27.533955]]],[[[-56.730043,-27.534401],[-56.728245,-27.537762],[-56.730822,-27.541535],[-56.730043,-27.534401]]],[[[-56.732664,-27.533507],[-56.726722,-27.520386],[-56.726091,-27.525721],[-56.732664,-27.533507]]],[[[-56.934024,-27.543785],[-56.945108,-27.534849],[-56.939499,-27.535704],[-56.934024,-27.543785]]],[[[-56.94463,-27.535936],[-56.929362,-27.553409],[-56.937629,-27.551003],[-56.94463,-27.535936]]],[[[-56.938328,-27.533604],[-56.945621,-27.531965],[-56.945216,-27.530746],[-56.938328,-27.533604]]],[[[-56.920247,-27.530833],[-56.915783,-27.536123],[-56.929933,-27.530866],[-56.920247,-27.530833]]],[[[-56.91555,-27.536209],[-56.919805,-27.531028],[-56.908501,-27.538249],[-56.91555,-27.536209]]],[[[-56.930981,-27.527448],[-56.928012,-27.528213],[-56.934064,-27.527544],[-56.930981,-27.527448]]],[[[-56.949706,-27.522782],[-56.953857,-27.520879],[-56.957489,-27.515789],[-56.949706,-27.522782]]],[[[-56.949346,-27.522743],[-56.879042,-27.576878],[-56.916357,-27.564401],[-56.949346,-27.522743]]],[[[-56.941322,-27.525481],[-56.947734,-27.522892],[-56.943823,-27.523885],[-56.941322,-27.525481]]],[[[-56.939251,-27.525006],[-56.954479,-27.515596],[-56.94407,-27.519538],[-56.939251,-27.525006]]],[[[-58.359986,-27.274104],[-58.359726,-27.274116],[-58.359818,-27.274224],[-58.359986,-27.274104]]],[[[-56.881682,-27.572998],[-56.881274,-27.573652],[-56.881597,-27.573506],[-56.881682,-27.572998]]],[[[-58.376222,-27.27105],[-58.374702,-27.271504],[-58.379784,-27.272185],[-58.376222,-27.27105]]],[[[-58.374878,-27.27023],[-58.375122,-27.270571],[-58.375932,-27.270393],[-58.374878,-27.27023]]],[[[-56.862502,-27.588417],[-56.866929,-27.588713],[-56.874171,-27.5829],[-56.862502,-27.588417]]],[[[-56.782763,-27.57214],[-56.782787,-27.572291],[-56.782868,-27.572206],[-56.782763,-27.57214]]],[[[-56.783336,-27.571973],[-56.78439,-27.573426],[-56.787858,-27.573712],[-56.783336,-27.571973]]],[[[-58.460324,-27.271045],[-58.457359,-27.272083],[-58.46335,-27.271042],[-58.460324,-27.271045]]],[[[-58.353925,-27.272929],[-58.349719,-27.272199],[-58.358515,-27.274121],[-58.353925,-27.272929]]],[[[-58.336018,-27.271864],[-58.341089,-27.274248],[-58.335072,-27.266456],[-58.336018,-27.271864]]],[[[-58.330669,-27.262185],[-58.325227,-27.263266],[-58.333363,-27.265287],[-58.330669,-27.262185]]],[[[-58.307799,-27.266671],[-58.33091,-27.273149],[-58.321647,-27.262572],[-58.307799,-27.266671]]],[[[-58.304015,-27.267103],[-58.296137,-27.265165],[-58.310113,-27.272294],[-58.304015,-27.267103]]],[[[-58.20044,-27.268134],[-58.186968,-27.27073],[-58.192211,-27.27301],[-58.20044,-27.268134]]],[[[-56.765,-27.5865],[-56.7175,-27.523],[-56.710208,-27.572699],[-56.765,-27.5865]]],[[[-56.903211,-27.538344],[-56.904088,-27.542217],[-56.90743,-27.535826],[-56.903211,-27.538344]]],[[[-56.989257,-27.458685],[-56.97896,-27.448676],[-56.970398,-27.446996],[-56.989257,-27.458685]]],[[[-56.841982,-27.594595],[-57.0125,-27.485],[-56.879766,-27.427051],[-56.745416,-27.505763],[-56.841982,-27.594595]]],[[[-56.790371,-27.572066],[-56.793503,-27.572833],[-56.791177,-27.571626],[-56.790371,-27.572066]]],[[[-56.790479,-27.571494],[-56.787442,-27.570446],[-56.78992,-27.571702],[-56.790479,-27.571494]]],[[[-58.451493,-27.267378],[-58.452869,-27.266387],[-58.449446,-27.267155],[-58.451493,-27.267378]]],[[[-58.427466,-27.269712],[-58.420618,-27.279147],[-58.429429,-27.274368],[-58.427466,-27.269712]]],[[[-58.420596,-27.281761],[-58.413207,-27.281594],[-58.416624,-27.2827],[-58.420596,-27.281761]]],[[[-58.230623,-27.259777],[-58.224012,-27.262101],[-58.243368,-27.255516],[-58.230623,-27.259777]]],[[[-58.169161,-27.269645],[-58.164327,-27.272901],[-58.169195,-27.273024],[-58.169161,-27.269645]]],[[[-58.17188,-27.271827],[-58.171247,-27.272552],[-58.172277,-27.272697],[-58.17188,-27.271827]]],[[[-58.161535,-27.262176],[-58.168338,-27.258949],[-58.16433,-27.26019],[-58.161535,-27.262176]]],[[[-58.166642,-27.258529],[-58.153928,-27.256476],[-58.141349,-27.263468],[-58.166642,-27.258529]]],[[[-57.797983,-27.324811],[-57.745723,-27.322093],[-57.7532,-27.327853],[-57.797983,-27.324811]]],[[[-57.813647,-27.327717],[-57.820052,-27.324769],[-57.803798,-27.326826],[-57.813647,-27.327717]]],[[[-58.207385,-27.263559],[-58.20521,-27.263906],[-58.205789,-27.264038],[-58.207385,-27.263559]]],[[[-58.207331,-27.263146],[-58.224551,-27.255211],[-58.18405,-27.261797],[-58.207331,-27.263146]]],[[[-58.420183,-27.281318],[-58.420071,-27.281563],[-58.420916,-27.281487],[-58.420183,-27.281318]]],[[[-56.757742,-27.503033],[-56.758614,-27.502605],[-56.757997,-27.502564],[-56.757742,-27.503033]]],[[[-56.793192,-27.482162],[-56.792463,-27.482598],[-56.79264,-27.482655],[-56.793192,-27.482162]]],[[[-56.788663,-27.486264],[-56.78619,-27.488198],[-56.78722,-27.487825],[-56.788663,-27.486264]]],[[[-58.199963,-27.276729],[-58.192314,-27.278222],[-58.195049,-27.278934],[-58.199963,-27.276729]]],[[[-58.268006,-27.261084],[-58.262971,-27.259596],[-58.265822,-27.261129],[-58.268006,-27.261084]]],[[[-58.263021,-27.261116],[-58.261675,-27.26144],[-58.262966,-27.261675],[-58.263021,-27.261116]]],[[[-55.950032,-27.340593],[-55.951164,-27.340076],[-55.949836,-27.339865],[-55.950032,-27.340593]]]]}},{"type":"Feature","properties":{"tzid":"America/Argentina/Jujuy"},"geometry":{"type":"Polygon","coordinates":[[[-65.194208,-22.085456],[-65.339682,-22.608054],[-65.238393,-22.935413],[-65.066823,-23.047282],[-65.010114,-23.285114],[-64.916488,-23.307922],[-64.852879,-23.49021],[-64.612025,-23.494453],[-64.462265,-23.625749],[-64.306599,-23.517818],[-64.156251,-23.518844],[-64.190489,-24.280001],[-64.62832,-24.605586],[-64.82585,-24.475244],[-64.953596,-24.593039],[-65.17272,-24.471267],[-65.601466,-24.414993],[-65.761735,-24.055576],[-65.999293,-23.939585],[-65.987288,-23.509763],[-66.132225,-23.430619],[-66.309674,-23.571244],[-66.37489,-24.111728],[-66.491239,-24.209395],[-66.818805,-24.083337],[-67.212916,-23.694512],[-66.99915,-23.027244],[-67.144861,-22.848943],[-67.12775,-22.722114],[-67.036817,-22.668276],[-67.026971,-22.540507],[-66.785167,-22.417108],[-66.739278,-22.238458],[-66.358155,-22.130765],[-66.238159,-21.811822],[-66.087537,-21.831253],[-65.74335,-22.109182],[-65.194208,-22.085456]]]}},{"type":"Feature","properties":{"tzid":"America/Argentina/La_Rioja"},"geometry":{"type":"Polygon","coordinates":[[[-66.826429,-31.761684],[-67.005539,-31.61479],[-67.097816,-31.392321],[-67.098056,-30.865199],[-67.578928,-30.399535],[-67.59309,-30.298118],[-68.33991,-29.704902],[-69.020251,-29.62635],[-68.937668,-28.869903],[-69.16672,-28.753498],[-69.316039,-28.411637],[-69.600851,-28.419549],[-69.098248,-27.80451],[-68.799005,-27.75569],[-68.666267,-27.810136],[-68.55001,-27.718637],[-68.454308,-27.982161],[-68.122766,-28.151925],[-67.927104,-28.110058],[-67.84795,-28.369471],[-67.70721,-28.314352],[-67.155801,-28.383546],[-67.043382,-28.262242],[-66.570774,-28.288509],[-66.496364,-28.621755],[-66.372433,-28.718667],[-66.39897,-28.86215],[-66.099378,-28.944016],[-65.748386,-29.269873],[-65.423085,-30.119559],[-65.771096,-31.043429],[-65.770088,-31.888642],[-66.292301,-31.931656],[-66.369097,-31.99681],[-66.661271,-31.923595],[-66.826429,-31.761684]]]}},{"type":"Feature","properties":{"tzid":"America/Argentina/Mendoza"},"geometry":{"type":"Polygon","coordinates":[[[-69.569252,-32.133035],[-69.131302,-31.999444],[-68.929268,-32.128481],[-68.916882,-32.336776],[-68.665581,-32.336752],[-68.4629,-32.2377],[-68.463044,-32.137841],[-68.24783,-32.091599],[-67.967065,-32.098401],[-67.819382,-32.227174],[-67.525027,-32.221097],[-67.329082,-32.356088],[-67.181154,-32.723395],[-67.179642,-33.252674],[-67.092103,-33.539593],[-66.678602,-33.942041],[-66.801971,-34.338172],[-66.478832,-35.144978],[-66.622039,-35.956834],[-68.255203,-35.999535],[-68.249964,-37.574781],[-68.77892,-37.367403],[-69.023725,-37.365211],[-69.063674,-37.225344],[-69.205681,-37.171615],[-69.504075,-37.171616],[-69.73665,-37.080315],[-69.756832,-36.889875],[-70.122095,-36.571247],[-70.214395,-36.347161],[-70.372042,-36.275545],[-70.42511,-35.913393],[-70.313885,-35.814874],[-70.408839,-35.649002],[-70.367898,-35.521622],[-70.446083,-35.315299],[-70.580729,-35.26592],[-70.372463,-35.156925],[-70.26886,-34.735639],[-70.025996,-34.420123],[-70.01129,-34.266272],[-69.799474,-34.214828],[-69.868886,-34.140376],[-69.895529,-33.799702],[-69.780456,-33.322088],[-69.91748,-33.244749],[-70.01942,-33.278234],[-70.091379,-33.047527],[-70.005089,-32.881862],[-70.136905,-32.735998],[-70.151969,-32.584154],[-70.066875,-32.625936],[-70.012613,-32.541768],[-69.728418,-32.498998],[-69.725945,-32.322366],[-69.569252,-32.133035]]]}},{"type":"Feature","properties":{"tzid":"America/Argentina/Rio_Gallegos"},"geometry":{"type":"Polygon","coordinates":[[[-68.432489,-52.39759],[-68.418635,-52.332454],[-69.995504,-52.000744],[-72.014946,-51.974026],[-71.950326,-51.872267],[-72.413313,-51.539766],[-72.272766,-51.285105],[-72.406289,-51.097239],[-72.374169,-51.023213],[-72.274729,-51.033947],[-72.275945,-50.818368],[-72.349257,-50.750461],[-72.290318,-50.669932],[-72.770884,-50.627197],[-73.191389,-50.811111],[-73.146136,-50.654998],[-73.361866,-50.520057],[-73.368333,-50.372778],[-73.436111,-50.362778],[-73.361389,-50.301389],[-73.511431,-50.156308],[-73.4465,-49.987373],[-73.539895,-49.950992],[-73.463092,-49.772601],[-73.542499,-49.515521],[-73.430194,-49.360735],[-73.48122,-49.225726],[-73.086667,-49.283889],[-73.125818,-49.171722],[-72.937062,-48.940826],[-72.790968,-48.960969],[-72.539753,-48.80468],[-72.578135,-48.509508],[-72.450032,-48.514133],[-72.380342,-48.351669],[-72.236732,-48.336078],[-72.422649,-47.982533],[-72.51699,-47.946456],[-72.499401,-47.774797],[-72.325074,-47.601474],[-72.334993,-47.47201],[-71.99693,-47.29477],[-71.980426,-47.211872],[-71.879886,-47.229995],[-71.949037,-46.822826],[-71.647591,-46.665659],[-71.742579,-46.258495],[-71.908489,-46.159595],[-71.873261,-46.123972],[-71.523972,-46.000015],[-65.30067,-45.999979],[-65.556675,-47.044193],[-65.425644,-47.308935],[-65.536049,-47.744638],[-65.422327,-47.849923],[-65.440183,-47.998415],[-65.70317,-48.270875],[-66.195571,-48.554175],[-66.549319,-48.647396],[-66.861803,-48.910883],[-67.258253,-49.097138],[-67.422348,-49.799562],[-67.611361,-50.087522],[-67.957166,-50.284874],[-68.620789,-50.473482],[-68.772569,-50.629277],[-68.773698,-51.162108],[-68.571312,-51.520864],[-68.563104,-51.687099],[-68.025917,-52.322792],[-68.203222,-52.582964],[-68.514802,-52.521265],[-68.432489,-52.39759]]]}},{"type":"Feature","properties":{"tzid":"America/Argentina/Salta"},"geometry":{"type":"MultiPolygon","coordinates":[[[[-68.249964,-37.574781],[-68.255203,-35.999535],[-65.154704,-35.999703],[-65.117703,-35.015368],[-63.385745,-35.028562],[-63.379351,-40.710189],[-62.98195,-40.81416],[-62.603938,-41.231776],[-62.882537,-41.310282],[-63.397946,-41.992046],[-71.777553,-41.992058],[-71.837668,-41.431345],[-71.90946,-41.361329],[-71.821085,-41.058467],[-71.963796,-40.733657],[-71.847779,-40.630665],[-71.820974,-40.430281],[-71.717977,-40.427014],[-71.669049,-40.337999],[-71.807584,-40.231503],[-71.825652,-40.088119],[-71.677546,-40.106121],[-71.604509,-39.926777],[-71.697083,-39.612259],[-71.486325,-39.611755],[-71.521568,-39.543252],[-71.37888,-39.284098],[-71.437028,-38.944517],[-71.126352,-38.777678],[-70.927005,-38.763161],[-70.833363,-38.602174],[-70.981164,-38.419545],[-70.987676,-38.107885],[-71.183268,-37.857842],[-71.20508,-37.701589],[-71.121748,-37.493578],[-71.209978,-37.317308],[-71.098393,-37.126852],[-71.219666,-36.981815],[-71.087653,-36.931528],[-71.172963,-36.851084],[-71.113569,-36.718599],[-71.016059,-36.69861],[-71.036106,-36.50419],[-70.695192,-36.409204],[-70.691351,-36.261062],[-70.533015,-36.142198],[-70.445575,-36.170326],[-70.41702,-36.076466],[-70.353412,-36.319502],[-70.214825,-36.343376],[-70.123351,-36.568654],[-69.754107,-36.881032],[-69.748484,-37.074267],[-69.517461,-37.171924],[-69.267498,-37.145006],[-69.04219,-37.250037],[-68.991986,-37.371015],[-68.742807,-37.382647],[-68.249964,-37.574781]]],[[[-65.348587,-22.551266],[-65.186567,-22.08535],[-64.860701,-22.12466],[-64.553565,-22.269067],[-64.314231,-22.874267],[-64.244366,-22.583015],[-63.898169,-21.999431],[-62.854125,-21.998828],[-62.782104,-22.168287],[-62.379418,-22.465926],[-62.361165,-24.41378],[-63.476092,-25.70983],[-64.268303,-25.700714],[-64.495279,-26.219265],[-65.022051,-26.287081],[-65.3449,-26.0637],[-65.6789,-26.1173],[-65.7231,-26.3135],[-66.214467,-26.139214],[-66.373258,-26.406554],[-66.519443,-26.360193],[-66.593065,-26.152296],[-66.84788,-25.93355],[-66.852617,-25.728214],[-66.648731,-25.711919],[-66.537709,-25.539111],[-66.581698,-25.32116],[-66.879499,-25.241243],[-68.507223,-25.168567],[-68.343297,-25.110627],[-68.563427,-24.78664],[-68.494193,-24.604523],[-68.26116,-24.403364],[-67.330542,-24.037297],[-67.227057,-23.738457],[-66.797283,-24.096383],[-66.470542,-24.200983],[-66.367009,-24.091494],[-66.370531,-23.694365],[-66.155199,-23.422246],[-66.019318,-23.5011],[-65.992856,-23.97543],[-65.758301,-24.055179],[-65.66128,-24.347787],[-65.545116,-24.444362],[-65.207595,-24.458592],[-64.938709,-24.594672],[-64.861623,-24.487534],[-64.775101,-24.503209],[-64.652524,-24.609527],[-64.43208,-24.419717],[-64.279864,-24.394428],[-64.151392,-24.12927],[-64.156251,-23.518844],[-64.35482,-23.534284],[-64.454961,-23.626697],[-64.691794,-23.454446],[-64.835304,-23.487649],[-64.942191,-23.276903],[-65.073298,-23.218128],[-65.087141,-23.027487],[-65.253393,-22.922281],[-65.348587,-22.551266]]]]}},{"type":"Feature","properties":{"tzid":"America/Argentina/San_Juan"},"geometry":{"type":"Polygon","coordinates":[[[-67.331906,-32.35047],[-67.537007,-32.228785],[-67.836081,-32.215774],[-68.035916,-32.079811],[-68.463044,-32.137841],[-68.4629,-32.2377],[-68.665581,-32.336752],[-68.916882,-32.336776],[-68.916687,-32.131481],[-69.184001,-31.999388],[-69.597941,-32.163583],[-69.714387,-32.311455],[-69.716009,-32.497296],[-69.846215,-32.570384],[-69.990203,-32.531367],[-70.09885,-32.596513],[-70.234984,-32.400024],[-70.362003,-32.058027],[-70.222957,-31.946254],[-70.444196,-31.851725],[-70.562058,-31.594479],[-70.539275,-31.298236],[-70.475149,-31.11422],[-70.404242,-31.16782],[-70.274311,-31.045705],[-70.311733,-30.904287],[-70.155542,-30.359989],[-69.97363,-30.383121],[-69.832665,-30.215835],[-69.955282,-30.091971],[-69.881971,-29.708834],[-70.015198,-29.347193],[-69.785605,-29.104925],[-69.638321,-28.390664],[-69.353401,-28.438516],[-69.174624,-28.733636],[-68.929619,-28.840208],[-69.020251,-29.62635],[-68.483644,-29.649631],[-68.258804,-29.746732],[-67.686039,-30.215092],[-67.079604,-30.886167],[-67.09999,-31.383331],[-67.032906,-31.567133],[-66.866644,-31.633358],[-66.661271,-31.923595],[-67.137,-31.8338],[-67.4645,-31.8593],[-67.476,-32.1161],[-67.2782,-32.2923],[-67.2655,-32.3598],[-67.331906,-32.35047]]]}},{"type":"Feature","properties":{"tzid":"America/Argentina/San_Luis"},"geometry":{"type":"Polygon","coordinates":[[[-65.24506,-32.090111],[-65.173156,-32.321738],[-64.938673,-32.304319],[-64.887335,-32.549047],[-65.019225,-33.031711],[-65.135667,-33.189658],[-65.117146,-35.978896],[-66.637783,-36.000631],[-66.487702,-35.126981],[-66.785673,-34.421619],[-66.670928,-33.968786],[-66.874584,-33.827399],[-67.130038,-33.471391],[-67.231442,-32.883211],[-67.171953,-32.747056],[-67.295577,-32.538025],[-67.2782,-32.2923],[-67.4627,-32.1452],[-67.4513,-31.8928],[-67.137,-31.8338],[-66.393821,-31.984624],[-65.627618,-31.898895],[-65.24506,-32.090111]]]}},{"type":"Feature","properties":{"tzid":"America/Argentina/Tucuman"},"geometry":{"type":"Polygon","coordinates":[[[-65.941091,-27.606856],[-65.969768,-27.349337],[-66.122203,-27.22836],[-65.858788,-26.930602],[-65.830464,-26.741375],[-66.039523,-26.602107],[-66.153446,-26.625276],[-66.0989,-26.23715],[-65.7531,-26.342138],[-65.6659,-26.1171],[-65.3346,-26.0661],[-64.9416,-26.3022],[-64.5107,-26.2147],[-64.504552,-26.676681],[-64.57332,-26.663698],[-64.672192,-26.80042],[-64.850748,-27.300977],[-65.012245,-27.466251],[-64.955768,-27.546087],[-65.057692,-27.884003],[-65.170844,-27.946453],[-65.360628,-27.82919],[-65.601555,-27.998247],[-65.941091,-27.606856]]]}},{"type":"Feature","properties":{"tzid":"America/Argentina/Ushuaia"},"geometry":{"type":"MultiPolygon","coordinates":[[[[-64.000087,-55.054546],[-64.737965,-55.114145],[-64.989337,-55.029361],[-65.281001,-55.133242],[-66.044607,-55.190965],[-66.67094,-55.119059],[-66.851172,-54.988238],[-67.243281,-54.910144],[-68.577733,-54.904744],[-68.560599,-52.589879],[-68.514802,-52.521265],[-68.216521,-52.603405],[-67.960566,-52.909119],[-67.679182,-53.501102],[-66.262848,-54.296408],[-65.697861,-54.453936],[-65.126748,-54.42509],[-64.78086,-54.573304],[-64.061918,-54.448613],[-63.496046,-54.62596],[-63.456068,-54.768823],[-63.546415,-54.895282],[-64.000087,-55.054546]]],[[[-67.5,-86],[-67.5,-66],[-65.5,-65.25],[-63.8,-64.8],[-64,-64],[-57.3,-63.4],[-58.8,-62.25],[-59,-61.8],[-57,-61.6],[-54,-63],[-58,-74],[-35,-75],[-35,-86],[-67.5,-86]]],[[[-45,-60],[-43.5,-60],[-43.5,-61],[-46,-61.5],[-47.5,-60.5],[-45,-60]]]]}},{"type":"Feature","properties":{"tzid":"America/Asuncion"},"geometry":{"type":"MultiPolygon","coordinates":[[[[-57.913163,-27.274452],[-57.903035,-27.273722],[-57.864969,-27.291553],[-57.913163,-27.274452]]],[[[-57.922325,-27.270575],[-57.91416,-27.27152],[-57.915925,-27.274538],[-57.922325,-27.270575]]],[[[-57.940655,-27.268039],[-57.923795,-27.266236],[-57.926079,-27.268378],[-57.940655,-27.268039]]],[[[-57.951962,-27.275328],[-57.928356,-27.27374],[-57.943296,-27.281545],[-57.951962,-27.275328]]],[[[-57.916982,-27.292002],[-57.896597,-27.278948],[-57.893703,-27.286552],[-57.916982,-27.292002]]],[[[-54.732439,-23.869089],[-54.589015,-23.839139],[-54.33744,-24.001755],[-54.261829,-24.338607],[-54.434523,-25.13317],[-54.619226,-25.464693],[-54.591622,-25.81801],[-54.670108,-26.029152],[-54.619212,-26.208175],[-54.801489,-26.649519],[-54.915116,-26.667784],[-55.18351,-26.965108],[-55.398117,-26.979142],[-55.463362,-27.109963],[-55.564749,-27.107556],[-55.59793,-27.33627],[-55.723821,-27.435659],[-56.087277,-27.308452],[-56.283768,-27.40822],[-56.380911,-27.590853],[-56.601169,-27.421017],[-56.699299,-27.456909],[-56.715033,-27.588885],[-56.820546,-27.602127],[-56.987878,-27.489437],[-57.529503,-27.432824],[-57.914515,-27.265311],[-58.599045,-27.299843],[-58.637627,-27.118204],[-58.250525,-26.75765],[-58.119307,-26.152279],[-57.849385,-26.002201],[-57.864475,-25.874033],[-57.756756,-25.678023],[-57.624625,-25.617675],[-57.576165,-25.424316],[-57.858285,-25.086088],[-58.223093,-24.942021],[-58.360734,-24.967221],[-59.116523,-24.62245],[-60.012576,-24.026455],[-60.373532,-24.024001],[-60.991576,-23.810007],[-61.132275,-23.591736],[-61.501111,-23.410556],[-62.004755,-22.993301],[-62.287259,-22.477485],[-62.599664,-22.318932],[-62.632525,-22.213475],[-62.260919,-21.058628],[-62.265994,-20.596112],[-61.922536,-20.089211],[-61.735211,-19.634406],[-59.977778,-19.294686],[-59.068928,-19.287647],[-58.164072,-19.827103],[-58.162789,-20.226657],[-58.008603,-20.42031],[-57.987848,-20.684585],[-57.865582,-20.740673],[-57.953307,-20.779769],[-57.861884,-20.820371],[-57.825087,-20.98802],[-57.967611,-21.540601],[-57.906595,-21.672883],[-57.983614,-22.066285],[-56.861576,-22.291439],[-56.612001,-22.234024],[-56.42897,-22.082144],[-56.214979,-22.2738],[-55.87013,-22.283423],[-55.609488,-22.688891],[-55.639322,-23.025751],[-55.525428,-23.194799],[-55.559013,-23.488693],[-55.401752,-23.970604],[-55.065848,-23.990296],[-54.732439,-23.869089]],[[-57.23753,-27.455941],[-57.225589,-27.461672],[-57.232777,-27.462836],[-57.23753,-27.455941]],[[-55.950032,-27.340593],[-55.951164,-27.340076],[-55.949836,-27.339865],[-55.950032,-27.340593]],[[-56.953018,-27.522368],[-56.951191,-27.523191],[-56.950668,-27.523776],[-56.953018,-27.522368]],[[-57.612199,-27.383517],[-57.608361,-27.380985],[-57.606364,-27.382251],[-57.612199,-27.383517]],[[-58.100041,-27.266305],[-58.087371,-27.259991],[-58.092645,-27.265829],[-58.100041,-27.266305]],[[-57.410463,-27.415133],[-57.407041,-27.415833],[-57.40997,-27.418033],[-57.410463,-27.415133]],[[-57.414752,-27.413338],[-57.410865,-27.413576],[-57.407912,-27.414948],[-57.414752,-27.413338]],[[-57.48784,-27.439153],[-57.484118,-27.436118],[-57.479934,-27.437714],[-57.48784,-27.439153]],[[-57.54077,-27.428066],[-57.539906,-27.42839],[-57.540679,-27.428418],[-57.54077,-27.428066]],[[-57.548194,-27.426347],[-57.541376,-27.427895],[-57.543511,-27.428987],[-57.548194,-27.426347]],[[-57.550185,-27.423862],[-57.545963,-27.4254],[-57.547867,-27.425521],[-57.550185,-27.423862]],[[-57.539713,-27.426842],[-57.549519,-27.423319],[-57.552915,-27.419364],[-57.539713,-27.426842]],[[-57.564341,-27.410538],[-57.561654,-27.411329],[-57.556236,-27.415576],[-57.564341,-27.410538]],[[-56.793192,-27.482162],[-56.792463,-27.482598],[-56.79264,-27.482655],[-56.793192,-27.482162]],[[-57.776121,-27.330169],[-57.769098,-27.330169],[-57.784833,-27.332221],[-57.776121,-27.330169]],[[-57.818482,-27.320123],[-57.785208,-27.321543],[-57.794773,-27.325215],[-57.818482,-27.320123]],[[-56.757742,-27.503033],[-56.758614,-27.502605],[-56.757997,-27.502564],[-56.757742,-27.503033]],[[-56.758318,-27.591188],[-56.751995,-27.592577],[-56.764609,-27.592347],[-56.758318,-27.591188]],[[-56.767902,-27.585385],[-56.765494,-27.586849],[-56.776534,-27.585261],[-56.767902,-27.585385]],[[-56.861266,-27.593136],[-56.858563,-27.594507],[-56.864279,-27.592695],[-56.861266,-27.593136]],[[-56.857955,-27.594348],[-56.864175,-27.59176],[-56.859811,-27.592833],[-56.857955,-27.594348]],[[-56.788663,-27.486264],[-56.78619,-27.488198],[-56.78722,-27.487825],[-56.788663,-27.486264]],[[-56.921082,-27.56313],[-56.901759,-27.570569],[-56.909212,-27.572198],[-56.921082,-27.56313]],[[-56.826302,-27.593427],[-56.826707,-27.594268],[-56.827566,-27.594644],[-56.826302,-27.593427]],[[-56.775705,-27.587448],[-56.772103,-27.588397],[-56.773758,-27.588295],[-56.775705,-27.587448]],[[-56.736105,-27.558877],[-56.736719,-27.558501],[-56.735453,-27.557983],[-56.736105,-27.558877]],[[-56.737477,-27.560294],[-56.736714,-27.558879],[-56.736239,-27.559187],[-56.737477,-27.560294]],[[-56.740351,-27.561885],[-56.741842,-27.562161],[-56.738103,-27.559293],[-56.740351,-27.561885]],[[-56.772927,-27.498327],[-56.76442,-27.502646],[-56.77001,-27.501668],[-56.772927,-27.498327]],[[-56.75675,-27.572295],[-56.758056,-27.571244],[-56.754883,-27.570022],[-56.75675,-27.572295]],[[-56.75419,-27.570058],[-56.753864,-27.570243],[-56.754472,-27.570532],[-56.75419,-27.570058]],[[-56.736007,-27.542913],[-56.735681,-27.542621],[-56.735932,-27.543985],[-56.736007,-27.542913]],[[-56.881682,-27.572998],[-56.881274,-27.573652],[-56.881597,-27.573506],[-56.881682,-27.572998]],[[-58.359986,-27.274104],[-58.359726,-27.274116],[-58.359818,-27.274224],[-58.359986,-27.274104]],[[-57.477364,-27.438613],[-57.476496,-27.4387],[-57.478717,-27.439426],[-57.477364,-27.438613]],[[-57.452624,-27.429424],[-57.44378,-27.427785],[-57.448666,-27.431743],[-57.452624,-27.429424]],[[-57.472688,-27.438652],[-57.4516,-27.432289],[-57.451257,-27.436427],[-57.472688,-27.438652]],[[-57.797983,-27.324811],[-57.745723,-27.322093],[-57.7532,-27.327853],[-57.797983,-27.324811]],[[-57.813647,-27.327717],[-57.820052,-27.324769],[-57.803798,-27.326826],[-57.813647,-27.327717]],[[-58.166642,-27.258529],[-58.153928,-27.256476],[-58.141349,-27.263468],[-58.166642,-27.258529]],[[-58.374878,-27.27023],[-58.375122,-27.270571],[-58.375932,-27.270393],[-58.374878,-27.27023]],[[-58.376222,-27.27105],[-58.374702,-27.271504],[-58.379784,-27.272185],[-58.376222,-27.27105]],[[-58.427466,-27.269712],[-58.420618,-27.279147],[-58.429429,-27.274368],[-58.427466,-27.269712]],[[-58.451493,-27.267378],[-58.452869,-27.266387],[-58.449446,-27.267155],[-58.451493,-27.267378]],[[-58.304015,-27.267103],[-58.296137,-27.265165],[-58.310113,-27.272294],[-58.304015,-27.267103]],[[-58.307799,-27.266671],[-58.33091,-27.273149],[-58.321647,-27.262572],[-58.307799,-27.266671]],[[-58.330669,-27.262185],[-58.325227,-27.263266],[-58.333363,-27.265287],[-58.330669,-27.262185]],[[-58.336018,-27.271864],[-58.341089,-27.274248],[-58.335072,-27.266456],[-58.336018,-27.271864]],[[-58.353925,-27.272929],[-58.349719,-27.272199],[-58.358515,-27.274121],[-58.353925,-27.272929]],[[-56.782763,-27.57214],[-56.782787,-27.572291],[-56.782868,-27.572206],[-56.782763,-27.57214]],[[-56.783336,-27.571973],[-56.78439,-27.573426],[-56.787858,-27.573712],[-56.783336,-27.571973]],[[-56.862502,-27.588417],[-56.866929,-27.588713],[-56.874171,-27.5829],[-56.862502,-27.588417]],[[-56.930981,-27.527448],[-56.928012,-27.528213],[-56.934064,-27.527544],[-56.930981,-27.527448]],[[-56.972477,-27.443037],[-56.964666,-27.440029],[-56.966498,-27.442244],[-56.972477,-27.443037]],[[-57.533448,-27.421224],[-57.57955,-27.396489],[-57.42746,-27.410335],[-57.533448,-27.421224]],[[-58.207385,-27.263559],[-58.20521,-27.263906],[-58.205789,-27.264038],[-58.207385,-27.263559]],[[-58.230623,-27.259777],[-58.224012,-27.262101],[-58.243368,-27.255516],[-58.230623,-27.259777]],[[-58.420596,-27.281761],[-58.413207,-27.281594],[-58.416624,-27.2827],[-58.420596,-27.281761]],[[-58.420183,-27.281318],[-58.420071,-27.281563],[-58.420916,-27.281487],[-58.420183,-27.281318]],[[-58.460324,-27.271045],[-58.457359,-27.272083],[-58.46335,-27.271042],[-58.460324,-27.271045]],[[-58.20044,-27.268134],[-58.186968,-27.27073],[-58.192211,-27.27301],[-58.20044,-27.268134]],[[-58.169161,-27.269645],[-58.164327,-27.272901],[-58.169195,-27.273024],[-58.169161,-27.269645]],[[-58.17188,-27.271827],[-58.171247,-27.272552],[-58.172277,-27.272697],[-58.17188,-27.271827]],[[-58.161535,-27.262176],[-58.168338,-27.258949],[-58.16433,-27.26019],[-58.161535,-27.262176]],[[-58.207331,-27.263146],[-58.224551,-27.255211],[-58.18405,-27.261797],[-58.207331,-27.263146]],[[-56.765,-27.5865],[-56.7175,-27.523],[-56.710208,-27.572699],[-56.765,-27.5865]],[[-56.903211,-27.538344],[-56.904088,-27.542217],[-56.90743,-27.535826],[-56.903211,-27.538344]],[[-56.989257,-27.458685],[-56.97896,-27.448676],[-56.970398,-27.446996],[-56.989257,-27.458685]],[[-56.841982,-27.594595],[-57.0125,-27.485],[-56.879766,-27.427051],[-56.745416,-27.505763],[-56.841982,-27.594595]],[[-56.790371,-27.572066],[-56.793503,-27.572833],[-56.791177,-27.571626],[-56.790371,-27.572066]],[[-56.790479,-27.571494],[-56.787442,-27.570446],[-56.78992,-27.571702],[-56.790479,-27.571494]],[[-56.949706,-27.522782],[-56.953857,-27.520879],[-56.957489,-27.515789],[-56.949706,-27.522782]],[[-56.949346,-27.522743],[-56.879042,-27.576878],[-56.916357,-27.564401],[-56.949346,-27.522743]],[[-56.938328,-27.533604],[-56.945621,-27.531965],[-56.945216,-27.530746],[-56.938328,-27.533604]],[[-56.732664,-27.533507],[-56.726722,-27.520386],[-56.726091,-27.525721],[-56.732664,-27.533507]],[[-56.767888,-27.570179],[-56.762058,-27.566517],[-56.761093,-27.567936],[-56.767888,-27.570179]],[[-56.941322,-27.525481],[-56.947734,-27.522892],[-56.943823,-27.523885],[-56.941322,-27.525481]],[[-56.729295,-27.533955],[-56.730027,-27.534312],[-56.72936,-27.533331],[-56.729295,-27.533955]],[[-56.730043,-27.534401],[-56.728245,-27.537762],[-56.730822,-27.541535],[-56.730043,-27.534401]],[[-56.693864,-27.574161],[-56.690653,-27.569692],[-56.690628,-27.571443],[-56.693864,-27.574161]],[[-56.920247,-27.530833],[-56.915783,-27.536123],[-56.929933,-27.530866],[-56.920247,-27.530833]],[[-56.91555,-27.536209],[-56.919805,-27.531028],[-56.908501,-27.538249],[-56.91555,-27.536209]],[[-56.934024,-27.543785],[-56.945108,-27.534849],[-56.939499,-27.535704],[-56.934024,-27.543785]],[[-56.94463,-27.535936],[-56.929362,-27.553409],[-56.937629,-27.551003],[-56.94463,-27.535936]],[[-56.939251,-27.525006],[-56.954479,-27.515596],[-56.94407,-27.519538],[-56.939251,-27.525006]],[[-56.711368,-27.58176],[-56.707122,-27.575309],[-56.706682,-27.57828],[-56.711368,-27.58176]],[[-56.72175,-27.587],[-56.730488,-27.591941],[-56.716856,-27.579249],[-56.72175,-27.587]],[[-56.687506,-27.552965],[-56.707047,-27.580718],[-56.693619,-27.545291],[-56.687506,-27.552965]],[[-56.766878,-27.575721],[-56.772567,-27.57607],[-56.761334,-27.572035],[-56.766878,-27.575721]],[[-56.719462,-27.585523],[-56.718196,-27.582332],[-56.71797,-27.583516],[-56.719462,-27.585523]],[[-56.766622,-27.570707],[-56.756477,-27.569119],[-56.775645,-27.575863],[-56.766622,-27.570707]],[[-56.70408,-27.563455],[-56.702658,-27.552811],[-56.701276,-27.556913],[-56.70408,-27.563455]],[[-58.199963,-27.276729],[-58.192314,-27.278222],[-58.195049,-27.278934],[-58.199963,-27.276729]],[[-58.268006,-27.261084],[-58.262971,-27.259596],[-58.265822,-27.261129],[-58.268006,-27.261084]],[[-58.263021,-27.261116],[-58.261675,-27.26144],[-58.262966,-27.261675],[-58.263021,-27.261116]]]]}},{"type":"Feature","properties":{"tzid":"America/Atikokan"},"geometry":{"type":"MultiPolygon","coordinates":[[[[-91.954845,48.380485],[-92.234838,48.463877],[-92.12564,48.57223],[-91.772769,48.661816],[-91.75274,49.001522],[-91.010026,49.001678],[-91.007505,48.199596],[-91.541667,48.053861],[-91.710333,48.193889],[-92.006528,48.265417],[-92.047833,48.343583],[-91.954845,48.380485]]],[[[-85.000423,80.26861],[-85.000394,79.57882],[-85.388058,79.687164],[-86.458635,79.782755],[-86.376203,79.96939],[-85.27503,79.921297],[-86.442582,80.010313],[-86.612372,80.113276],[-86.403515,80.316517],[-85.000423,80.26861]]],[[[-90.628421,51.128407],[-90.75,51.25],[-90.75,51.5],[-90.5,51.75],[-90,52],[-89.999645,51.54001],[-89.888066,51.540023],[-89.888365,51.453105],[-90.000189,51.404783],[-90,50.75],[-90.628421,51.128407]]],[[[-85.000103,60.252877],[-85.000219,62.695766],[-87.308123,63.495097],[-87.282263,63.73116],[-86.462516,65.117436],[-86.399104,65.660427],[-85.003255,66.091906],[-84.756303,66.060714],[-84.060225,65.486675],[-82.455225,65.487169],[-80.020769,63.91481],[-80.031706,62.916374],[-85.000103,60.252877]]]]}},{"type":"Feature","properties":{"tzid":"America/Bahia"},"geometry":{"type":"Polygon","coordinates":[[[-40.582885,-9.468311],[-40.354071,-9.375394],[-40.248395,-9.058266],[-40.15961,-9.107775],[-39.95534,-9.045506],[-39.869516,-8.82098],[-39.711797,-8.797426],[-39.662819,-8.656903],[-39.380253,-8.532287],[-39.204165,-8.710715],[-38.797016,-8.790422],[-38.628882,-8.983915],[-38.51276,-8.831259],[-38.484489,-9.000252],[-38.295783,-9.022821],[-38.321246,-9.123348],[-38.159242,-9.438902],[-38.011022,-9.479498],[-37.995105,-9.87963],[-37.85018,-9.993338],[-37.747143,-10.237889],[-37.743313,-10.338391],[-37.858,-10.426121],[-37.808927,-10.659635],[-37.932689,-10.743214],[-38.195939,-10.709202],[-38.229081,-10.899097],[-37.984532,-11.195914],[-37.943182,-11.424395],[-37.68086,-11.56438],[-37.375977,-11.466387],[-37.177154,-11.575967],[-37.839681,-12.709752],[-38.220389,-13.114286],[-38.612771,-13.276569],[-38.816562,-14.859255],[-38.643142,-15.865583],[-38.769973,-16.447678],[-38.877432,-16.623217],[-38.820438,-16.951716],[-38.980933,-17.207896],[-38.839278,-17.344467],[-38.694624,-17.713115],[-38.466514,-17.807694],[-38.430312,-18.050613],[-38.613007,-18.210154],[-38.934669,-18.090035],[-39.151621,-18.210946],[-39.352554,-18.189208],[-39.452705,-18.365163],[-39.669355,-18.348503],[-40.197222,-17.995669],[-40.215696,-17.759388],[-40.62001,-17.409911],[-40.548681,-16.989635],[-40.494814,-16.907746],[-40.293,-16.904],[-40.283192,-16.604335],[-39.886586,-16.196764],[-39.856783,-16.113385],[-39.953793,-15.991441],[-40.71883,-15.672337],[-41.329993,-15.74156],[-41.355967,-15.498387],[-41.80071,-15.101097],[-41.938,-15.174],[-42.265014,-15.125383],[-42.946569,-14.707977],[-43.194653,-14.648819],[-43.499134,-14.797993],[-43.638667,-14.74965],[-43.874024,-14.660404],[-43.817636,-14.313869],[-44.209318,-14.243531],[-44.58811,-14.356585],[-45.096333,-14.753557],[-46.100798,-15.228709],[-45.974019,-15.007572],[-46.041198,-14.826495],[-46.000763,-14.441177],[-45.913841,-14.37782],[-46.199313,-14.126941],[-46.26419,-13.947435],[-46.22389,-13.770405],[-46.275456,-13.748499],[-46.162913,-13.593442],[-46.248613,-13.434116],[-46.068275,-13.295442],[-46.303577,-13.267513],[-46.275378,-13.025729],[-46.124664,-12.95982],[-46.302056,-12.955251],[-46.298404,-12.568321],[-46.211529,-12.518961],[-46.338978,-12.415354],[-46.432032,-12.052411],[-46.182094,-11.909954],[-46.373778,-11.878766],[-46.312469,-11.691285],[-46.391341,-11.640978],[-46.11964,-11.622099],[-46.47844,-11.494511],[-46.571891,-11.327226],[-46.341879,-10.939513],[-46.267266,-10.934802],[-46.149907,-10.636219],[-45.8234,-10.460052],[-45.659827,-10.134848],[-45.56744,-10.139528],[-45.428755,-10.386493],[-45.422994,-10.639904],[-45.331392,-10.753406],[-44.910457,-10.912056],[-44.589,-10.632],[-44.34461,-10.54972],[-44.16903,-10.640406],[-44.035868,-10.435424],[-43.940189,-10.436061],[-43.665182,-9.991011],[-43.657358,-9.848925],[-43.78314,-9.763837],[-43.852558,-9.562148],[-43.475407,-9.261848],[-43.278766,-9.424572],[-42.975005,-9.405803],[-42.951,-9.51],[-42.777498,-9.619799],[-42.300239,-9.311487],[-41.829126,-9.218804],[-41.731682,-9.03334],[-41.544,-8.96],[-41.365351,-8.705577],[-41.116505,-8.705044],[-40.927828,-8.835379],[-40.821,-9.079],[-40.67944,-9.148707],[-40.761942,-9.410591],[-40.582885,-9.468311]]]}},{"type":"Feature","properties":{"tzid":"America/Bahia_Banderas"},"geometry":{"type":"Polygon","coordinates":[[[-105.280995,20.671965],[-105.57249,20.62692],[-105.883254,20.685482],[-105.544174,21.083061],[-105.355728,20.96032],[-105.35038,20.854136],[-105.232058,20.949437],[-104.968916,20.956005],[-105.134079,20.888101],[-105.280995,20.671965]]]}},{"type":"Feature","properties":{"tzid":"America/Barbados"},"geometry":{"type":"Polygon","coordinates":[[[-59.530005,12.845],[-59.722531,12.91],[-59.83672,13.082],[-59.838311,13.388],[-59.633893,13.534],[-59.445636,13.462],[-59.216868,13.178],[-59.315581,12.944],[-59.530005,12.845]]]}},{"type":"Feature","properties":{"tzid":"America/Belem"},"geometry":{"type":"Polygon","coordinates":[[[-51.778399,-1.140412],[-51.974985,-1.120617],[-52.102074,-1.225968],[-52.391929,-1.047333],[-52.416571,-0.859046],[-52.508918,-0.855504],[-52.523179,-0.589075],[-52.660324,-0.552689],[-52.688819,-0.304136],[-52.935904,-0.129102],[-53.100544,0.215378],[-53.160492,0.406404],[-53.114351,0.661556],[-53.39438,0.917695],[-53.414687,1.200609],[-53.518911,1.214976],[-53.717188,1.431763],[-53.840352,1.394564],[-54.051967,1.494489],[-54.351782,1.750278],[-54.718533,1.771068],[-54.807111,2.056779],[-54.763111,2.202319],[-54.872251,2.433747],[-54.730883,2.463333],[-54.523592,2.25251],[-54.128412,2.121457],[-53.741823,2.372647],[-53.554809,2.257278],[-53.322991,2.337144],[-53.258806,2.223918],[-52.918578,2.192278],[-52.550107,2.529102],[-52.348913,3.13543],[-51.652015,4.066031],[-51.63716,4.508337],[-51.504519,4.658715],[-51.102704,4.410782],[-50.946115,4.217546],[-50.848063,3.934135],[-50.758578,2.977808],[-50.288267,2.304426],[-47.615206,-0.345217],[-45.943404,-0.758238],[-46.158841,-1.274659],[-46.156007,-1.66837],[-46.323659,-1.769843],[-46.230421,-1.803116],[-46.268945,-2.10418],[-46.412738,-2.229113],[-46.435956,-2.512951],[-46.666717,-2.728066],[-46.600541,-2.813251],[-46.678137,-3.085476],[-46.937208,-3.376142],[-47.079328,-3.843188],[-47.331891,-4.091714],[-47.60796,-4.548742],[-47.816153,-4.614728],[-48.755842,-5.34968],[-48.393494,-5.394226],[-48.138137,-5.602704],[-48.299831,-5.784679],[-48.231613,-5.946152],[-48.334699,-6.004288],[-48.303836,-6.116904],[-48.431919,-6.177306],[-48.386444,-6.380174],[-48.500196,-6.35094],[-48.613134,-6.453741],[-48.664833,-6.662781],[-49.195919,-6.914583],[-49.206,-7.27],[-49.382,-7.566],[-49.157856,-7.793796],[-49.27,-8.343],[-49.571,-8.808],[-49.770848,-8.938496],[-50.04794,-9.308229],[-50.198329,-9.806342],[-50.321,-9.835],[-52.619543,-9.680658],[-52.564517,-9.598183],[-52.202728,-9.644281],[-52.150249,-9.437459],[-52.002751,-9.284298],[-52.072083,-9.001374],[-52.27438,-8.831125],[-52.297989,-8.622699],[-52.540455,-8.545498],[-52.645602,-8.425897],[-52.626713,-8.222074],[-52.794799,-7.860653],[-52.52975,-7.138063],[-52.350982,-6.972216],[-52.047812,-6.894912],[-51.974096,-6.710313],[-52.107847,-6.555345],[-52.258834,-6.576575],[-52.471132,-6.305916],[-52.60074,-6.02422],[-52.54547,-5.830788],[-52.660077,-5.730038],[-52.676858,-5.524947],[-52.886438,-5.382959],[-52.922464,-5.00991],[-52.752921,-4.744443],[-52.672096,-4.446747],[-52.725902,-4.302935],[-52.586206,-4.090006],[-52.577745,-3.786911],[-52.264744,-3.484153],[-52.196237,-3.248913],[-52.029321,-3.280065],[-51.847701,-3.613991],[-51.69834,-3.492722],[-51.754309,-3.341779],[-51.621576,-3.197854],[-52.011159,-2.835458],[-51.994041,-2.565518],[-52.185972,-2.192955],[-52.264218,-1.710776],[-51.869417,-1.526928],[-51.978817,-1.425446],[-51.778399,-1.140412]]]}},{"type":"Feature","properties":{"tzid":"America/Belize"},"geometry":{"type":"Polygon","coordinates":[[[-89.200705,16.29465],[-89.145769,17.946108],[-89.006426,17.987801],[-88.883641,17.900678],[-88.804797,17.961935],[-88.461854,18.488235],[-88.065784,18.415079],[-88.031167,18.167524],[-87.626777,18.186981],[-87.743623,17.871956],[-87.291182,17.537873],[-87.325187,17.16414],[-87.588284,16.659294],[-88.073395,16.028334],[-88.213442,15.934259],[-88.608308,16.072356],[-88.913023,15.899917],[-89.209806,15.898043],[-89.200705,16.29465]]]}},{"type":"Feature","properties":{"tzid":"America/Blanc-Sablon"},"geometry":{"type":"Polygon","coordinates":[[[-63.000124,49.767994],[-63,52.000063],[-57.107489,52.000076],[-57.107489,51.377136],[-57.304049,51.138839],[-57.736137,50.998607],[-58.501529,50.270919],[-60.47682,48.78138],[-60.45868,48.528505],[-62.902994,48.514923],[-62.902306,49.165293],[-62.257442,49.04419],[-61.65612,49.114741],[-61.883258,49.375579],[-63.000124,49.767994]]]}},{"type":"Feature","properties":{"tzid":"America/Boa_Vista"},"geometry":{"type":"Polygon","coordinates":[[[-63.391821,3.979833],[-63.207865,3.944213],[-63.230009,3.845993],[-63.00436,3.626305],[-62.850058,3.71939],[-62.768991,3.687292],[-62.76706,4.008891],[-62.53507,4.040506],[-62.462232,4.178467],[-62.126784,4.086171],[-61.735225,4.25848],[-61.587285,4.243019],[-61.504394,4.408628],[-61.31724,4.445949],[-61.28412,4.537314],[-61.149452,4.482969],[-60.95776,4.546864],[-60.950464,4.639371],[-60.585973,4.961731],[-60.737552,5.201887],[-60.69339,5.229555],[-60.443215,5.17891],[-60.200007,5.264227],[-60.111866,5.207438],[-59.971689,5.073081],[-60.037937,4.722895],[-60.161254,4.521577],[-59.67284,4.3774],[-59.726572,4.187105],[-59.525447,3.935092],[-59.667528,3.707145],[-59.870193,3.563613],[-59.812325,3.386685],[-59.953218,3.064413],[-59.991377,2.704461],[-59.898807,2.368371],[-59.726328,2.261001],[-59.749875,1.875843],[-59.688,1.779],[-59.253,1.389],[-58.886,1.261],[-58.89536,0.263472],[-60.037,0.264],[-60.40167,-0.510391],[-60.302793,-0.693071],[-60.522348,-0.86137],[-60.7607,-0.863644],[-60.924164,-0.570813],[-61.116811,-0.507172],[-61.435279,-0.638662],[-61.582296,-0.936661],[-61.614737,-1.387479],[-61.473624,-1.593865],[-61.604,-1.448],[-61.909985,-1.371564],[-62.01984,-1.143633],[-62.488997,-0.782283],[-62.493993,-0.684074],[-62.406372,-0.719722],[-62.287129,-0.633833],[-62.309874,-0.53133],[-62.193,-0.338],[-62.424,0.092],[-62.532,0.509],[-62.47,1.078],[-62.795588,1.629165],[-62.703311,1.933821],[-63.053568,2.02889],[-63.146339,2.173259],[-63.337564,2.184087],[-63.408859,2.439654],[-64.061204,2.50221],[-63.997754,2.734846],[-64.218628,3.113595],[-64.118153,3.282268],[-64.119118,3.470639],[-64.552875,3.926445],[-64.770552,4.052514],[-64.817029,4.246133],[-64.744492,4.272089],[-64.568313,4.104075],[-64.1399,4.107189],[-63.956405,3.878684],[-63.833141,3.945562],[-63.688817,3.910208],[-63.685791,4.009373],[-63.451141,3.857886],[-63.391821,3.979833]]]}},{"type":"Feature","properties":{"tzid":"America/Bogota"},"geometry":{"type":"MultiPolygon","coordinates":[[[[-81.787075,4.101943],[-81.633066,4.213845],[-81.504861,4.188128],[-81.417181,4.083705],[-81.417949,3.927264],[-81.515676,3.819529],[-81.7041,3.813247],[-81.812889,3.958716],[-81.787075,4.101943]]],[[[-78.430556,15.807152],[-78.517262,15.684378],[-78.662885,15.652298],[-78.794085,15.723765],[-78.840248,15.864583],[-78.773256,15.997337],[-78.583645,16.043769],[-78.460353,15.960396],[-78.430556,15.807152]]],[[[-80.065278,15.766667],[-80.029807,15.910153],[-79.904489,15.990414],[-79.716408,15.939621],[-79.652722,15.805539],[-79.702319,15.665626],[-79.833944,15.597317],[-79.979077,15.631952],[-80.065278,15.766667]]],[[[-81.245528,12.402583],[-81.345714,12.234778],[-81.637944,12.198194],[-81.669226,12.053115],[-81.79295,11.967499],[-82.124361,12.124667],[-81.935343,12.438756],[-81.921602,12.669017],[-81.778683,12.817428],[-81.62905,12.815774],[-81.341225,12.621555],[-81.245528,12.402583]]],[[[-80.094613,13.771835],[-79.942739,13.716711],[-79.833288,13.542531],[-79.866292,13.379816],[-79.97855,13.290795],[-80.175337,13.320322],[-80.287194,13.499238],[-80.261684,13.685854],[-80.094613,13.771835]]],[[[-81.621753,13.344081],[-81.423743,13.712657],[-81.215924,13.695265],[-81.11902,13.595735],[-81.137831,13.300965],[-81.253894,13.142218],[-81.518154,13.132579],[-81.621753,13.344081]]],[[[-81.360334,14.257534],[-81.237277,14.625146],[-81.108845,14.686832],[-80.925589,14.612638],[-80.882215,14.268101],[-81.020712,13.9505],[-81.282147,13.987723],[-81.360334,14.257534]]],[[[-80.445175,14.481617],[-80.162859,14.672457],[-79.993904,14.587146],[-79.953945,14.413901],[-80.135062,14.11756],[-80.331814,14.069958],[-80.484265,14.189998],[-80.445175,14.481617]]],[[[-79.173851,1.469585],[-79.226373,1.702021],[-78.326363,3.13268],[-77.729865,4.257097],[-77.696684,6.167954],[-78.036406,7.050936],[-77.818185,7.472481],[-77.720848,7.488032],[-77.738336,7.683],[-77.540359,7.538208],[-77.308413,7.900133],[-77.162341,7.929231],[-77.447158,8.472415],[-77.271867,8.976142],[-76.345028,9.536527],[-75.984553,10.258723],[-75.668985,10.698726],[-74.975104,11.273505],[-71.731435,12.652758],[-71.146887,12.523406],[-70.923912,12.157154],[-70.974856,11.879026],[-71.364536,11.84043],[-71.971363,11.646267],[-72.24459,11.14724],[-72.486216,11.097438],[-72.878637,10.45531],[-72.975241,9.803315],[-73.341162,9.214792],[-73.269507,9.164224],[-72.997503,9.273838],[-72.946542,9.091634],[-72.763251,9.094351],[-72.656035,8.621309],[-72.382109,8.311996],[-72.348038,8.020166],[-72.466445,7.962755],[-72.441511,7.427634],[-72.20364,7.387397],[-72.015488,7.030301],[-71.012138,6.978164],[-70.6914,7.095026],[-70.341766,6.944144],[-70.151787,6.982786],[-69.436681,6.105664],[-69.345081,6.14623],[-69.272253,6.081476],[-69.064071,6.221492],[-68.678713,6.134026],[-68.292646,6.167521],[-68.004813,6.206581],[-67.838087,6.317517],[-67.48604,6.220867],[-67.426996,6.027288],[-67.612052,5.766303],[-67.598834,5.551619],[-67.849288,5.293037],[-67.852154,4.515332],[-67.634518,3.787869],[-67.496266,3.760008],[-67.322288,3.365866],[-67.864323,2.789358],[-67.62689,2.813386],[-67.221844,2.400197],[-66.851177,1.342245],[-66.857049,1.240077],[-67.086753,1.167036],[-67.153836,1.831497],[-67.33083,1.941575],[-67.397387,2.229727],[-67.570581,2.044206],[-67.771544,2.007262],[-67.894885,1.845371],[-68.186881,1.997254],[-68.275481,1.821343],[-68.186679,1.730297],[-69.533187,1.775073],[-69.817517,1.700522],[-69.842658,1.072719],[-69.239101,1.038752],[-69.137306,0.876426],[-69.134687,0.679513],[-69.251266,0.606312],[-69.459073,0.724279],[-70.017169,0.544524],[-70.043228,-0.189979],[-69.608125,-0.510941],[-69.624946,-0.74367],[-69.395948,-1.138097],[-69.933288,-4.219702],[-70.309831,-3.811428],[-70.515208,-3.880923],[-70.713297,-3.796268],[-70.080309,-2.794916],[-70.067239,-2.688796],[-70.207658,-2.660396],[-70.248985,-2.554419],[-70.354643,-2.568224],[-70.34636,-2.497654],[-70.544114,-2.431454],[-70.618443,-2.48402],[-70.665479,-2.356503],[-70.881772,-2.222436],[-71.368582,-2.391943],[-71.726925,-2.185534],[-72.135673,-2.453492],[-72.379389,-2.485863],[-72.638211,-2.361413],[-72.685504,-2.453428],[-72.784381,-2.39548],[-72.925658,-2.455979],[-73.164096,-2.24347],[-73.070669,-2.09243],[-73.148668,-1.820334],[-73.532331,-1.709107],[-73.458602,-1.574709],[-73.649318,-1.268324],[-73.842266,-1.237861],[-73.960208,-1.085682],[-74.264692,-0.984655],[-74.388546,-0.555294],[-74.731708,-0.338922],[-74.796676,-0.187765],[-74.89536,-0.235576],[-75.176273,-0.040483],[-75.257639,-0.115773],[-75.809532,0.055647],[-76.003681,0.296487],[-76.261672,0.426949],[-76.38537,0.388045],[-76.463602,0.239545],[-76.90957,0.246997],[-77.159675,0.381482],[-77.505113,0.403957],[-77.482798,0.645834],[-77.669827,0.71033],[-77.703461,0.841835],[-77.893394,0.810805],[-78.160378,0.927036],[-78.303708,1.176037],[-78.627391,1.261598],[-78.852339,1.457307],[-79.173851,1.469585]]]]}},{"type":"Feature","properties":{"tzid":"America/Boise"},"geometry":{"type":"Polygon","coordinates":[[[-111.048624,44.072573],[-111.046852,42.024239],[-111.147628,42.001343],[-117.009255,41.998127],[-117.026585,42.451386],[-118.21503,42.448522],[-118.22834,44.212483],[-118.011341,44.415283],[-117.876041,44.443226],[-117.570106,44.43027],[-117.486153,44.30142],[-117.220241,44.301381],[-117.194311,44.499882],[-117.044217,44.74514],[-116.866021,44.870138],[-116.463522,45.613537],[-116.580444,45.770322],[-116.780937,45.824575],[-116.638809,46.035507],[-116.297616,45.859572],[-116.314627,45.419483],[-116.216529,45.40007],[-115.826249,45.465984],[-115.534791,45.385325],[-115.18649,45.567301],[-114.767085,45.391654],[-114.795733,45.485714],[-114.515811,45.567684],[-114.300329,45.474643],[-113.945731,45.693659],[-113.828954,45.612598],[-113.687717,45.258388],[-113.465019,45.062816],[-113.444648,44.862163],[-113.130416,44.749922],[-113.019987,44.483696],[-112.861088,44.366947],[-112.761543,44.487841],[-112.419048,44.453674],[-112.27118,44.565898],[-111.498181,44.541961],[-111.449536,44.717429],[-111.349234,44.725501],[-111.063806,44.477401],[-111.048624,44.072573]]]}},{"type":"Feature","properties":{"tzid":"America/Cambridge_Bay"},"geometry":{"type":"Polygon","coordinates":[[[-117.116916,70.000425],[-112.885288,70.000467],[-112.885282,69.833843],[-112.417839,69.854326],[-112.32762,69.895555],[-112.478398,69.889388],[-112.501914,69.963293],[-112.251899,70.00047],[-110.001687,70.000497],[-110.002733,79.129982],[-106.145572,79.545902],[-102.016516,80.121076],[-102.001534,73.429675],[-93.894588,72.242433],[-92.166233,71.878142],[-89.606081,70.017888],[-89,69.260324],[-89,67],[-102,67],[-102.000619,64.233672],[-109.334429,64.833637],[-110.667859,65.500327],[-112.501295,65.50032],[-116.497143,66.837844],[-120.68281,68.000288],[-120.680556,69.551437],[-116.635545,69.630696],[-117.146591,69.889319],[-117.116916,70.000425]]]}},{"type":"Feature","properties":{"tzid":"America/Campo_Grande"},"geometry":{"type":"Polygon","coordinates":[[[-56.235458,-17.223904],[-56.03243,-17.185358],[-55.164999,-17.637596],[-54.863729,-17.623258],[-54.750378,-17.52347],[-54.503752,-17.48011],[-54.344086,-17.656846],[-54.098192,-17.614149],[-53.71374,-17.22982],[-53.702884,-17.643228],[-53.855,-17.702],[-53.947,-17.898],[-53.769847,-18.00005],[-53.073509,-18.034511],[-53.136,-18.118],[-53.101,-18.31],[-52.763,-18.342],[-52.962,-18.54],[-52.873,-18.646],[-52.530113,-18.658322],[-52.0866,-18.945461],[-51.114348,-19.30479],[-50.93,-19.542],[-51.036,-19.687],[-50.993672,-19.901741],[-51.069,-20.25],[-51.341,-20.353],[-51.575,-20.623],[-51.624799,-20.942924],[-51.865,-21.13],[-51.860727,-21.337356],[-51.962,-21.493],[-52.0986,-21.544683],[-52.076,-21.714],[-52.503,-22.225],[-53.533,-22.882],[-53.741324,-23.335638],[-53.981534,-23.456854],[-54.094325,-23.929912],[-54.254256,-24.056666],[-54.631406,-23.829983],[-55.232897,-24.010035],[-55.4192,-23.944334],[-55.562115,-23.476213],[-55.505748,-23.382308],[-55.644341,-22.942986],[-55.621827,-22.649146],[-55.841439,-22.290927],[-56.190648,-22.273113],[-56.39382,-22.077488],[-56.626367,-22.244119],[-56.863073,-22.290812],[-57.998732,-22.054888],[-57.908011,-21.712608],[-57.965802,-21.517702],[-57.859613,-21.348216],[-57.823199,-20.956604],[-58.169668,-20.170459],[-57.875874,-20.001749],[-58.131,-19.758],[-57.784,-19.033],[-57.72,-19.032],[-57.735232,-18.797186],[-57.557,-18.24],[-57.453,-18.231],[-57.574,-18.131],[-57.77878,-17.587725],[-57.701641,-17.577752],[-57.672778,-17.728025],[-57.456586,-17.903297],[-57.045729,-17.730407],[-56.729679,-17.309652],[-56.427524,-17.316715],[-56.235458,-17.223904]]]}},{"type":"Feature","properties":{"tzid":"America/Cancun"},"geometry":{"type":"Polygon","coordinates":[[[-88.603202,18.251149],[-88.859336,17.896363],[-89.02184,17.992933],[-89.190574,17.953758],[-89.124887,18.444494],[-89.146667,19.423862],[-89.293947,19.548954],[-89.222869,19.636657],[-89.108392,19.612338],[-89.123398,19.703424],[-88.997529,19.704884],[-89.027824,19.770544],[-88.825926,19.879926],[-88.639866,20.120356],[-88.104236,20.312108],[-87.755237,20.643404],[-87.533145,20.999602],[-87.473045,21.723996],[-87.081523,21.809803],[-86.712257,21.717249],[-86.605003,21.612214],[-86.494413,21.221444],[-86.665454,20.791293],[-86.545363,20.703603],[-86.516481,20.556357],[-86.861725,20.106649],[-87.057025,20.075873],[-87.178946,20.162323],[-87.261984,20.063801],[-87.204669,19.570435],[-87.385165,18.952199],[-87.233772,18.947686],[-87.121908,18.845212],[-87.136912,18.496752],[-87.300807,18.378714],[-87.526339,18.460521],[-87.626777,18.186981],[-88.031167,18.167524],[-88.030366,18.414794],[-88.412217,18.492441],[-88.513584,18.465087],[-88.603202,18.251149]]]}},{"type":"Feature","properties":{"tzid":"America/Caracas"},"geometry":{"type":"MultiPolygon","coordinates":[[[[-70.850099,12.704193],[-70.67096,12.475784],[-70.65692,12.335882],[-70.899396,12.155845],[-71.035117,12.266518],[-71.143863,12.541083],[-71.021667,12.694646],[-70.850099,12.704193]]],[[[-63.398128,15.688153],[-63.455304,15.537836],[-63.596208,15.465775],[-63.750846,15.499884],[-63.857053,15.675748],[-63.777144,15.858211],[-63.629609,15.915776],[-63.477796,15.863484],[-63.398128,15.688153]]],[[[-63.128138,11.143397],[-63.317564,11.252886],[-63.322418,11.480683],[-63.195527,11.586585],[-62.974851,11.602494],[-62.854908,11.490034],[-62.854959,11.333296],[-62.946675,11.196591],[-63.128138,11.143397]]],[[[-64.841019,11.913188],[-64.68617,12.088434],[-64.517744,12.07749],[-64.264056,11.938067],[-64.20301,11.66403],[-64.300924,11.535807],[-64.455049,11.512526],[-64.784765,11.680157],[-64.841019,11.913188]]],[[[-65.318016,10.689671],[-65.53506,10.756114],[-65.634328,10.913436],[-65.612715,11.068058],[-65.43443,11.193979],[-65.115142,11.133168],[-64.997591,10.945706],[-65.081037,10.742383],[-65.318016,10.689671]]],[[[-67.001425,11.554883],[-67.155724,11.871042],[-67.081031,12.025812],[-66.929444,12.095302],[-66.610186,12.165411],[-66.462753,12.080519],[-66.409513,11.919866],[-66.075014,12.069164],[-65.895874,11.921599],[-65.924731,11.695788],[-66.037995,11.586041],[-66.19281,11.573755],[-66.371347,11.695751],[-66.81146,11.470368],[-67.001425,11.554883]]],[[[-67.499996,12.177186],[-67.318739,12.168366],[-67.234415,12.080588],[-67.270814,11.800858],[-67.447637,11.740066],[-67.826941,11.844864],[-67.893159,12.055928],[-67.818821,12.217199],[-67.639917,12.257925],[-67.499996,12.177186]]],[[[-67.500004,10.73575],[-66.354422,10.833849],[-66.209484,10.981147],[-66.054576,11.015234],[-65.898003,10.882549],[-65.820427,10.513515],[-65.119655,10.306575],[-64.841293,10.494728],[-64.493698,10.572584],[-64.486606,10.787369],[-64.611363,10.966399],[-64.484899,11.216736],[-63.501108,11.493344],[-63.369535,11.298066],[-63.553438,11.087521],[-63.607251,10.878278],[-62.69256,10.964582],[-61.746312,10.917653],[-61.802833,10.61294],[-61.921873,10.442663],[-62.128903,10.431071],[-62.327204,10.277475],[-62.028615,10.180106],[-62.079598,10.054623],[-62.003975,10.018615],[-61.504802,9.970606],[-60.873043,9.733413],[-60.515443,9.243094],[-60.404206,8.781262],[-60.043031,8.767012],[-59.804078,8.638051],[-59.966506,8.556307],[-59.818887,8.259289],[-60.327644,7.853476],[-60.521819,7.822306],[-60.707461,7.555234],[-60.594536,7.345039],[-60.618512,7.205216],[-60.548393,7.132093],[-60.370416,7.184355],[-60.289862,7.07036],[-60.710943,6.760527],[-60.901122,6.813624],[-60.940829,6.72933],[-61.138058,6.722074],[-61.212645,6.540328],[-61.138042,6.222351],[-61.362982,5.96696],[-60.685344,5.193815],[-60.608386,4.922086],[-60.881381,4.71325],[-60.997843,4.516169],[-61.328677,4.519581],[-61.324235,4.442505],[-61.514833,4.398958],[-61.553607,4.264995],[-62.141064,4.081719],[-62.424413,4.182522],[-62.570347,4.014735],[-62.759571,4.016222],[-62.745559,3.68665],[-62.833772,3.734743],[-62.983696,3.613006],[-63.226662,3.830792],[-63.250362,3.961092],[-63.439972,3.964742],[-63.434865,3.874017],[-63.520503,3.84868],[-63.651009,4.000468],[-63.673432,3.928832],[-63.995812,3.903732],[-64.134053,4.105038],[-64.611829,4.11087],[-64.777258,4.287313],[-64.823992,4.201279],[-64.735501,4.024249],[-64.133903,3.485385],[-64.12165,3.290869],[-64.220238,3.116262],[-64.017291,2.79983],[-64.032472,2.474448],[-63.38576,2.430854],[-63.375728,2.236426],[-63.415929,2.144848],[-63.662542,2.03316],[-63.98253,1.980535],[-64.060636,1.917293],[-64.093493,1.624697],[-64.330391,1.393565],[-64.385237,1.524575],[-64.721006,1.2408],[-64.788324,1.299794],[-65.006672,1.129695],[-65.139678,1.125833],[-65.184159,0.93267],[-65.333494,0.925697],[-65.440053,0.701359],[-65.533168,0.663274],[-65.588368,0.735817],[-65.50993,0.914112],[-65.569797,0.995618],[-65.858928,0.940158],[-66.121967,0.748728],[-66.310351,0.744922],[-66.855919,1.226877],[-67.213175,2.382627],[-67.608114,2.803538],[-67.837518,2.795233],[-67.86425,2.867582],[-67.311226,3.37995],[-67.514012,3.775767],[-67.642107,3.808464],[-67.856355,4.533551],[-67.84873,5.29575],[-67.637758,5.459136],[-67.586603,5.834702],[-67.408443,5.994285],[-67.475145,6.2093],[-67.795494,6.322507],[-68.012302,6.202379],[-68.687146,6.135499],[-69.071195,6.219871],[-69.278884,6.083439],[-69.537641,6.246202],[-70.138376,6.977025],[-70.331227,6.940531],[-70.681003,7.100722],[-71.007729,6.979027],[-72.043018,7.038074],[-72.20924,7.38878],[-72.408453,7.39382],[-72.458568,7.47844],[-72.463691,7.917581],[-72.35464,8.164027],[-72.391781,8.354962],[-72.639402,8.608419],[-72.762914,9.076627],[-72.933885,9.083471],[-72.993952,9.2688],[-73.262367,9.161242],[-73.346489,9.206184],[-72.94767,9.846626],[-72.999036,9.923865],[-72.825673,10.554898],[-72.485714,11.098119],[-72.245694,11.145223],[-71.979177,11.632029],[-71.367013,11.837135],[-71.09545,11.835696],[-71.268992,11.587875],[-71.748536,11.424639],[-71.633085,11.240189],[-71.456161,11.168349],[-70.464912,11.491582],[-70.407993,11.515751],[-70.477435,11.985338],[-70.354489,12.24282],[-70.162926,12.348852],[-69.738626,12.259615],[-69.51433,11.706913],[-69.237167,11.733595],[-68.764443,11.633708],[-68.327437,11.38471],[-68.053565,11.045405],[-67.976701,10.714596],[-67.500004,10.73575]]]]}},{"type":"Feature","properties":{"tzid":"America/Cayenne"},"geometry":{"type":"Polygon","coordinates":[[[-52.5,5.48146],[-52.108045,5.111522],[-51.812183,4.984068],[-51.513303,4.666268],[-51.63716,4.508337],[-51.644341,4.083169],[-52.335296,3.151487],[-52.574549,2.506879],[-52.987011,2.168702],[-53.27231,2.190184],[-53.255,2.290278],[-53.34035,2.349579],[-53.507345,2.258489],[-53.776329,2.370075],[-54.101507,2.126031],[-54.456099,2.209295],[-54.582505,2.323936],[-54.391092,2.468342],[-54.212922,2.770078],[-54.211156,3.143923],[-53.984837,3.592315],[-54.294831,3.946835],[-54.395987,4.208023],[-54.470318,4.884672],[-54.405556,5.084167],[-54.005664,5.558135],[-53.864106,5.983889],[-52.5,5.48146]]]}},{"type":"Feature","properties":{"tzid":"America/Cayman"},"geometry":{"type":"MultiPolygon","coordinates":[[[[-80.268354,19.795546],[-79.700156,19.954332],[-79.53559,19.846326],[-79.514077,19.71661],[-79.64264,19.55049],[-80.113027,19.457003],[-80.295398,19.562054],[-80.268354,19.795546]]],[[[-81.337543,19.06776],[-81.510406,19.100179],[-81.589058,19.198252],[-81.626144,19.420642],[-81.561283,19.53065],[-81.363386,19.59637],[-80.966766,19.51206],[-80.873966,19.351753],[-80.912782,19.200235],[-81.337543,19.06776]]]]}},{"type":"Feature","properties":{"tzid":"America/Chicago"},"geometry":{"type":"Polygon","coordinates":[[[-100.560533,44.449493],[-100.524757,44.517776],[-100.633759,44.573807],[-100.630859,44.733009],[-100.730644,44.786259],[-100.547348,44.76181],[-100.394798,44.880878],[-100.426239,44.984058],[-100.323601,45.019115],[-100.276627,45.367535],[-100.483597,45.551228],[-100.31665,45.669289],[-100.35656,45.858665],[-100.511793,45.943654],[-101.287223,45.944107],[-101.325472,46.091119],[-100.895861,46.395587],[-100.593699,46.428294],[-100.543213,46.531155],[-100.834251,46.749069],[-100.976784,47.229504],[-101.323814,47.288986],[-101.425133,47.558674],[-101.852478,47.502274],[-102.250025,47.615253],[-102.519928,47.512896],[-103.02619,47.679345],[-103.059829,47.586376],[-103.41578,47.591948],[-103.496528,47.524796],[-103.737091,47.588871],[-103.800613,47.84893],[-103.928619,47.84811],[-104.044338,48.024827],[-104.048704,48.999877],[-95.153194,48.998861],[-95.153389,49.384472],[-94.989,49.368944],[-94.817705,49.27217],[-94.690889,48.778],[-93.844361,48.630222],[-93.768,48.516306],[-93.254667,48.642806],[-92.984583,48.623833],[-92.657861,48.546222],[-92.688111,48.443694],[-92.456444,48.414083],[-92.375833,48.228278],[-92.269583,48.248194],[-92.288833,48.342806],[-92.090889,48.3545],[-91.980583,48.247917],[-91.713139,48.198028],[-91.572722,48.057389],[-91.275917,48.078778],[-90.875083,48.237833],[-90.702917,48.096028],[-90.091611,48.104667],[-89.872667,47.985528],[-89.489205,48.014549],[-90.379393,46.536408],[-90.204311,46.478439],[-90.07193,46.327453],[-88.131679,45.927626],[-88.098957,45.789637],[-87.783719,45.684362],[-87.858858,45.389023],[-87.678257,45.383694],[-87.723436,45.165531],[-87.642396,45.106263],[-87.44276,45.076471],[-87.405694,45.201969],[-87.000121,45.444119],[-86.756512,45.443642],[-86.282304,45.249983],[-86.686288,44.881002],[-87.013234,44.131905],[-87.147166,43.379859],[-87.025669,42.531934],[-87.206442,41.766303],[-86.529359,41.759647],[-86.486484,41.570473],[-86.524714,41.468977],[-86.915317,41.245923],[-86.930759,40.912418],[-87.099533,40.839874],[-87.096788,40.736495],[-87.526264,40.690128],[-87.531422,39.375154],[-87.653334,39.146641],[-87.516658,38.93348],[-87.495794,38.741361],[-87.754927,38.46409],[-87.743894,38.413862],[-87.540489,38.518406],[-87.316512,38.34713],[-87.298111,38.246002],[-86.791548,38.205147],[-86.779993,37.956522],[-86.658374,37.869376],[-86.524656,38.012894],[-86.429284,38.000187],[-86.151324,37.798838],[-86.233809,37.579643],[-86.000229,37.44696],[-85.606352,37.462516],[-85.353226,37.192234],[-85.188103,37.307072],[-85.05691,37.257049],[-84.863741,37.007998],[-85.052467,36.865063],[-84.998593,36.661838],[-84.762635,36.572105],[-84.667908,36.406345],[-84.87675,36.270747],[-84.900861,36.174081],[-84.679497,35.907455],[-85.093398,35.582837],[-85.386937,35.147231],[-85.381691,35.047222],[-85.597502,34.984578],[-85.210892,33.000602],[-85.282,32.847],[-85.214,32.514],[-84.894962,32.266677],[-85.045593,32.143758],[-85.138761,31.859871],[-85.047606,31.523712],[-85.099254,31.181334],[-84.867193,30.685636],[-85.136981,30.164931],[-85.024401,29.824874],[-85.098668,29.773562],[-85.378696,30.017753],[-85.474849,29.830132],[-85.409254,29.642292],[-85.275678,29.631457],[-85.26911,29.466747],[-85.51461,29.518588],[-85.763289,29.901378],[-86.376635,30.172544],[-88.592623,30.019898],[-88.634546,29.712375],[-88.904101,29.403797],[-88.749101,29.273572],[-88.762595,29.067757],[-89.008065,28.808539],[-89.449519,28.704676],[-89.626465,28.799531],[-89.704018,29.033658],[-90.290596,28.861105],[-90.962863,28.843731],[-91.528856,29.179319],[-91.939564,29.220596],[-92.154711,29.356899],[-92.665387,29.385676],[-93.206762,29.568735],[-93.610076,29.55268],[-93.784324,29.446503],[-93.98402,29.480656],[-94.424946,29.316649],[-95.244565,28.702828],[-96.091847,28.323865],[-96.765666,27.851136],[-97.049396,27.432707],[-97.152294,27.092481],[-96.9261,25.993324],[-97.34572,25.93009],[-97.38921,25.83947],[-97.66568,26.01903],[-98.20573,26.0672],[-98.79985,26.36247],[-99.09009,26.40875],[-99.274097,26.850162],[-99.45116,27.05555],[-99.53708,27.59739],[-99.87345,27.79571],[-99.94221,27.98262],[-100.2778,28.263],[-100.33456,28.49504],[-100.79597,29.22892],[-101.246942,29.51997],[-101.247633,29.620719],[-101.283805,29.585002],[-101.45411,29.76671],[-102.06407,29.78677],[-102.29653,29.87433],[-102.38506,29.77207],[-102.67302,29.74446],[-102.8926,29.30596],[-102.86691,29.2248],[-103.15223,28.97255],[-104.01399,29.31103],[-104.53523,29.67237],[-104.679979,29.933602],[-104.68709,30.17904],[-104.97909,30.62142],[-104.917229,30.663569],[-104.918681,32.000263],[-103.064672,32.048508],[-103.002441,37.000087],[-102.051859,36.99315],[-102.041808,37.696145],[-101.563465,37.736509],[-101.527056,37.827762],[-101.567117,38.699708],[-101.484985,38.700176],[-101.478068,39.134904],[-101.391281,39.134537],[-101.39016,39.56855],[-102.049764,39.56817],[-102.051742,39.991816],[-101.322486,40.002728],[-101.343185,40.697338],[-101.245575,40.697426],[-101.248032,41.005001],[-101.27018,41.395943],[-101.405487,41.395439],[-101.404457,41.743195],[-100.843887,41.740372],[-100.844398,42.089584],[-100.750147,42.088661],[-100.829514,42.438502],[-100.775008,42.438517],[-100.773315,42.610367],[-100.89092,42.611364],[-100.845418,42.784552],[-100.901392,42.997902],[-101.227692,42.997896],[-101.228195,43.779531],[-101.093544,43.846421],[-101.046893,44.168338],[-100.848518,44.168328],[-100.560533,44.449493]]]}},{"type":"Feature","properties":{"tzid":"America/Chihuahua"},"geometry":{"type":"Polygon","coordinates":[[[-106.652569,25.558657],[-106.87331,25.571661],[-107.040755,25.697016],[-107.296128,25.924793],[-107.345742,26.108772],[-107.838416,26.182315],[-108.062675,26.629957],[-108.014192,26.773205],[-108.225917,26.927868],[-108.190859,27.020666],[-108.602179,27.036985],[-108.652206,27.537834],[-108.895501,27.74474],[-108.869241,27.839032],[-109.031995,28.018227],[-109.069035,28.249195],[-108.791585,28.253495],[-108.521719,28.364595],[-108.742676,29.226374],[-108.682081,29.267289],[-108.656656,29.712458],[-108.540929,29.735982],[-108.621483,29.878935],[-108.617482,30.235137],[-108.526631,30.190371],[-108.436022,30.343762],[-108.204653,30.376057],[-108.225392,30.474666],[-108.079808,30.602461],[-108.107285,30.660917],[-107.937259,30.661895],[-107.975257,30.767141],[-107.912255,30.844713],[-107.575263,30.749889],[-107.3624,30.835951],[-107.292611,30.771291],[-107.099314,30.863773],[-107.044916,31.086114],[-106.410104,31.187802],[-106.193684,30.952941],[-106.09119,30.985119],[-106.054283,30.850183],[-105.785907,30.827199],[-105.596743,30.458953],[-105.575246,30.36681],[-105.677625,30.249728],[-105.625477,30.188135],[-105.687126,30.219026],[-105.895177,30.065548],[-105.771851,29.999934],[-105.866291,29.654463],[-105.712027,29.646765],[-105.085634,29.205299],[-105.061755,28.97798],[-104.840074,28.994769],[-104.662185,28.776479],[-104.468126,28.753245],[-104.348409,28.595588],[-104.118999,28.708047],[-104.032123,28.57101],[-103.655362,28.601005],[-103.945783,27.856388],[-103.874739,27.332509],[-103.745383,27.039098],[-103.851701,26.896134],[-103.701154,26.729727],[-104.304099,26.807014],[-104.330316,26.656494],[-104.574451,26.340468],[-104.776889,26.492559],[-105.314491,26.470867],[-106.047366,26.844788],[-106.217263,26.660619],[-106.455447,25.972486],[-106.533682,25.945543],[-106.555806,25.691778],[-106.464063,25.741413],[-106.652569,25.558657]]]}},{"type":"Feature","properties":{"tzid":"America/Ciudad_Juarez"},"geometry":{"type":"Polygon","coordinates":[[[-104.868508,30.472646],[-105.088182,30.508059],[-105.208498,30.354451],[-105.314169,30.428673],[-105.35177,30.329409],[-105.563072,30.337686],[-105.711595,30.761097],[-105.849486,30.846535],[-106.053611,30.819754],[-106.091187,30.983238],[-106.193684,30.952941],[-106.304914,31.151251],[-106.507416,31.18733],[-107.044916,31.086114],[-107.097325,30.892231],[-107.26198,30.759012],[-107.343427,30.820037],[-107.615953,30.719639],[-107.80172,30.859257],[-107.959426,30.822872],[-107.948148,30.679466],[-108.11009,30.675447],[-108.072092,30.626781],[-108.188382,30.5337],[-108.176106,30.448852],[-108.436022,30.343762],[-108.50527,30.18121],[-108.617573,30.235977],[-108.603834,30.465085],[-108.876465,30.624574],[-108.929849,30.861021],[-108.802393,30.904113],[-108.803255,31.004829],[-108.683807,31.005973],[-108.833297,31.125459],[-108.860687,31.218927],[-108.77835,31.298241],[-108.208483,31.333374],[-108.208494,31.783696],[-106.537238,31.783916],[-106.39984,31.74228],[-106.19254,31.4605],[-105.9645,31.36558],[-105.37327,30.84835],[-105.01396,30.68261],[-104.868508,30.472646]]]}},{"type":"Feature","properties":{"tzid":"America/Costa_Rica"},"geometry":{"type":"MultiPolygon","coordinates":[[[[-87.101492,5.507988],[-87.101996,5.508263],[-87.101334,5.508525],[-87.101492,5.507988]]],[[[-87.099671,5.512668],[-87.10025,5.51214],[-87.100355,5.512567],[-87.099671,5.512668]]],[[[-87.093784,5.512892],[-87.09355,5.512914],[-87.093682,5.512684],[-87.093784,5.512892]]],[[[-87.092806,5.514828],[-87.093112,5.515354],[-87.09256,5.515055],[-87.092806,5.514828]]],[[[-87.064222,5.550442],[-87.063893,5.549564],[-87.064373,5.549601],[-87.064222,5.550442]]],[[[-87.054183,5.555162],[-87.053505,5.5547],[-87.054151,5.554198],[-87.054183,5.555162]]],[[[-87.04821,5.56097],[-87.0477,5.5629],[-87.047688,5.55919],[-87.04821,5.56097]]],[[[-87.032785,5.549622],[-87.032978,5.550183],[-87.031969,5.55061],[-87.032785,5.549622]]],[[[-87.035614,5.521545],[-87.036128,5.52185],[-87.035742,5.521987],[-87.035614,5.521545]]],[[[-87.054197,5.509448],[-87.054752,5.509486],[-87.054425,5.509881],[-87.054197,5.509448]]],[[[-87.067519,5.504774],[-87.068225,5.504515],[-87.068367,5.505735],[-87.067519,5.504774]]],[[[-87.05132,5.518698],[-87.084023,5.506626],[-87.048053,5.557139],[-87.05132,5.518698]]],[[[-83.725759,10.783725],[-83.680667,11.027389],[-83.568484,11.106206],[-83.011228,10.20959],[-82.429904,9.721973],[-82.557436,9.538897],[-82.649722,9.496944],[-82.821197,9.60985],[-82.843798,9.499103],[-82.943187,9.472528],[-82.934439,9.083916],[-82.725873,8.954844],[-82.916539,8.744236],[-82.828584,8.62149],[-82.852139,8.462601],[-83.022694,8.352448],[-82.890798,8.098606],[-82.981723,7.853882],[-85.818288,9.764026],[-86.039611,10.164672],[-86.183355,10.869714],[-86.039241,11.086115],[-85.726905,11.06859],[-85.560395,11.210044],[-84.910667,10.944029],[-84.696071,11.075484],[-84.351,10.987642],[-84.204787,10.7959],[-83.913789,10.711224],[-83.725759,10.783725]],[[-83.675648,10.92597],[-83.673148,10.934197],[-83.670523,10.927516],[-83.675648,10.92597]]]]}},{"type":"Feature","properties":{"tzid":"America/Creston"},"geometry":{"type":"Polygon","coordinates":[[[-115.972164,49.000939],[-117.0147,49.0538],[-117.0392,49.1558],[-116.717945,49.25],[-116.9111,49.6377],[-116.8697,49.8092],[-116.587316,49.737267],[-116.678532,49.581031],[-116.59837,49.475859],[-116.319253,49.524764],[-116.15576,49.287864],[-116.0268,49.2916],[-115.7334,49.0296],[-115.972164,49.000939]]]}},{"type":"Feature","properties":{"tzid":"America/Cuiaba"},"geometry":{"type":"Polygon","coordinates":[[[-57.681283,-17.683899],[-57.718861,-17.536524],[-57.883,-17.449],[-57.98,-17.51],[-58.116,-17.451],[-58.396,-17.181],[-58.47,-16.703],[-58.343,-16.517],[-58.339545,-16.274175],[-60.154599,-16.267093],[-60.239205,-15.474916],[-60.575185,-15.097731],[-60.245003,-15.09743],[-60.273591,-14.620958],[-60.47049,-14.200187],[-60.381463,-13.989768],[-60.705728,-13.696991],[-60.627279,-13.569708],[-60.406882,-13.461485],[-60.282171,-13.099104],[-60.079113,-12.881142],[-60.042386,-12.638852],[-59.791707,-12.345997],[-60.121327,-11.712921],[-59.919555,-11.324318],[-60.032784,-11.122487],[-60.382652,-11.096045],[-60.546157,-10.988934],[-61.55,-10.986],[-61.461,-10.42],[-61.600833,-10.158541],[-61.488359,-9.650422],[-61.628,-9.257],[-61.524,-9.242],[-61.492,-8.884],[-61.568,-8.801],[-58.446165,-8.800917],[-58.353611,-8.734857],[-58.420916,-8.504928],[-58.285882,-8.094815],[-58.372893,-7.816956],[-58.221947,-7.638586],[-58.141923,-7.36153],[-57.997081,-7.497315],[-57.83237,-7.97169],[-57.64456,-8.228048],[-57.690749,-8.405803],[-57.615558,-8.748818],[-57.206359,-8.919485],[-57.052517,-9.186582],[-56.80399,-9.271848],[-56.772679,-9.371695],[-50.207568,-9.839025],[-50.60282,-10.67376],[-50.611174,-11.070242],[-50.73986,-11.458589],[-50.67,-11.581],[-50.621075,-12.438815],[-50.68918,-12.638684],[-50.61946,-12.822686],[-50.498221,-12.877084],[-50.593,-13.002],[-50.612063,-13.315954],[-50.853481,-13.760394],[-50.84267,-14.104735],[-50.970038,-14.280343],[-50.994511,-14.617877],[-51.147237,-14.969952],[-51.419805,-15.005412],[-51.640822,-15.1709],[-51.878553,-15.811261],[-52.215909,-15.891766],[-52.327344,-16.058908],[-52.684277,-16.308752],[-52.625821,-16.523966],[-53.017859,-16.887353],[-53.205488,-17.284648],[-53.240578,-17.675016],[-53.071836,-18.021071],[-53.691204,-18.01127],[-53.919735,-17.916159],[-53.855,-17.702],[-53.702884,-17.643228],[-53.694982,-17.240715],[-54.07266,-17.596766],[-54.308297,-17.659735],[-54.581663,-17.468007],[-54.846584,-17.612874],[-55.143166,-17.645546],[-56.113955,-17.166631],[-56.427524,-17.316715],[-56.729679,-17.309652],[-57.045729,-17.730407],[-57.45247,-17.901135],[-57.681283,-17.683899]]]}},{"type":"Feature","properties":{"tzid":"America/Curacao"},"geometry":{"type":"Polygon","coordinates":[[[-68.62108,12.21696],[-68.441335,11.933064],[-68.639954,11.777],[-69.207021,12.04],[-69.356234,12.253],[-69.351655,12.457],[-69.24377,12.572],[-69.079858,12.58],[-68.62108,12.21696]]]}},{"type":"Feature","properties":{"tzid":"America/Danmarkshavn"},"geometry":{"type":"Polygon","coordinates":[[[-16.772349,79.533747],[-16.703431,79.417434],[-16.172373,79.523319],[-15.379121,79.521454],[-14.92259,79.432107],[-14.810147,79.326719],[-14.935349,79.233094],[-15.4243,79.143285],[-16.539542,79.194142],[-16.54749,79.033709],[-16.907046,78.743328],[-16.669258,77.927146],[-16.508496,77.786816],[-17.30514,77.21472],[-17.333508,76.847267],[-17.87553,76.477604],[-17.489785,75.815433],[-19.47436,75.742012],[-22.911875,75.953988],[-22.673377,79.61149],[-19.446317,79.497819],[-16.772349,79.533747]]]}},{"type":"Feature","properties":{"tzid":"America/Dawson"},"geometry":{"type":"Polygon","coordinates":[[[-141.000738,68.560667],[-141.00275,69.84588],[-138.798799,69.815979],[-138.433836,69.720139],[-138.020011,69.480648],[-138,60.000697],[-139.061328,59.999637],[-139.198845,60.088296],[-139.072126,60.319429],[-139.692981,60.335224],[-139.981094,60.181966],[-140.458206,60.308085],[-140.520424,60.219819],[-141.00198,60.306369],[-141.000738,68.560667]]]}},{"type":"Feature","properties":{"tzid":"America/Dawson_Creek"},"geometry":{"type":"Polygon","coordinates":[[[-120.001362,55.883431],[-120.001273,53.798712],[-120.091269,53.983103],[-120.18235,53.943246],[-120.260167,54.006752],[-120.183188,54.105916],[-120.531008,54.135142],[-120.815534,54.487174],[-121.318667,54.512762],[-121.527516,54.650537],[-121.55925,54.819794],[-121.839685,54.860181],[-121.951847,55.009303],[-122.276038,55.141801],[-122.598685,55.409488],[-122.66583,55.339411],[-123.000158,55.431663],[-122.942782,55.559215],[-123.043908,55.561498],[-123.141139,55.72607],[-123.331946,55.720083],[-123.456533,55.923921],[-123.487451,56.203269],[-123.634151,56.384363],[-123.553875,56.463774],[-123.741461,56.569416],[-123.664181,56.651708],[-123.761567,56.685251],[-123.769783,56.809357],[-123.959144,57.013453],[-123.94003,57.104594],[-124.188497,57.26472],[-124.07525,57.319517],[-124.115657,57.4248],[-124.489215,57.662827],[-124.822784,57.739478],[-124.944816,57.836473],[-124.913315,57.979296],[-120.001273,58],[-120.001362,55.883431]]]}},{"type":"Feature","properties":{"tzid":"America/Denver"},"geometry":{"type":"MultiPolygon","coordinates":[[[[-109.387515,35.129421],[-109.366634,35.144962],[-109.3661,35.129355],[-109.387515,35.129421]]],[[[-109.407121,35.194225],[-109.406588,35.187579],[-109.418102,35.18759],[-109.407121,35.194225]]],[[[-110.100372,35.699612],[-110.21254,35.743763],[-110.15026,35.805105],[-110.100372,35.699612]]],[[[-100.549275,44.761327],[-100.730042,44.798576],[-100.615372,44.692875],[-100.637611,44.57745],[-100.536949,44.553345],[-100.56633,44.452099],[-100.848518,44.168328],[-101.046893,44.168338],[-101.068008,43.846847],[-101.211321,43.804811],[-101.227692,42.997896],[-100.901392,42.997902],[-100.845418,42.784552],[-100.89092,42.611364],[-100.773315,42.610367],[-100.829514,42.351938],[-100.750147,42.088661],[-100.844398,42.089584],[-100.843887,41.740372],[-101.404457,41.743195],[-101.405487,41.395439],[-101.27018,41.395943],[-101.245575,40.697426],[-101.343185,40.697338],[-101.322486,40.002728],[-102.020537,40.003095],[-102.051648,39.914593],[-102.049954,39.592331],[-101.412842,39.568474],[-101.390289,39.482376],[-101.484985,38.700176],[-101.567117,38.699708],[-101.527062,37.750237],[-102.041808,37.696145],[-102.042132,36.993072],[-102.979726,36.998732],[-103.002281,36.933501],[-103.064631,32.000391],[-104.881739,32.000265],[-104.917229,30.663569],[-104.979708,30.629216],[-105.55615,30.98892],[-105.94707,31.35513],[-106.21783,31.47834],[-106.37917,31.73006],[-106.569975,31.783883],[-108.18241,31.783672],[-108.208467,31.367447],[-109.004253,31.332365],[-109.045977,34.857465],[-109.314511,34.907983],[-109.363014,34.991072],[-109.504296,34.948986],[-109.526811,35.110921],[-109.38771,35.185436],[-109.421021,35.145167],[-109.3321,35.11493],[-109.300714,35.224951],[-109.438262,35.256799],[-109.682944,35.068376],[-109.685166,35.169915],[-111.236268,35.156539],[-111.317974,35.754729],[-111.536721,35.757178],[-111.554485,35.641127],[-111.723271,35.672092],[-111.762605,36.198716],[-111.872893,36.352014],[-111.825915,36.543452],[-111.58939,36.863096],[-111.431053,36.874276],[-111.383333,36.963399],[-111.219418,36.862168],[-111.377024,36.982827],[-114.050137,36.999779],[-114.043812,40.689748],[-114.112847,40.725489],[-114.043787,40.755583],[-114.041372,41.993739],[-111.046714,42.001702],[-111.052462,44.476157],[-111.374931,44.748107],[-111.516628,44.641275],[-111.486131,44.557558],[-112.253925,44.569437],[-112.386171,44.448042],[-112.733555,44.499941],[-112.84424,44.358862],[-113.006093,44.470709],[-113.132369,44.76836],[-113.454656,44.865025],[-113.450661,45.053202],[-113.731212,45.323175],[-113.842572,45.612233],[-114.012346,45.694118],[-114.304359,45.471321],[-114.522423,45.568768],[-114.495585,45.702509],[-114.566465,45.77331],[-114.401827,45.871868],[-114.515361,46.164105],[-114.324417,46.653052],[-114.746617,46.703981],[-115.339145,47.262259],[-115.74862,47.422726],[-115.658846,47.45485],[-115.72695,47.67715],[-116.048352,47.976646],[-116.049232,49.000845],[-104.048704,48.999877],[-104.044338,48.024827],[-103.928619,47.84811],[-103.800613,47.84893],[-103.737091,47.588871],[-103.455376,47.519238],[-103.395793,47.593911],[-103.09007,47.584161],[-102.988388,47.667843],[-102.43025,47.50525],[-102.393,47.587],[-102.221336,47.591103],[-102.09391,46.71706],[-101.299706,46.629963],[-101.29921,46.370533],[-101.048958,46.370392],[-101.050168,46.281936],[-101.324061,46.09528],[-101.324059,45.944165],[-100.423439,45.91441],[-100.31665,45.669289],[-100.483597,45.551228],[-100.341255,45.475014],[-100.260887,45.233192],[-100.328613,45.076195],[-100.282898,45.032295],[-100.41848,45.001858],[-100.395432,44.886814],[-100.549275,44.761327]],[[-111.212181,36.125443],[-111.102295,36.134258],[-111.138969,35.965591],[-111.242248,35.966118],[-111.292618,36.058876],[-111.212181,36.125443]],[[-110.000665,35.853482],[-110.000674,35.662625],[-110.14712,35.648581],[-110.125761,35.578137],[-110.88633,35.500008],[-110.803459,35.567287],[-110.965965,35.548874],[-111.000702,36.281406],[-110.896851,36.277733],[-110.796028,36.39682],[-110.310554,36.428906],[-110.453918,36.152702],[-110.616722,36.059826],[-110.519607,36.015804],[-110.445045,36.099571],[-110.027428,35.926853],[-110.000665,35.853482]]]]}},{"type":"Feature","properties":{"tzid":"America/Detroit"},"geometry":{"type":"Polygon","coordinates":[[[-86.824286,41.76024],[-87.207774,41.760956],[-87.021158,42.48891],[-87.125607,43.659518],[-87.013234,44.131905],[-86.689016,44.874999],[-86.2501,45.235735],[-86.717245,45.42856],[-87.101133,45.44423],[-87.327597,45.551211],[-87.367648,45.985237],[-87.617037,45.985953],[-87.61553,46.246665],[-88.117299,46.246649],[-88.116732,46.376701],[-88.241824,46.420115],[-88.991219,46.419756],[-88.990946,46.332305],[-89.365338,46.33295],[-89.365006,46.505886],[-89.74062,46.505563],[-89.739885,46.592555],[-89.86442,46.634059],[-89.863728,46.765436],[-90.397996,46.576184],[-89.500087,47.988543],[-88.369862,48.306063],[-84.860139,46.888917],[-84.762833,46.634306],[-84.556833,46.460806],[-84.111139,46.504222],[-84.115417,46.268028],[-83.955472,46.05675],[-83.571944,46.105778],[-83.433778,45.998167],[-83.586248,45.833116],[-82.518611,45.338639],[-82.122806,43.591194],[-82.470345,42.887409],[-82.518933,42.613737],[-82.828182,42.373408],[-83.073993,42.311848],[-83.185535,41.905919],[-83.415851,41.733794],[-86.824286,41.76024]]]}},{"type":"Feature","properties":{"tzid":"America/Dominica"},"geometry":{"type":"Polygon","coordinates":[[[-61.4425,15.787222],[-61.138333,15.701667],[-61.043677,15.541066],[-61.083955,15.144618],[-61.349024,15.007494],[-61.560994,15.128638],[-61.686918,15.525979],[-61.644225,15.665839],[-61.4425,15.787222]]]}},{"type":"Feature","properties":{"tzid":"America/Edmonton"},"geometry":{"type":"MultiPolygon","coordinates":[[[[-110.005448,53.71727],[-109.974473,53.596469],[-109.642756,53.589566],[-109.52368,53.415918],[-109.107226,53.296876],[-108.847684,53.03465],[-108.923513,52.892505],[-108.88354,52.804329],[-109.225028,52.932868],[-109.312397,52.73986],[-109.5,52.667991],[-110.005465,52.665415],[-110.04366,48.999632],[-115.692701,49.000848],[-116.0571,49.2914],[-116.158313,49.287184],[-116.319253,49.524764],[-116.646155,49.465015],[-116.662311,49.663174],[-116.594318,49.733372],[-116.690222,49.843236],[-116.485273,49.971461],[-116.451033,50.147989],[-116.715194,50.464878],[-116.636713,50.666894],[-117.081941,50.871197],[-117.071913,50.970385],[-117.3331,51.2833],[-117.2012,51.3292],[-117.4236,51.4557],[-117.976,51.4732],[-117.9801,51.6238],[-117.9133,51.656],[-118.1846,51.7865],[-118.1133,51.8979],[-118.5884,52.0541],[-118.677906,52.149966],[-118.544295,52.290461],[-118.227029,52.379894],[-118.210303,52.469113],[-118.47499,52.898893],[-118.619175,52.912226],[-118.741565,53.103959],[-118.952204,53.236835],[-119.015778,53.132361],[-119.122425,53.159888],[-119.40934,53.366433],[-119.653508,53.367833],[-119.89964,53.515908],[-119.900743,53.586351],[-119.739298,53.637647],[-119.916445,53.716959],[-120.001293,53.920832],[-120,67.825499],[-116.161734,66.73473],[-112.501295,65.50032],[-110.667859,65.500327],[-109.334429,64.833637],[-102.000619,64.233672],[-102.007511,60.037442],[-102.074591,59.999445],[-110.00353,59.999614],[-110.005448,53.71727]]],[[[-117.116916,70.000425],[-117.146591,69.889319],[-116.634811,69.637545],[-120,69.576774],[-120,77.418257],[-116.875615,77.789764],[-115.882917,78.189471],[-114.846503,78.492559],[-110.008015,79.129354],[-110.001687,70.000497],[-112.501915,70.00047],[-112.501918,69.910617],[-112.355312,69.905437],[-112.870424,69.833852],[-112.885285,69.976361],[-113.005828,70.000466],[-117.116916,70.000425]]]]}},{"type":"Feature","properties":{"tzid":"America/Eirunepe"},"geometry":{"type":"Polygon","coordinates":[[[-69.949846,-4.229403],[-67.558582,-9.541382],[-68.637,-9.053],[-70.051114,-7.848188],[-72.584719,-7.552],[-73.79842,-7.113061],[-73.63751,-6.7559],[-73.151114,-6.526267],[-73.13006,-6.380444],[-73.247997,-6.108916],[-72.98361,-5.690216],[-72.887925,-5.163897],[-71.794109,-4.484873],[-71.596506,-4.528533],[-71.479411,-4.435627],[-70.949431,-4.3773],[-70.821255,-4.20234],[-70.636743,-4.127447],[-70.510363,-4.197273],[-70.436507,-4.132082],[-70.296782,-4.158955],[-70.304631,-4.261956],[-70.199086,-4.359175],[-70.113358,-4.255364],[-69.99423,-4.321811],[-69.949846,-4.229403]]]}},{"type":"Feature","properties":{"tzid":"America/El_Salvador"},"geometry":{"type":"Polygon","coordinates":[[[-90.220904,13.563429],[-90.016219,13.941973],[-89.855956,14.058552],[-89.76039,14.034627],[-89.543925,14.222247],[-89.573952,14.416816],[-89.100734,14.404043],[-88.957853,14.208598],[-88.530697,13.985284],[-88.469021,13.849125],[-88.079995,13.994105],[-87.985543,13.88767],[-87.75058,13.859068],[-87.786782,13.528445],[-87.716426,13.466339],[-87.809651,13.358977],[-87.615779,13.183088],[-87.880534,12.961774],[-88.493063,12.971268],[-89.334438,13.279091],[-89.898291,13.344077],[-90.220904,13.563429]]]}},{"type":"Feature","properties":{"tzid":"America/Fort_Nelson"},"geometry":{"type":"Polygon","coordinates":[[[-124.942122,58],[-124.88889,58.229688],[-125.750852,58.320061],[-126.339448,58.536283],[-126.364574,58.622857],[-126.927478,58.651149],[-126.810084,58.726639],[-127.02614,58.824899],[-126.94748,58.938153],[-126.982015,59.129897],[-127.132815,59.13053],[-127.191754,59.301303],[-127.383381,59.355024],[-127.796307,59.711737],[-127.734264,60.001129],[-120.001359,60.00047],[-120.001273,58],[-124.942122,58]]]}},{"type":"Feature","properties":{"tzid":"America/Fortaleza"},"geometry":{"type":"MultiPolygon","coordinates":[[[[-33.711836,-3.672785],[-33.607492,-3.787428],[-33.606933,-3.935348],[-33.707958,-4.052958],[-33.877634,-4.066652],[-33.996761,-3.967058],[-34.004148,-3.77367],[-33.891843,-3.666705],[-33.711836,-3.672785]]],[[[-37.078484,-4.713395],[-36.440336,-4.862831],[-36.377076,-4.729939],[-36.224116,-4.675703],[-35.269809,-5.0819],[-35.065926,-5.434194],[-34.64305,-6.826154],[-34.575625,-7.543373],[-34.878006,-7.541732],[-35.074335,-7.399353],[-35.28059,-7.388002],[-35.499086,-7.498172],[-35.531534,-7.64946],[-35.905,-7.792],[-36.407423,-7.814076],[-36.444,-7.912154],[-36.622457,-7.969232],[-36.637532,-8.118552],[-36.974971,-8.297401],[-37.105816,-8.227828],[-37.207393,-7.952201],[-37.30939,-7.968474],[-37.153811,-7.76812],[-37.192753,-7.62382],[-37.013177,-7.444984],[-37.241907,-7.272954],[-37.496038,-7.364822],[-37.750648,-7.662889],[-38.257037,-7.831064],[-38.321057,-7.702645],[-38.557826,-7.756565],[-38.705407,-7.622043],[-38.959437,-7.841848],[-39.057761,-7.822931],[-39.472,-7.575],[-39.467,-7.469],[-39.697,-7.342],[-40.500469,-7.327995],[-40.701201,-7.456356],[-40.62183,-7.658324],[-40.675598,-7.747818],[-40.540459,-7.845993],[-40.597559,-8.141171],[-40.923847,-8.445057],[-41.015528,-8.424172],[-41.365351,-8.705577],[-41.544,-8.96],[-41.731682,-9.03334],[-41.829126,-9.218804],[-42.32,-9.321],[-42.777498,-9.619799],[-42.946,-9.518],[-42.964139,-9.418164],[-43.266667,-9.411912],[-43.475407,-9.261848],[-43.852558,-9.562148],[-43.784925,-9.762381],[-43.652492,-9.843583],[-43.685292,-10.039993],[-43.914548,-10.42165],[-44.007688,-10.405347],[-44.128282,-10.631464],[-44.357552,-10.561634],[-44.594598,-10.639095],[-44.931457,-10.928056],[-45.356,-10.733376],[-45.437128,-10.595446],[-45.396,-10.452],[-45.583858,-10.117],[-45.896731,-10.264295],[-45.910933,-10.371084],[-46.020928,-10.197986],[-46.327,-10.183],[-46.509,-9.801],[-46.653,-9.693],[-46.536,-9.557],[-46.844,-9.284],[-46.847,-9.168],[-47.034,-9.069],[-46.841,-8.473],[-46.522,-8.293],[-46.466,-8.066],[-46.614,-7.896],[-47.031219,-8.056381],[-47.564985,-7.450398],[-47.48739,-7.311757],[-47.749602,-7.190893],[-47.532786,-6.987344],[-47.377,-6.266],[-47.494,-5.539],[-47.843,-5.376],[-47.937,-5.239],[-48.178,-5.26],[-48.397694,-5.170874],[-48.737336,-5.349815],[-47.816153,-4.614728],[-47.611933,-4.557372],[-47.32039,-4.052401],[-47.072881,-3.818184],[-47.034363,-3.574534],[-46.583343,-2.841091],[-46.672478,-2.713983],[-46.429933,-2.537188],[-46.430743,-2.235715],[-46.288883,-2.130195],[-46.212883,-1.842305],[-46.316578,-1.748815],[-46.174086,-1.700508],[-46.146348,-1.258436],[-45.943404,-0.758238],[-44.782715,-1.110046],[-43.297805,-2.12309],[-42.773656,-2.339566],[-41.792568,-2.520828],[-41.505883,-2.687554],[-41.045539,-2.690885],[-40.485521,-2.583252],[-39.859582,-2.662311],[-38.320025,-3.5611],[-37.942271,-4.04154],[-37.51946,-4.417927],[-37.201939,-4.526884],[-37.078484,-4.713395]]]]}},{"type":"Feature","properties":{"tzid":"America/Glace_Bay"},"geometry":{"type":"Polygon","coordinates":[[[-62.085622,44.891648],[-62.678163,45.25749],[-62.098955,45.381885],[-62.338075,45.911256],[-61.781855,46.215698],[-61.581358,46.437618],[-61.350481,47.009723],[-60.991849,47.329432],[-60.762679,47.423328],[-60.403754,47.761074],[-59.288712,47.373381],[-60.042852,46.962987],[-60.043204,46.654432],[-59.912373,46.429373],[-59.563609,46.32056],[-59.40155,46.122436],[-59.456495,45.885738],[-60.506826,45.38883],[-60.856533,45.062553],[-61.910825,44.728132],[-62.085622,44.891648]]]}},{"type":"Feature","properties":{"tzid":"America/Goose_Bay"},"geometry":{"type":"Polygon","coordinates":[[[-57.107489,52.000076],[-63.799225,52.000072],[-63.796674,52.082105],[-63.653182,52.041169],[-63.799428,52.297394],[-63.749177,52.309646],[-63.991454,52.359571],[-64.097348,52.463334],[-63.956955,52.59686],[-63.408541,52.659922],[-63.651508,52.851408],[-64.11423,52.733442],[-64.220973,52.579537],[-64.107257,52.410812],[-64.254192,52.276034],[-64.165495,52.148887],[-64.293586,52.073349],[-64.242526,51.987439],[-64.340365,51.999851],[-64.309306,51.708192],[-64.528623,51.596361],[-64.701759,51.756627],[-64.975987,51.72726],[-65.254365,51.863812],[-65.3301,51.831038],[-65.396005,51.90553],[-65.352819,51.979951],[-65.492835,52.08092],[-65.630652,52.019321],[-65.672036,52.119652],[-65.972815,52.067399],[-66.251624,52.307456],[-66.350466,52.147492],[-66.484785,52.349116],[-66.381054,52.369455],[-66.412142,52.656427],[-66.318725,52.617152],[-66.405871,52.840153],[-66.262267,52.865868],[-66.435164,53.045992],[-66.632094,52.954413],[-66.759392,52.67306],[-67.034304,52.747016],[-67.091768,52.870909],[-67.327834,52.884127],[-67.268348,52.967126],[-67.368862,53.002328],[-67.388397,53.107717],[-67.262968,53.181291],[-67.013376,53.080571],[-66.969606,53.261089],[-67.025348,53.326191],[-66.903205,53.399575],[-67.056238,53.533736],[-67.30662,53.545778],[-67.602229,53.789549],[-67.50393,53.824531],[-67.598189,53.915726],[-67.783232,54.000033],[-67.803546,54.122722],[-67.617132,54.191939],[-67.732485,54.446681],[-67.518273,54.482805],[-67.473703,54.584051],[-67.237065,54.515227],[-67.277822,54.548707],[-67.070092,54.687881],[-67.397544,54.956814],[-67.428123,55.083907],[-67.274279,55.0767],[-67.003621,54.847536],[-66.67249,54.708187],[-66.731403,54.796017],[-66.633428,54.841623],[-66.763978,54.998507],[-66.661283,54.981124],[-66.75555,55.086751],[-66.707195,55.067725],[-66.771615,55.144959],[-66.689272,55.18918],[-66.807197,55.29154],[-66.763754,55.341463],[-66.257048,54.998589],[-65.866314,54.924525],[-65.718116,54.729124],[-65.463788,54.72728],[-65.437389,54.846124],[-65.292964,54.818942],[-65.097367,54.966735],[-64.783872,54.842823],[-64.757261,54.730792],[-64.394936,54.789514],[-64.196822,54.729757],[-64.107559,54.614327],[-63.901838,54.601304],[-63.757012,54.634051],[-63.900506,54.771517],[-63.84476,54.892745],[-63.595496,54.897017],[-63.585887,55.112381],[-63.425814,55.226238],[-63.678227,55.266146],[-63.330072,55.391767],[-63.780591,55.465461],[-63.665226,55.56557],[-63.762056,55.651475],[-63.679476,55.773972],[-63.834612,55.906251],[-63.447655,56.027443],[-63.800928,56.050586],[-63.895822,56.128464],[-63.989533,56.077443],[-63.913893,56.249617],[-64.072689,56.256663],[-64.156971,56.418621],[-63.886778,56.433175],[-64.024858,56.653008],[-64.133981,56.695015],[-63.874358,56.874501],[-63.889693,57.045869],[-63.737137,57.221596],[-63.881445,57.26498],[-63.741979,57.357735],[-63.76549,57.56077],[-63.59677,57.741248],[-63.735291,57.662802],[-63.912356,57.801123],[-64.072001,57.77002],[-64.233686,58.041823],[-64.433672,58.116316],[-64.139089,58.369228],[-63.80785,58.489746],[-63.907366,58.573492],[-64.067184,58.534492],[-64.060031,58.683634],[-63.629845,58.714643],[-63.512786,58.795686],[-63.777683,58.884059],[-64.137793,58.746167],[-64.287418,58.883458],[-64.868538,58.941641],[-64.779239,59.074957],[-64.294383,59.000499],[-64.490309,59.099075],[-64.529296,59.294104],[-64.524051,59.385085],[-64.359257,59.495876],[-64.709486,59.46028],[-64.892206,59.562469],[-64.876934,59.666516],[-64.778177,59.697426],[-64.796954,59.840817],[-64.65445,59.903005],[-64.893646,60.045215],[-64.603395,60.109679],[-64.854548,60.243094],[-63.978638,60.451873],[-63.116547,59.692571],[-63.008592,59.386878],[-62.330855,58.678377],[-61.349737,58.03065],[-60.978494,57.664596],[-60.935425,57.251488],[-60.468153,56.899279],[-60.105777,56.315145],[-59.617865,55.980568],[-59.217458,55.550117],[-57.122889,54.891772],[-56.655339,54.874936],[-56.554498,54.761501],[-56.605587,54.622836],[-56.438823,54.283035],[-55.526288,53.726049],[-56.006928,53.495603],[-57.107489,53.25],[-57.107489,52.000076]]]}},{"type":"Feature","properties":{"tzid":"America/Grand_Turk"},"geometry":{"type":"Polygon","coordinates":[[[-70.979051,21.148919],[-71.212033,20.97239],[-71.906235,20.997418],[-72.64647,21.493195],[-72.60964,21.857776],[-72.421801,22.048649],[-72.055491,22.15802],[-71.807018,22.12042],[-70.972094,21.647757],[-70.864359,21.389892],[-70.979051,21.148919]]]}},{"type":"Feature","properties":{"tzid":"America/Grenada"},"geometry":{"type":"Polygon","coordinates":[[[-61.209502,12.397556],[-61.54699,11.853349],[-61.801067,11.780496],[-61.974225,11.89182],[-61.944457,12.192572],[-61.681619,12.586357],[-61.384502,12.528352],[-61.209502,12.397556]]]}},{"type":"Feature","properties":{"tzid":"America/Guadeloupe"},"geometry":{"type":"Polygon","coordinates":[[[-61.983338,16.088889],[-62.016898,16.294003],[-61.936131,16.504],[-61.543375,16.7],[-61.382394,16.698],[-61.190555,16.524167],[-60.935761,16.537],[-60.798825,16.385],[-60.996053,15.854],[-61.137751,15.702],[-61.4425,15.787222],[-61.744041,15.669],[-61.983338,16.088889]]]}},{"type":"Feature","properties":{"tzid":"America/Guatemala"},"geometry":{"type":"Polygon","coordinates":[[[-90.135613,13.746234],[-90.220904,13.563429],[-90.667403,13.725037],[-91.264403,13.735465],[-91.943062,14.055167],[-92.350776,14.370468],[-92.148512,14.655908],[-92.150768,14.986918],[-92.070923,15.045799],[-92.208845,15.263522],[-91.739256,16.060886],[-90.430066,16.096745],[-90.429727,16.424479],[-90.646068,16.517957],[-90.747693,16.744993],[-91.056254,16.899345],[-91.262964,17.162594],[-91.438032,17.245047],[-91.027936,17.251432],[-90.94789,17.815252],[-89.151912,17.8156],[-89.22759,15.896142],[-88.930986,15.888648],[-88.539135,16.067032],[-88.213879,15.934311],[-88.227814,15.723837],[-88.675669,15.344835],[-89.154148,15.068991],[-89.223783,14.834694],[-89.138266,14.716908],[-89.165237,14.571837],[-89.349251,14.434212],[-89.563426,14.416269],[-89.525014,14.24408],[-89.660387,14.188756],[-89.742273,14.042529],[-89.892175,14.043694],[-90.135613,13.746234]]]}},{"type":"Feature","properties":{"tzid":"America/Guayaquil"},"geometry":{"type":"Polygon","coordinates":[[[-76.056724,0.333222],[-75.806614,0.05084],[-75.281432,-0.120742],[-75.610477,-0.16469],[-75.238039,-0.538803],[-75.277655,-0.729992],[-75.197294,-0.963011],[-75.404624,-1.00354],[-75.555442,-1.546936],[-76.044356,-2.124938],[-76.621089,-2.581871],[-77.93931,-3.062937],[-78.190227,-3.39076],[-78.147822,-3.477169],[-78.335447,-3.378131],[-78.411487,-3.769502],[-78.565207,-4.024086],[-78.657027,-4.564098],[-78.842597,-4.654463],[-78.891908,-4.890444],[-79.025979,-5.015326],[-79.268934,-4.963673],[-79.414182,-4.805209],[-79.497982,-4.520232],[-79.622159,-4.443751],[-79.812846,-4.492013],[-80.139083,-4.293735],[-80.418626,-4.459809],[-80.445712,-4.371476],[-80.319676,-4.214905],[-80.41486,-4.214481],[-80.480676,-4.081597],[-80.43347,-3.991517],[-80.28519,-4.012673],[-80.163842,-3.921804],[-80.221103,-3.443584],[-81.344346,-3.392125],[-81.21247,-2.185539],[-81.281028,-1.274014],[-80.201408,0.9587],[-79.559791,1.469581],[-78.868686,1.469581],[-78.604933,1.246638],[-78.296572,1.150595],[-78.196607,0.946305],[-77.876864,0.804665],[-77.686831,0.830083],[-77.666463,0.705551],[-77.480453,0.641424],[-77.498146,0.404525],[-77.155244,0.380603],[-76.84755,0.239215],[-76.457473,0.23905],[-76.411962,0.380239],[-76.269133,0.432929],[-76.056724,0.333222]]]}},{"type":"Feature","properties":{"tzid":"America/Guyana"},"geometry":{"type":"Polygon","coordinates":[[[-56.684585,2.026111],[-56.495007,1.975278],[-56.768118,1.875972],[-57.000704,1.907293],[-57.111626,2.029516],[-57.229228,1.937587],[-57.329257,1.97964],[-57.553228,1.69244],[-58.002361,1.649477],[-58.040557,1.520919],[-58.314334,1.593944],[-58.385587,1.469988],[-58.493424,1.468202],[-58.496224,1.267963],[-58.664006,1.279346],[-58.845944,1.181836],[-58.898,1.28],[-59.253,1.389],[-59.751667,1.888212],[-59.721269,2.241731],[-59.906641,2.384389],[-59.990786,2.828997],[-59.820115,3.408569],[-59.857002,3.587378],[-59.689898,3.692581],[-59.538304,3.931887],[-59.735491,4.208437],[-59.67766,4.351165],[-60.160782,4.556749],[-60.033072,4.698418],[-59.977627,5.045301],[-60.128732,5.237568],[-60.715449,5.217951],[-61.370193,5.924612],[-61.117308,6.274828],[-61.232166,6.570674],[-61.184739,6.658192],[-60.958575,6.715457],[-60.92597,6.795205],[-60.72916,6.754773],[-60.384121,6.932114],[-60.303918,7.057587],[-60.358702,7.1793],[-60.528356,7.145083],[-60.608347,7.204623],[-60.595218,7.336563],[-60.710886,7.551325],[-60.588383,7.635295],[-60.530691,7.820279],[-60.331775,7.842205],[-59.822639,8.253942],[-59.996846,8.545298],[-59.662574,8.579],[-59.013891,8.198],[-58.33077,7.478],[-58.250585,7.125],[-57.913998,6.968],[-57.020623,6.237074],[-57.122167,6.138833],[-57.171122,5.605282],[-57.32342,5.353604],[-57.20604,5.155231],[-57.298446,5.174499],[-57.291695,5.042362],[-57.678088,5.009617],[-57.882355,4.882182],[-57.92048,4.790499],[-57.846504,4.618796],[-58.069887,4.130068],[-57.830033,3.659955],[-57.646353,3.502032],[-57.664259,3.379269],[-57.287924,3.346729],[-57.200907,2.831903],[-56.684585,2.026111]]]}},{"type":"Feature","properties":{"tzid":"America/Halifax"},"geometry":{"type":"MultiPolygon","coordinates":[[[[-66.683467,48.015552],[-66.780578,48.057115],[-66.745418,48.113555],[-66.683467,48.015552]]],[[[-59.80923,44.209568],[-59.484504,44.215626],[-59.374049,44.106235],[-59.385523,43.970862],[-59.645664,43.781222],[-59.86733,43.727368],[-60.17652,43.750645],[-60.425145,43.907943],[-60.354187,44.123414],[-59.931257,44.136805],[-59.80923,44.209568]]],[[[-62.166173,44.97721],[-62.008304,44.697226],[-63.969596,44.154958],[-64.42258,43.868741],[-64.592361,43.667911],[-65.551522,43.194416],[-66.086816,43.19886],[-66.268382,43.293443],[-66.411635,43.573546],[-66.480827,43.989722],[-66.674596,44.22575],[-65.937983,44.956659],[-65.031583,45.22815],[-64.863197,45.497163],[-64.14965,45.979917],[-63.574825,46.100815],[-64.222323,46.333083],[-64.532686,46.558291],[-64.546419,46.87277],[-64.455768,47.056479],[-63.328871,47.602479],[-63.625121,48.000063],[-64.273796,48.220685],[-63.751907,48.510886],[-60.45868,48.528505],[-60.403754,47.761074],[-61.350481,47.009723],[-61.581358,46.437618],[-61.781855,46.215698],[-62.338075,45.911256],[-62.091226,45.383025],[-62.682359,45.284839],[-62.166173,44.97721]]]]}},{"type":"Feature","properties":{"tzid":"America/Havana"},"geometry":{"type":"Polygon","coordinates":[[[-76.204692,21.441035],[-75.610038,21.300794],[-74.070732,20.463594],[-73.949476,20.33264],[-73.942768,20.109171],[-74.223276,19.872436],[-75.050822,19.699631],[-75.546603,19.682658],[-76.194007,19.778501],[-77.77413,19.635863],[-78.460412,20.349611],[-78.778454,20.459955],[-79.54623,20.930698],[-79.956049,21.411277],[-81.072579,21.427441],[-82.883354,21.237628],[-83.168113,21.286691],[-84.046536,21.688964],[-84.456981,21.557601],[-84.951984,21.629022],[-85.128575,21.742273],[-85.16797,21.866526],[-84.892059,22.368346],[-84.620546,22.622985],[-83.706985,23.081786],[-82.286772,23.376778],[-80.916721,23.481697],[-80.224563,23.403877],[-79.672135,23.130813],[-78.21325,22.642583],[-77.230306,22.042556],[-77.008085,21.822568],[-76.204692,21.441035]],[[-75.086633,19.902743],[-75.232488,19.869741],[-75.194668,19.969999],[-75.086645,19.97382],[-75.086633,19.902743]]]}},{"type":"Feature","properties":{"tzid":"America/Hermosillo"},"geometry":{"type":"Polygon","coordinates":[[[-111.211914,31.376515],[-108.755916,31.332419],[-108.879812,31.238786],[-108.683968,31.033695],[-108.803255,31.004829],[-108.802393,30.904113],[-108.939243,30.907565],[-108.935457,30.773631],[-108.877737,30.637756],[-108.603834,30.465085],[-108.648652,30.416865],[-108.542199,30.283512],[-108.620218,30.29823],[-108.619423,29.910931],[-108.540929,29.735982],[-108.659375,29.716169],[-108.669724,29.308136],[-108.746024,29.163668],[-108.488638,28.374996],[-108.75063,28.271612],[-109.063515,28.284307],[-109.072533,28.149904],[-108.869241,27.839032],[-108.895501,27.74474],[-108.784424,27.73049],[-108.63348,27.428063],[-108.59099,27.31799],[-108.653236,27.196503],[-108.571999,27.012599],[-108.429823,26.976972],[-108.71059,26.587058],[-108.873152,26.551071],[-108.860339,26.43277],[-109.119264,26.303234],[-109.490054,26.363142],[-109.521442,26.459681],[-109.870667,26.532858],[-110.13316,26.880371],[-110.741574,27.157014],[-110.825479,27.28269],[-110.858097,27.638464],[-111.538874,27.81621],[-111.615181,27.947495],[-111.58759,28.14667],[-111.861779,28.305931],[-112.09122,28.584021],[-112.178086,28.532976],[-112.106667,28.346038],[-112.18678,28.21426],[-112.381507,28.165509],[-112.51514,28.235],[-112.778898,28.930028],[-112.767912,29.280393],[-114.55319,31.343065],[-114.590956,31.697776],[-114.96556,31.921465],[-115.031644,32.282105],[-114.900178,32.483472],[-114.797,32.489286],[-111.211914,31.376515]]]}},{"type":"Feature","properties":{"tzid":"America/Indiana/Indianapolis"},"geometry":{"type":"Polygon","coordinates":[[[-87.241027,38.907874],[-87.480809,38.902338],[-87.640312,39.105655],[-87.531377,39.40499],[-87.49151,40.736929],[-87.096788,40.736495],[-87.099533,40.839874],[-86.98716,40.840809],[-86.987438,40.912177],[-86.480344,40.909788],[-86.525992,41.672899],[-86.467125,41.759595],[-84.818873,41.760059],[-84.819175,39.320434],[-85.065224,39.308182],[-85.202573,38.725279],[-85.40472,38.736765],[-85.491073,38.59228],[-85.793938,38.604641],[-85.994843,38.418438],[-86.659402,38.394943],[-86.683073,38.874805],[-87.241027,38.907874]]]}},{"type":"Feature","properties":{"tzid":"America/Indiana/Knox"},"geometry":{"type":"Polygon","coordinates":[[[-86.524711,41.432886],[-86.466641,41.432985],[-86.467033,41.206966],[-86.93087,41.172207],[-86.697886,41.403845],[-86.524711,41.432886]]]}},{"type":"Feature","properties":{"tzid":"America/Indiana/Marengo"},"geometry":{"type":"Polygon","coordinates":[[[-86.331092,38.180989],[-86.449793,38.127223],[-86.461319,38.20826],[-86.666443,38.263443],[-86.681424,38.394767],[-86.255045,38.422685],[-86.331092,38.180989]]]}},{"type":"Feature","properties":{"tzid":"America/Indiana/Petersburg"},"geometry":{"type":"Polygon","coordinates":[[[-87.072369,38.5147],[-87.072999,38.261983],[-87.185636,38.23126],[-87.298454,38.231643],[-87.324072,38.38366],[-87.462491,38.50706],[-87.072369,38.5147]]]}},{"type":"Feature","properties":{"tzid":"America/Indiana/Tell_City"},"geometry":{"type":"Polygon","coordinates":[[[-86.655296,37.842508],[-86.788044,37.97284],[-86.793579,38.249157],[-86.571495,38.264446],[-86.572021,38.208244],[-86.461319,38.20826],[-86.433457,38.085784],[-86.521825,38.038327],[-86.50662,37.930719],[-86.655296,37.842508]]]}},{"type":"Feature","properties":{"tzid":"America/Indiana/Vevay"},"geometry":{"type":"Polygon","coordinates":[[[-84.870672,38.900969],[-84.812611,38.794781],[-85.201473,38.69101],[-85.203194,38.913903],[-84.870672,38.900969]]]}},{"type":"Feature","properties":{"tzid":"America/Indiana/Vincennes"},"geometry":{"type":"Polygon","coordinates":[[[-86.904225,38.904178],[-86.682853,38.904697],[-86.679886,38.24847],[-87.073156,38.203928],[-87.118277,38.535225],[-87.743554,38.454748],[-87.528131,38.686828],[-87.546957,38.871184],[-86.904225,38.904178]]]}},{"type":"Feature","properties":{"tzid":"America/Indiana/Winamac"},"geometry":{"type":"Polygon","coordinates":[[[-86.467178,40.909332],[-86.889802,40.912449],[-86.93087,41.172207],[-86.490852,41.171577],[-86.467178,40.909332]]]}},{"type":"Feature","properties":{"tzid":"America/Inuvik"},"geometry":{"type":"Polygon","coordinates":[[[-120.680556,69.551437],[-120.680307,68.000288],[-120,67.825499],[-120.001359,60.00047],[-123.785609,60.000938],[-123.98852,60.072712],[-124.209989,60.342738],[-124.208928,60.438939],[-124.409034,60.465579],[-124.580815,60.633946],[-124.585963,60.723601],[-124.493354,60.769084],[-124.624968,60.9626],[-124.82251,60.969543],[-124.908293,60.854508],[-125.39638,60.775947],[-125.694603,60.802274],[-125.870578,60.904098],[-125.992042,60.810047],[-126.109502,60.863751],[-126.261201,60.852195],[-126.259059,60.781882],[-126.867597,60.771416],[-126.934955,61.039213],[-127.075405,61.029757],[-127.122319,61.119679],[-126.999112,61.206052],[-127.14154,61.463674],[-127.768052,61.596891],[-128.034329,61.735964],[-128.027933,61.84821],[-128.177045,61.846885],[-128.579652,62.133761],[-128.81668,62.072547],[-129.240037,62.148168],[-129.275147,62.43291],[-129.178798,62.463432],[-129.558339,62.574034],[-129.558775,62.691947],[-129.779735,62.869525],[-129.633799,63.081476],[-129.785365,63.071033],[-129.932096,63.201442],[-130.169442,63.246713],[-129.968557,63.32745],[-129.913262,63.464695],[-129.812706,63.459813],[-130.157872,63.69351],[-130.3435,63.696009],[-130.161069,63.752337],[-130.191134,63.865268],[-130.378609,63.837227],[-130.757808,63.969057],[-130.979865,64.128002],[-130.890007,64.174017],[-131.153446,64.416895],[-131.402186,64.46117],[-131.446101,64.400181],[-131.84813,64.380509],[-131.714831,64.535895],[-132.345204,64.786313],[-132.556591,64.775463],[-132.569208,64.855755],[-132.357661,65.089186],[-132.51362,65.084549],[-132.551648,65.193926],[-132.699636,65.158516],[-132.757513,65.227918],[-132.569658,65.283812],[-132.191401,65.592297],[-132.558963,65.833563],[-132.353066,65.949611],[-132.606523,66.028596],[-132.890333,65.901631],[-132.989467,65.926019],[-132.960721,66.032194],[-133.444798,65.936567],[-133.643942,65.968137],[-133.572719,66.018076],[-133.703337,66.085429],[-133.564234,66.152028],[-133.582713,66.253398],[-133.833353,66.304281],[-133.716493,66.516789],[-133.609931,66.544313],[-133.978489,66.690169],[-133.776144,66.749993],[-133.899251,66.893991],[-134.089847,66.949095],[-133.831162,66.997886],[-136.159663,67],[-136.235648,67.168563],[-136.090453,67.305417],[-136.203525,67.401852],[-136.200988,67.576999],[-136.435749,67.652586],[-136.448352,68.886014],[-136.588001,69.403107],[-136.272994,69.619644],[-135.767101,69.8132],[-134.354701,69.986865],[-133.420159,69.79339],[-131.808775,70.108734],[-130.992085,70.370049],[-130.049273,70.449999],[-128.755193,70.76755],[-126.444765,72.143935],[-126.091275,72.435583],[-126.033921,72.572742],[-125.787655,72.684847],[-125.878057,72.889343],[-125.046005,73.506965],[-125.425629,73.690246],[-125.291764,73.996632],[-125.806999,74.297206],[-125.694055,74.403308],[-125.37811,74.488774],[-123.600088,75.864397],[-123.900301,76.018428],[-123.790141,76.405637],[-123.483147,76.516061],[-122.717843,76.609443],[-120,77.418257],[-120,69.576774],[-120.680556,69.551437]]]}},{"type":"Feature","properties":{"tzid":"America/Iqaluit"},"geometry":{"type":"Polygon","coordinates":[[[-73.354962,62.358401],[-73.705301,62.482869],[-74.347665,62.257594],[-74.73454,62.217376],[-74.517517,62.099801],[-75.324712,62.313121],[-75.873556,62.162105],[-75.589811,62.259484],[-77.424002,62.580587],[-78.190449,62.256355],[-78.149244,62.285481],[-78.146203,61.995263],[-77.983609,61.699165],[-77.787647,61.689138],[-77.489244,61.533443],[-77.685753,61.541429],[-77.600209,61.490743],[-77.693638,61.463948],[-77.676196,61.384842],[-77.804601,61.462905],[-77.711362,61.213758],[-78.20616,60.82734],[-77.862922,60.795109],[-77.900739,60.761222],[-77.553902,60.833948],[-77.788257,60.741096],[-77.639636,60.768574],[-77.813195,60.614465],[-77.385262,60.5258],[-77.585706,60.534563],[-77.741566,60.413887],[-77.48689,60.201899],[-77.535837,60.190866],[-77.469743,60.122934],[-77.611756,60.094694],[-77.215557,60.047629],[-77.436961,59.917544],[-77.280649,59.79977],[-77.557243,59.757216],[-77.481977,59.700155],[-77.62222,59.653046],[-77.813383,59.679405],[-77.742139,59.560959],[-77.939317,59.406976],[-77.646684,59.374287],[-77.847289,59.363148],[-77.800722,59.342866],[-77.995313,59.245838],[-77.948451,59.228327],[-78.14229,59.19741],[-78.08861,59.08904],[-78.23889,59.10756],[-78.28806,58.93268],[-78.55721,58.91601],[-78.51047,58.7812],[-78.37135,58.72312],[-78.58021,58.79251],[-78.49599,58.66031],[-78.59713,58.67606],[-78.39543,58.53923],[-78.44958,58.62278],[-78.34901,58.61869],[-78.39359,58.59016],[-77.978241,58.346349],[-77.590148,58.239216],[-77.508867,58.281544],[-77.518006,58.163077],[-77.014971,57.854312],[-76.59339,57.207683],[-76.51874,56.45913],[-76.72211,56.02058],[-77.195928,55.673489],[-77.105656,55.71446],[-77.11882,55.666186],[-77.805441,55.259035],[-79.752781,54.638659],[-79.50669,54.5909],[-79.48368,54.30742],[-79.28825,54.23474],[-79.3784,54.18847],[-79.07971,54.16729],[-79.1691,54.10067],[-78.98513,54.01087],[-79.079035,53.974384],[-79.03873,53.93516],[-79.1509,53.95115],[-78.958263,53.903023],[-79.115048,53.891992],[-78.93047,53.83265],[-79.07678,53.79665],[-79.02564,53.72921],[-79.08453,53.70897],[-79.0579,53.61521],[-78.91767,53.56634],[-79.11161,53.465895],[-78.899673,53.402031],[-78.97834,53.35067],[-78.909702,53.216624],[-78.97846,53.03904],[-78.804735,52.999246],[-78.879983,52.874669],[-78.726137,52.865204],[-78.724443,52.789696],[-78.86327,52.74605],[-78.76704,52.71609],[-78.75278,52.57052],[-78.52563,52.47013],[-78.54564,52.17018],[-78.70465,52.04883],[-78.63436,51.9867],[-78.87452,51.929],[-78.84814,51.83062],[-79.03549,51.7647],[-78.774407,51.493079],[-78.90454,51.29981],[-79.00867,51.48207],[-79.20015,51.52912],[-79.33255,51.66101],[-79.73249,51.37193],[-79.69364,51.29129],[-79.787863,51.163605],[-80.37164,51.336653],[-80.67364,51.79886],[-81.012428,52.01547],[-81.401977,52.144042],[-81.562668,52.468994],[-82.228907,52.92635],[-82.282253,53.061748],[-82.114014,53.260687],[-82.19695,53.57501],[-82.109435,53.781929],[-82.23304,54.048064],[-82.395869,54.191282],[-82.42395,54.34773],[-82.196038,54.799609],[-82.270925,55.115293],[-83.921964,55.292911],[-84.516234,55.233722],[-84.989076,55.277823],[-85.000103,60.252877],[-80.031706,62.916374],[-80.020769,63.91481],[-82.455225,65.487169],[-84.036204,65.486682],[-84.756303,66.060714],[-85.003255,66.091906],[-85.000513,82.771835],[-80.683159,83.122006],[-77.363527,83.28062],[-69.468131,83.309389],[-62.569279,82.987286],[-60.266996,82.588641],[-59.628835,82.382777],[-59.664642,82.292375],[-62.162333,81.867611],[-64.140048,81.316226],[-66.268682,80.833879],[-67.120549,80.74915],[-68.335121,80.415804],[-68.71288,80.183169],[-70.222156,79.655398],[-72.378109,79.38653],[-73.447513,79.135851],[-73.140528,78.738566],[-74.137606,78.246961],[-75.073746,77.850857],[-77.060633,77.453057],[-77.244577,77.355346],[-77.128406,77.0624],[-76.864844,76.823665],[-76.942715,76.634297],[-77.601391,76.37768],[-77.993618,76.035293],[-78.056264,75.781704],[-78.665305,75.371882],[-78.697074,75.173257],[-78.55434,74.89879],[-78.60644,74.811831],[-79.452192,74.529392],[-79.294552,73.852284],[-77.923151,73.861993],[-76.716425,73.65981],[-75.620713,73.175044],[-75.014476,72.693298],[-74.632621,72.614109],[-74.467268,72.433426],[-73.710582,72.196768],[-73.152019,71.927586],[-71.203449,71.662574],[-70.376495,71.274028],[-67.883121,70.703046],[-66.686629,70.045625],[-66.60782,69.85425],[-66.104718,69.272012],[-66.073924,68.634215],[-65.373123,68.36111],[-64.375178,68.133618],[-62.811272,67.50945],[-61.739936,67.264354],[-60.852242,66.775149],[-60.764593,66.651573],[-61.029782,66.261116],[-61.462222,65.949322],[-61.714134,65.539551],[-62.519815,65.169984],[-62.882366,64.755912],[-63.919999,64.273766],[-63.4751,63.641992],[-63.248759,62.933814],[-63.349538,62.690753],[-64.029211,62.209595],[-64.263841,61.830233],[-64.117338,61.54795],[-64.330261,61.268768],[-64.038236,60.50061],[-64.579097,60.332464],[-64.837569,60.374934],[-65.231541,59.940179],[-65.538646,59.748705],[-65.474415,59.532839],[-65.836346,59.290471],[-65.798835,59.20696],[-65.933439,59.007081],[-66.042532,58.975973],[-66.034434,58.894851],[-66.445238,58.84815],[-66.675838,58.534754],[-66.833909,58.478103],[-66.940463,58.513739],[-67.668499,58.276254],[-67.686292,58.442163],[-67.76449,58.483592],[-67.903611,58.389384],[-68,58.587462],[-68.276148,58.603484],[-68.338905,58.816117],[-68.627433,58.919341],[-69.16986,58.92695],[-69.083051,59.043493],[-69.152079,59.12809],[-69.471215,59.152337],[-69.205965,59.254219],[-69.236031,59.333672],[-69.59152,59.341769],[-69.676903,59.515298],[-69.50065,59.622939],[-69.613299,59.704103],[-69.504475,59.858587],[-69.618854,59.907406],[-69.546896,60.198269],[-69.750001,60.303639],[-69.716934,60.455689],[-69.791367,60.498631],[-69.656472,60.568791],[-69.69623,60.690578],[-69.363411,60.807594],[-69.515702,61.071852],[-69.68246,60.989918],[-69.660691,60.872329],[-69.792902,60.901655],[-69.8847,60.80178],[-70.124563,60.875395],[-70.135641,61.090929],[-70.404566,61.09061],[-70.40325,61.017],[-70.7425,61.0675],[-70.728,61.0195],[-70.999746,61.129645],[-71.415167,61.138627],[-71.468521,61.223717],[-71.534289,61.159676],[-71.59873,61.26059],[-71.79957,61.27144],[-71.65632,61.32578],[-71.89869,61.38303],[-71.58858,61.40209],[-71.83876,61.42258],[-71.74139,61.47001],[-71.81711,61.53209],[-71.54839,61.61635],[-71.91314,61.70968],[-71.990278,61.595399],[-72.236881,61.587846],[-72.00093,61.642915],[-72.038932,61.735628],[-72.264808,61.785245],[-72.114184,61.79487],[-72.190698,61.860286],[-72.575331,61.951064],[-72.587552,61.825705],[-72.658899,61.884201],[-72.797722,61.823561],[-72.576181,61.98177],[-72.636784,62.120167],[-72.886348,62.109544],[-73.354962,62.358401]],[[-78.922391,51.285219],[-78.931189,51.296196],[-78.92458,51.299496],[-78.922391,51.285219]],[[-78.934708,51.285004],[-78.946724,51.29896],[-78.935266,51.317927],[-78.934708,51.285004]],[[-78.904924,51.307331],[-78.900204,51.336779],[-78.883381,51.334956],[-78.904924,51.307331]]]}},{"type":"Feature","properties":{"tzid":"America/Jamaica"},"geometry":{"type":"Polygon","coordinates":[[[-78.578237,18.269051],[-78.519551,18.468381],[-78.356574,18.605019],[-77.932562,18.715702],[-76.808374,18.593444],[-76.158273,18.260177],[-75.769628,17.486849],[-75.773733,17.322531],[-75.916552,17.198482],[-78.265125,16.602857],[-78.398545,16.767763],[-78.578237,18.269051]]]}},{"type":"Feature","properties":{"tzid":"America/Juneau"},"geometry":{"type":"Polygon","coordinates":[[[-135.308909,57.787246],[-135.894086,58.000878],[-136.019399,57.84451],[-136.809585,57.750815],[-136.928771,57.850756],[-137.003582,58.083232],[-137.919306,58.462818],[-138.266815,58.686107],[-136.828728,59.15996],[-136.584444,59.165854],[-136.489702,59.259775],[-136.477156,59.465824],[-136.238504,59.524326],[-136.322778,59.5925],[-135.479161,59.798041],[-135.028902,59.563659],[-135.077281,59.451771],[-134.959905,59.280926],[-134.700716,59.249011],[-134.483395,59.131603],[-134.258073,58.861036],[-133.840506,58.729444],[-133.377303,58.430548],[-133.461504,58.387723],[-132.369791,57.349747],[-132.666443,57.426808],[-132.9614,57.336838],[-133.099723,57.191261],[-133.306206,57.235993],[-134.048801,57.160638],[-134.555178,56.868564],[-134.695401,57.066428],[-134.701141,57.454613],[-134.828003,57.778488],[-135.308909,57.787246]]]}},{"type":"Feature","properties":{"tzid":"America/Kentucky/Louisville"},"geometry":{"type":"Polygon","coordinates":[[[-85.994843,38.418438],[-85.993774,38.488686],[-85.802979,38.582935],[-85.428366,38.586773],[-85.625905,38.409435],[-85.421186,38.269102],[-85.429047,38.118227],[-86.024907,37.994708],[-86.266891,38.057125],[-86.264389,38.411727],[-85.994843,38.418438]]]}},{"type":"Feature","properties":{"tzid":"America/Kentucky/Monticello"},"geometry":{"type":"Polygon","coordinates":[[[-84.674751,36.739014],[-84.778608,36.603264],[-84.993088,36.622503],[-85.038612,36.873627],[-84.723488,36.972221],[-84.57845,36.868471],[-84.674751,36.739014]]]}},{"type":"Feature","properties":{"tzid":"America/Kralendijk"},"geometry":{"type":"MultiPolygon","coordinates":[[[[-67.99163,12.112535],[-68.102268,11.877],[-68.3509,11.851],[-68.623506,12.231],[-68.59329,12.385],[-68.43378,12.507],[-68.269795,12.482],[-68.045055,12.355],[-67.99163,12.112535]]],[[[-62.847226,17.673976],[-62.804575,17.581814],[-63.04911,17.276735],[-63.462674,17.572],[-63.417626,17.769],[-63.278024,17.847],[-62.847226,17.673976]]]]}},{"type":"Feature","properties":{"tzid":"America/La_Paz"},"geometry":{"type":"Polygon","coordinates":[[[-67.798672,-22.880826],[-67.882603,-22.833276],[-67.84461,-22.544672],[-67.937875,-22.36093],[-67.941046,-22.11812],[-68.18048,-21.60444],[-68.179023,-21.302424],[-68.412277,-20.934386],[-68.541293,-20.89696],[-68.552756,-20.749282],[-68.448381,-20.647724],[-68.738743,-20.456822],[-68.662094,-20.321367],[-68.752956,-20.125284],[-68.529796,-19.951136],[-68.648819,-19.707668],[-68.412556,-19.43091],[-68.950195,-18.936647],[-69.040019,-18.324937],[-69.140106,-18.171318],[-69.070144,-18.045456],[-69.2959,-17.945717],[-69.452183,-17.619867],[-69.468546,-17.374129],[-69.641679,-17.287293],[-69.390663,-17.087257],[-69.170014,-16.727535],[-69.018756,-16.670667],[-68.998715,-16.454615],[-68.829055,-16.36061],[-68.95755,-16.197532],[-69.196402,-16.168108],[-69.386024,-15.649301],[-69.132803,-15.257672],[-69.295279,-15.07352],[-69.35782,-14.838295],[-69.013252,-14.402489],[-68.960959,-14.220055],[-68.828024,-14.220148],[-68.972199,-13.963131],[-68.927585,-13.830536],[-69.066916,-13.687402],[-68.915323,-13.515086],[-68.865874,-12.872796],[-68.651991,-12.497969],[-69.561323,-10.962544],[-68.792765,-10.989867],[-68.688931,-11.14224],[-68.578763,-11.113906],[-68.247337,-10.964867],[-68.020172,-10.651363],[-67.736304,-10.710935],[-67.411921,-10.378784],[-67.048089,-10.265419],[-66.62704,-9.905904],[-65.774954,-9.734976],[-65.572415,-9.838718],[-65.441438,-9.679927],[-65.28471,-9.850565],[-65.288429,-10.214544],[-65.410524,-10.511533],[-65.261079,-10.970583],[-65.362137,-11.146774],[-65.34636,-11.304439],[-65.312166,-11.47111],[-65.210862,-11.534464],[-65.220812,-11.741671],[-65.092243,-11.704137],[-65.041675,-11.960955],[-64.497609,-12.261227],[-64.507078,-12.36333],[-64.298924,-12.495649],[-63.951186,-12.529614],[-63.741398,-12.437742],[-63.300546,-12.680958],[-63.118153,-12.625514],[-62.760797,-13.017886],[-62.664837,-12.977988],[-62.417339,-13.125405],[-62.136082,-13.149861],[-61.872591,-13.506812],[-61.443754,-13.547801],[-61.020955,-13.488316],[-60.464813,-13.814237],[-60.408508,-14.024595],[-60.488042,-14.192011],[-60.28123,-14.624221],[-60.247153,-15.061493],[-60.567477,-15.097688],[-60.239205,-15.474916],[-60.17382,-16.266729],[-58.339545,-16.274175],[-58.343,-16.517],[-58.466,-16.72],[-58.396,-17.181],[-58.03,-17.496],[-57.883,-17.449],[-57.751825,-17.566223],[-57.679347,-17.906416],[-57.457,-18.224],[-57.557,-18.24],[-57.735232,-18.797186],[-57.707413,-19.026778],[-57.784,-19.033],[-58.131,-19.758],[-57.857957,-19.970298],[-58.14461,-20.151814],[-58.235967,-19.774997],[-59.068928,-19.287647],[-59.977778,-19.294686],[-61.735211,-19.634406],[-61.922536,-20.089211],[-62.266257,-20.563039],[-62.260919,-21.058628],[-62.632525,-22.213475],[-62.805583,-22.12858],[-62.854125,-21.998828],[-63.681013,-22.052245],[-63.920686,-21.999436],[-64.240534,-22.556144],[-64.303541,-22.84498],[-64.639728,-22.193613],[-65.018969,-22.082829],[-65.764971,-22.09907],[-66.220983,-21.780857],[-66.288906,-22.081069],[-66.739278,-22.238458],[-66.820439,-22.453915],[-67.026971,-22.540507],[-67.036817,-22.668276],[-67.180493,-22.814085],[-67.798672,-22.880826]]]}},{"type":"Feature","properties":{"tzid":"America/Lima"},"geometry":{"type":"Polygon","coordinates":[[[-70.352415,-3.224116],[-70.713245,-3.795464],[-70.478481,-3.87304],[-70.284124,-3.823959],[-69.9507,-4.223102],[-69.972597,-4.334427],[-70.151365,-4.270607],[-70.186893,-4.360823],[-70.372409,-4.13868],[-70.504167,-4.200981],[-70.668647,-4.143355],[-70.959903,-4.380552],[-71.234561,-4.384489],[-71.588816,-4.522869],[-71.903246,-4.515179],[-72.633448,-5.057548],[-72.81725,-5.102233],[-72.961919,-5.658406],[-73.234245,-6.06277],[-73.133281,-6.482266],[-73.70471,-6.83909],[-73.795383,-7.12484],[-73.695712,-7.297811],[-73.9101,-7.372016],[-73.980697,-7.548936],[-73.683656,-7.775149],[-73.758353,-7.920373],[-73.638206,-8.007822],[-73.506318,-8.376458],[-73.333293,-8.472735],[-73.284878,-8.664328],[-72.978436,-8.957486],[-72.966743,-9.147813],[-73.191246,-9.374824],[-72.292197,-9.535623],[-72.149613,-9.9636],[-71.28808,-9.985484],[-70.507065,-9.423205],[-70.590164,-9.601863],[-70.535117,-9.734482],[-70.619445,-9.847072],[-70.614137,-10.996577],[-70.530334,-10.934652],[-70.325131,-11.066373],[-69.953504,-10.927395],[-69.610391,-10.958711],[-68.970241,-11.91308],[-68.651991,-12.497969],[-68.870544,-12.870093],[-68.849019,-13.269614],[-68.952025,-13.602894],[-69.066119,-13.688314],[-68.956728,-13.791663],[-68.975319,-13.98156],[-68.850982,-14.18376],[-68.971552,-14.234365],[-68.986944,-14.371351],[-69.353797,-14.801666],[-69.352148,-14.974518],[-69.13185,-15.241287],[-69.401826,-15.606007],[-69.165109,-16.187135],[-68.961323,-16.194424],[-68.814111,-16.318758],[-68.9667,-16.41625],[-69,-16.653432],[-69.151863,-16.724],[-69.406268,-17.100289],[-69.556902,-17.159275],[-69.615979,-17.261279],[-69.468546,-17.374129],[-69.468464,-17.491419],[-69.666444,-17.660314],[-69.796266,-17.645948],[-69.764568,-18.009385],[-69.965901,-18.26218],[-70.363898,-18.335403],[-71.782286,-18.350117],[-72.863347,-19.350978],[-73.753272,-19.973439],[-73.726774,-20.163816],[-74.243039,-19.672259],[-75.412909,-19.163675],[-77.286183,-18.041851],[-78.463657,-16.931395],[-79.151182,-16.043772],[-79.590655,-15.240284],[-79.798103,-14.643584],[-80.421141,-14.010869],[-80.83222,-13.335134],[-81.04811,-12.687373],[-81.245544,-11.522095],[-81.714615,-10.499004],[-81.996316,-10.040991],[-82.617669,-9.69519],[-83.154989,-9.232632],[-83.780636,-8.284552],[-84.258473,-7.151417],[-84.41961,-6.545866],[-84.631308,-4.862131],[-84.541975,-3.809256],[-84.443014,-3.404906],[-80.31391,-3.392125],[-80.221744,-3.442258],[-80.139303,-3.91164],[-80.473419,-4.049396],[-80.417195,-4.208372],[-80.318482,-4.205269],[-80.445712,-4.371476],[-80.424513,-4.464179],[-80.145722,-4.289934],[-79.81422,-4.490536],[-79.622159,-4.443751],[-79.500147,-4.519735],[-79.414182,-4.805209],[-79.284961,-4.945185],[-79.044506,-5.003066],[-78.897043,-4.898956],[-78.845454,-4.65892],[-78.662022,-4.572246],[-78.355159,-3.402301],[-78.25399,-3.399277],[-78.182589,-3.495568],[-78.196354,-3.367217],[-77.839114,-3.006764],[-76.633637,-2.591429],[-76.044356,-2.124938],[-75.583122,-1.549162],[-75.395042,-0.970764],[-75.235707,-0.975312],[-75.221189,-0.871427],[-75.241148,-0.537705],[-75.61055,-0.138706],[-75.320177,-0.157293],[-75.209281,-0.046194],[-74.885001,-0.243351],[-74.775165,-0.208647],[-74.730763,-0.320147],[-74.451445,-0.490342],[-74.245616,-1.000595],[-74.02855,-1.006334],[-73.869002,-1.215775],[-73.631101,-1.271692],[-73.460662,-1.581423],[-73.526731,-1.713612],[-73.149633,-1.828184],[-73.155019,-2.262059],[-72.937632,-2.44153],[-72.705159,-2.397431],[-72.694237,-2.448197],[-72.640314,-2.364157],[-72.379389,-2.485863],[-72.161121,-2.481061],[-71.750754,-2.174813],[-71.539535,-2.249924],[-71.507392,-2.346212],[-71.437912,-2.307835],[-71.40461,-2.403541],[-70.866387,-2.228354],[-70.601492,-2.487514],[-70.58497,-2.431325],[-70.317864,-2.510559],[-70.318594,-2.580657],[-70.067754,-2.694455],[-70.352415,-3.224116]]]}},{"type":"Feature","properties":{"tzid":"America/Los_Angeles"},"geometry":{"type":"Polygon","coordinates":[[[-114.569326,35.172007],[-114.635686,35.113676],[-114.635615,34.877518],[-114.456103,34.677759],[-114.384123,34.456412],[-114.136156,34.27263],[-114.433961,34.087706],[-114.535865,33.926615],[-114.549733,33.537665],[-114.713618,33.318546],[-114.666974,33.035423],[-114.518261,33.028856],[-114.464857,32.887764],[-114.615052,32.734515],[-117.203333,32.529626],[-117.444368,32.586007],[-117.571012,33.063709],[-118.148284,33.494037],[-118.07325,33.25981],[-118.318758,33.096329],[-118.137914,32.91414],[-118.11969,32.764793],[-118.218427,32.651717],[-118.472725,32.601542],[-118.689395,32.728587],[-118.82827,32.942618],[-118.840674,33.095947],[-118.687888,33.224835],[-118.816209,33.378052],[-118.986258,33.268637],[-119.189951,33.300925],[-119.233626,33.104817],[-119.474092,33.014084],[-119.676054,33.064608],[-119.927484,33.313485],[-119.902831,33.462522],[-119.777337,33.551022],[-119.291693,33.398388],[-119.212248,33.62936],[-119.016904,33.689119],[-118.782146,33.615791],[-118.643663,33.677316],[-118.659971,33.829667],[-118.861441,33.803082],[-119.161861,33.897301],[-119.348548,33.805111],[-120.11169,33.693476],[-120.594234,33.86565],[-120.704304,33.973063],[-120.760709,34.112556],[-120.644195,34.274229],[-120.885967,34.524196],[-120.902134,34.98174],[-121.854338,36.01527],[-122.108479,36.19338],[-122.231935,36.779237],[-122.633483,37.108963],[-122.776635,37.588435],[-123.064871,37.499029],[-123.321511,37.664555],[-123.355648,37.810013],[-123.225009,38.123148],[-123.331639,38.302164],[-123.957204,38.831646],[-124.084486,39.318495],[-124.097279,39.721583],[-124.571885,40.124265],[-124.718555,40.38655],[-124.705398,40.536158],[-124.405799,40.950637],[-124.443834,41.340463],[-124.37604,41.474496],[-124.394244,41.575968],[-124.629021,41.771346],[-124.584636,41.962657],[-124.768101,42.434282],[-124.721096,42.578388],[-124.857966,42.653405],[-124.904272,42.799495],[-124.726763,43.051053],[-124.680903,43.347936],[-124.45416,43.798106],[-124.266371,45.168971],[-124.305333,45.926323],[-124.242422,46.062756],[-124.371563,46.224791],[-124.358792,46.576236],[-124.49848,47.159503],[-125.024476,47.959624],[-125.083057,48.201933],[-125.004306,48.494427],[-124.72725,48.493444],[-123.679056,48.24],[-123.248444,48.284028],[-123.115139,48.422833],[-123.267889,48.694],[-123.021678,48.763399],[-123.0085,48.831222],[-123.32224,49.002072],[-116.062307,49.000827],[-116.049102,47.97732],[-115.727539,47.68273],[-115.745881,47.557657],[-115.636932,47.48064],[-115.73025,47.445691],[-115.69061,47.414277],[-115.33513,47.260591],[-114.782991,46.718891],[-114.638829,46.721239],[-114.597798,46.635088],[-114.350372,46.6628],[-114.506429,46.119123],[-114.409334,45.852809],[-114.537929,45.804204],[-114.502018,45.673485],[-114.574063,45.547352],[-114.796933,45.478414],[-114.738132,45.398115],[-115.204343,45.568006],[-115.497462,45.386035],[-115.837574,45.465756],[-116.229338,45.40157],[-116.309832,45.458695],[-116.323346,45.882897],[-116.619193,46.036506],[-116.714241,45.989964],[-116.764099,45.864735],[-116.546063,45.74924],[-116.469813,45.620604],[-116.842357,45.0296],[-116.85249,44.887449],[-117.062273,44.727143],[-117.200241,44.492029],[-117.189769,44.336585],[-117.486153,44.30142],[-117.59081,44.430078],[-117.971596,44.443328],[-118.213555,44.256084],[-118.21503,42.448522],[-117.026585,42.451386],[-117.026269,42.006855],[-116.969156,41.998991],[-114.041372,41.993739],[-114.043787,40.755583],[-114.112976,40.755668],[-114.043613,40.726167],[-114.046766,36.231191],[-114.148191,36.028013],[-114.263146,36.025937],[-114.377871,36.14385],[-114.753638,36.090705],[-114.569326,35.172007]]]}},{"type":"Feature","properties":{"tzid":"America/Lower_Princes"},"geometry":{"type":"Polygon","coordinates":[[[-63.267794,17.896354],[-63.138889,18.052778],[-62.949445,18.01722],[-63.054445,17.806209],[-63.267794,17.896354]]]}},{"type":"Feature","properties":{"tzid":"America/Maceio"},"geometry":{"type":"Polygon","coordinates":[[[-38.003,-9.515],[-38.237772,-9.32955],[-37.765291,-8.853913],[-37.629019,-9.00042],[-37.398375,-9.018659],[-37.232356,-9.222317],[-36.946486,-9.383022],[-36.850389,-9.275872],[-36.586266,-9.338085],[-35.886947,-8.863069],[-35.72303,-8.90888],[-35.489623,-8.827232],[-34.954529,-8.992946],[-35.217454,-9.429004],[-35.680331,-9.89862],[-36.246313,-10.672274],[-36.704783,-10.882161],[-37.157198,-11.552852],[-37.341145,-11.442343],[-37.519892,-11.548601],[-37.809758,-11.517132],[-37.962388,-11.402566],[-37.981673,-11.209785],[-38.218205,-10.921482],[-38.21751,-10.730163],[-37.97863,-10.756705],[-37.836515,-10.685986],[-37.836599,-10.400566],[-37.755039,-10.341518],[-37.782642,-10.04361],[-37.997987,-9.91241],[-38.055302,-9.61631],[-38.003,-9.515]]]}},{"type":"Feature","properties":{"tzid":"America/Managua"},"geometry":{"type":"MultiPolygon","coordinates":[[[[-83.675648,10.92597],[-83.673148,10.934197],[-83.670523,10.927516],[-83.675648,10.92597]]],[[[-85.000212,14.724791],[-84.829645,14.826394],[-84.698936,14.689996],[-84.451303,14.63105],[-84.373367,14.701323],[-84.279225,14.661217],[-84.239243,14.75751],[-83.731939,14.819176],[-83.496154,15.011071],[-83.149551,14.99645],[-82.881667,15.090278],[-82.859303,14.992726],[-82.49,14.8875],[-82.605871,14.102307],[-83.111113,13.032062],[-82.779129,12.365836],[-82.772951,12.213258],[-83.268253,11.264168],[-83.49625,11.234361],[-83.680667,11.027389],[-83.660997,10.821808],[-83.891172,10.721502],[-84.209438,10.799884],[-84.35874,10.995826],[-84.419772,10.955364],[-84.680546,11.084402],[-84.881528,10.961143],[-85.6099,11.219568],[-85.742871,11.065657],[-86.034159,11.109286],[-86.676562,11.65006],[-86.963146,12.087876],[-87.295364,12.29306],[-87.888988,12.860179],[-87.807754,13.064391],[-87.597147,13.170696],[-87.310392,12.987576],[-86.963699,13.030166],[-86.901345,13.271079],[-86.711682,13.295701],[-86.776367,13.68429],[-86.723553,13.787017],[-86.367123,13.763273],[-86.151652,14.035781],[-86.042932,14.069568],[-86.042018,13.996102],[-85.753642,13.836767],[-85.723764,13.978337],[-85.410559,14.122881],[-85.333936,14.247516],[-85.181968,14.256592],[-85.221376,14.374097],[-85.000212,14.724791]]]]}},{"type":"Feature","properties":{"tzid":"America/Manaus"},"geometry":{"type":"Polygon","coordinates":[[[-60.246251,-8.797997],[-61.583,-8.798],[-61.705,-8.707],[-61.985,-8.878],[-62.124,-8.801],[-62.228,-8.59],[-62.335,-8.609],[-62.384,-8.377],[-62.551,-8.358],[-62.845,-7.986],[-63.620789,-7.969294],[-63.791231,-8.333215],[-63.944122,-8.331188],[-63.924569,-8.575525],[-64.144762,-8.776447],[-64.141767,-8.945051],[-64.839324,-8.994111],[-65.09785,-9.432516],[-65.246661,-9.257664],[-65.432074,-9.314433],[-65.456658,-9.470519],[-65.611327,-9.422256],[-65.770714,-9.565356],[-65.970301,-9.41316],[-66.408858,-9.406947],[-66.516891,-9.639026],[-66.792696,-9.802051],[-67.517,-9.56],[-69.944859,-4.226809],[-69.395948,-1.138097],[-69.610126,-0.758711],[-69.611596,-0.521805],[-70.043228,-0.189979],[-70.047068,0.563121],[-69.805366,0.572933],[-69.468325,0.735201],[-69.355722,0.615294],[-69.224018,0.607087],[-69.143785,0.643295],[-69.139024,0.879595],[-69.349287,1.081596],[-69.797517,1.071141],[-69.842909,1.714992],[-68.165074,1.729447],[-68.28028,1.834009],[-68.197414,2.015606],[-67.917397,1.817868],[-67.759266,2.014448],[-67.556086,2.045307],[-67.390802,2.227801],[-67.347489,1.979333],[-67.15799,1.796719],[-67.087426,1.206344],[-66.855919,1.226877],[-66.310351,0.744922],[-65.596383,0.99948],[-65.508749,0.831241],[-65.604783,0.714189],[-65.519446,0.667758],[-65.327475,0.931308],[-65.178752,0.938195],[-65.129753,1.130156],[-64.994087,1.136453],[-64.816112,1.298695],[-64.745328,1.226727],[-64.408851,1.508933],[-64.358382,1.38869],[-64.211129,1.513234],[-64.073703,1.653545],[-63.997378,1.97556],[-63.16546,2.180313],[-63.070863,2.039986],[-62.847788,2.017016],[-62.698729,1.911958],[-62.803191,1.611154],[-62.62,1.404],[-62.449,0.984],[-62.532,0.509],[-62.195,-0.364],[-62.315663,-0.552515],[-62.292633,-0.647664],[-62.470826,-0.690431],[-62.500599,-0.775142],[-62.039173,-1.118958],[-61.882707,-1.400012],[-61.604,-1.448],[-61.473624,-1.593865],[-61.608521,-1.313015],[-61.547524,-0.792487],[-61.230882,-0.51197],[-60.923435,-0.56547],[-60.7607,-0.863644],[-60.668947,-0.88776],[-60.326869,-0.723496],[-60.39077,-0.491337],[-60.046,0.232],[-58.89536,0.263472],[-58.872,-0.343],[-58.739657,-0.426643],[-58.737889,-0.617468],[-58.43471,-0.884649],[-58.319455,-1.134053],[-58.137249,-1.204869],[-58.028047,-1.103108],[-57.954468,-1.387547],[-57.355146,-1.734996],[-57.158099,-1.73202],[-57.038219,-1.905308],[-56.748248,-2.016952],[-56.765533,-2.14356],[-56.667319,-2.212436],[-56.098005,-2.026998],[-56.465,-2.423],[-56.433,-2.516],[-58.260191,-6.466749],[-58.474791,-6.699516],[-58.422463,-6.918716],[-58.233682,-7.103639],[-58.136618,-7.348293],[-58.220115,-7.636647],[-58.369718,-7.815256],[-58.288264,-8.060345],[-58.416903,-8.513119],[-58.381498,-8.763818],[-60.246251,-8.797997]]]}},{"type":"Feature","properties":{"tzid":"America/Marigot"},"geometry":{"type":"Polygon","coordinates":[[[-63.138889,18.052778],[-63.267794,17.896354],[-63.355309,18.017124],[-62.948611,18.180833],[-62.767393,18.162863],[-62.949445,18.01722],[-63.138889,18.052778]]]}},{"type":"Feature","properties":{"tzid":"America/Martinique"},"geometry":{"type":"Polygon","coordinates":[[[-60.936925,15.010247],[-60.739555,14.954732],[-60.669877,14.817675],[-60.602439,14.452443],[-60.753188,14.221738],[-61.211801,14.314681],[-61.426389,14.749634],[-61.367988,14.988123],[-61.158913,15.079246],[-60.936925,15.010247]]]}},{"type":"Feature","properties":{"tzid":"America/Matamoros"},"geometry":{"type":"Polygon","coordinates":[[[-103.637501,28.554505],[-103.309215,29.001187],[-103.16054,28.97382],[-102.86766,29.22344],[-102.87884,29.35403],[-102.67731,29.74079],[-102.39111,29.76462],[-102.30457,29.87785],[-102.07121,29.78706],[-101.55092,29.80531],[-100.79732,29.24681],[-100.28522,28.27207],[-99.94923,27.98295],[-99.84051,27.76542],[-99.53838,27.60092],[-99.43783,27.01363],[-99.27647,26.85316],[-99.09144,26.4094],[-98.79985,26.36247],[-98.25144,26.07582],[-97.66992,26.03223],[-97.44098,25.84817],[-97.34983,25.92612],[-96.92403,25.975652],[-96.986553,25.582752],[-97.305319,24.97941],[-97.516584,25.042405],[-97.979141,25.435023],[-98.581751,25.489362],[-98.607484,26.020702],[-98.88281,25.986767],[-99.006991,26.085543],[-99.153864,26.062488],[-99.191383,26.221677],[-99.426913,26.344674],[-99.400385,26.550085],[-99.640797,26.669402],[-99.590494,26.861845],[-99.978761,26.866542],[-99.974332,26.999628],[-100.121183,27.028904],[-100.101018,27.101117],[-100.38037,27.322548],[-100.409575,27.429043],[-100.28618,27.730947],[-100.9054,27.909277],[-101.067256,28.242092],[-101.302817,28.250296],[-101.216176,28.376314],[-101.716974,28.509111],[-101.997202,28.984014],[-102.393283,29.061536],[-102.615416,28.732641],[-102.479448,28.550782],[-102.492744,28.289726],[-102.369829,27.996156],[-102.252947,27.971738],[-102.300301,27.887145],[-102.157031,27.818064],[-102.199515,27.692404],[-102.136961,27.695147],[-101.895655,27.30557],[-102.365845,27.262001],[-102.288979,27.014806],[-102.618117,27.148628],[-102.743664,27.04499],[-102.808391,27.080955],[-102.799681,26.873131],[-103.027151,26.977935],[-103.341565,26.978099],[-103.530715,27.182641],[-103.382841,27.378683],[-103.506027,27.435105],[-103.448197,27.826346],[-103.634013,27.864562],[-103.413642,28.448098],[-103.637501,28.554505]]]}},{"type":"Feature","properties":{"tzid":"America/Mazatlan"},"geometry":{"type":"MultiPolygon","coordinates":[[[[-114.47342,18.382048],[-114.561088,18.202472],[-114.755081,18.142378],[-114.899252,18.185833],[-114.984643,18.363118],[-114.935585,18.506908],[-114.754468,18.584022],[-114.560158,18.544716],[-114.47342,18.382048]]],[[[-111.861097,19.001103],[-112.034346,18.802437],[-112.232995,18.869915],[-112.283331,18.998656],[-112.179009,19.173264],[-112.036793,19.197976],[-111.861097,19.001103]]],[[[-110.689134,18.773569],[-110.804833,18.5556],[-110.996916,18.510405],[-111.210472,18.639525],[-111.275616,18.875418],[-111.19442,19.000224],[-110.911701,19.087764],[-110.785687,19.009016],[-110.689134,18.773569]]],[[[-111.044039,19.303527],[-110.869152,19.527599],[-110.675854,19.489123],[-110.596613,19.363073],[-110.642877,19.171626],[-110.772001,19.096933],[-110.963838,19.141009],[-111.044039,19.303527]]],[[[-106.925029,21.743287],[-106.788876,21.95055],[-106.544733,21.93724],[-106.040667,21.435235],[-106.032947,21.184694],[-106.201846,21.075307],[-106.394855,21.127396],[-106.813843,21.494121],[-106.925029,21.743287]]],[[[-106.145423,22.658561],[-106.611516,23.058837],[-107.157474,23.803652],[-108.142625,24.496579],[-108.608048,25.107719],[-109.150316,25.266594],[-109.581766,25.516962],[-109.673002,25.974546],[-109.502459,26.330682],[-109.121765,26.298763],[-108.88378,26.407538],[-108.873152,26.551071],[-108.678737,26.608326],[-108.50596,27.002636],[-108.249839,27.040828],[-108.188008,26.986251],[-108.228529,26.911074],[-108.00562,26.760987],[-108.078051,26.645554],[-107.829283,26.183815],[-107.30489,26.076402],[-107.290231,25.943727],[-106.97329,25.62957],[-107.17007,25.559547],[-107.210132,25.417101],[-107.129892,25.053139],[-106.719264,24.676239],[-106.534089,24.309548],[-106.268869,24.374755],[-106.082436,24.274601],[-105.86101,23.88709],[-105.951522,23.907679],[-105.909029,23.590189],[-105.767707,23.552385],[-105.645805,23.151502],[-105.407341,23.103231],[-105.33709,22.97774],[-105.013825,22.977673],[-104.911374,22.779893],[-105.057303,22.688094],[-104.987912,22.498727],[-104.77457,22.633082],[-104.510934,22.350824],[-104.39876,22.411383],[-104.293127,22.365131],[-104.370596,21.976432],[-104.218829,21.979001],[-104.163787,21.813589],[-103.921746,21.77033],[-103.892482,21.573754],[-103.747427,21.45901],[-103.835747,21.240981],[-104.216287,21.177728],[-104.206588,20.936373],[-104.358733,20.802635],[-104.266402,20.751564],[-104.253402,20.604233],[-104.726129,21.006693],[-105.372315,20.870667],[-105.334666,20.917371],[-105.51776,21.101617],[-105.459908,21.387557],[-105.69564,21.463746],[-105.737517,21.730076],[-105.927914,21.664932],[-106.095122,21.775414],[-106.103179,21.971249],[-105.864519,22.14818],[-106.00928,22.550588],[-106.145423,22.658561]]],[[[-115.917696,24.821371],[-115.970403,24.958871],[-115.866512,25.123984],[-115.670394,25.140773],[-115.554182,25.046315],[-115.536658,24.899232],[-115.629671,24.783351],[-115.776011,24.752022],[-115.917696,24.821371]]],[[[-112.530512,27.937805],[-112.119052,27.588073],[-111.877507,27.661271],[-111.693458,27.571889],[-111.65683,27.376823],[-111.806659,27.247956],[-111.698331,27.0769],[-111.217852,26.735092],[-111.159465,26.303001],[-110.924027,26.206253],[-110.8683,25.912864],[-110.60636,25.772866],[-110.590765,25.521031],[-110.343222,25.146572],[-110.339664,24.798911],[-110.094247,24.549939],[-109.801131,24.546165],[-109.611349,24.288016],[-109.587718,23.989928],[-109.277176,23.651663],[-109.199101,23.358519],[-109.368883,22.981404],[-109.779992,22.704652],[-110.009082,22.673275],[-110.146752,22.73895],[-110.280868,22.895003],[-110.487465,23.419376],[-110.745216,23.545674],[-111.350784,24.051041],[-111.543323,24.143727],[-111.834839,24.137573],[-112.225304,24.391404],[-112.46261,24.653654],[-112.521248,24.84009],[-112.372537,25.224724],[-112.324535,25.715424],[-112.556009,26.035716],[-113.290365,26.497981],[-113.700561,26.530016],[-113.964235,26.773422],[-114.559976,27.009309],[-114.697772,27.156154],[-114.714598,27.292616],[-115.350472,27.724207],[-115.451783,27.897571],[-114.949678,28.037003],[-114.569945,27.985609],[-114.38932,28.118761],[-114.204706,27.999988],[-112.54283,28.046094],[-112.530512,27.937805]]]]}},{"type":"Feature","properties":{"tzid":"America/Miquelon"},"geometry":{"type":"Polygon","coordinates":[[[-55.907368,46.656198],[-56.224829,46.548855],[-56.579364,46.652592],[-56.696513,46.819874],[-56.65594,47.21355],[-56.412821,47.339816],[-56.255,47.305278],[-56.105,47.100556],[-56.100815,46.859325],[-55.907368,46.656198]]]}},{"type":"Feature","properties":{"tzid":"America/Menominee"},"geometry":{"type":"Polygon","coordinates":[[[-87.584641,45.097235],[-87.71791,45.161191],[-87.67455,45.381649],[-87.868177,45.365365],[-87.780737,45.675458],[-88.132847,45.813518],[-88.145038,45.933209],[-88.670512,45.988505],[-90.12143,46.337425],[-90.230686,46.501444],[-90.416015,46.563768],[-89.889379,46.764385],[-89.74062,46.505563],[-89.365006,46.505886],[-89.365338,46.33295],[-88.990946,46.332305],[-88.991219,46.419756],[-88.116502,46.419924],[-88.117551,46.261221],[-87.61553,46.246665],[-87.617037,45.985953],[-87.367648,45.985237],[-87.326986,45.579971],[-87.101133,45.44423],[-87.440204,45.084267],[-87.584641,45.097235]]]}},{"type":"Feature","properties":{"tzid":"America/Merida"},"geometry":{"type":"MultiPolygon","coordinates":[[[[-89.440151,22.378932],[-89.585319,22.181916],[-89.829167,22.22794],[-90.008992,22.534971],[-89.979561,22.682753],[-89.802824,22.781466],[-89.651509,22.748752],[-89.440151,22.378932]]],[[[-91.168624,22.130396],[-91.224698,21.993174],[-91.408722,21.925194],[-91.58636,22.007992],[-91.628657,22.150377],[-91.558434,22.280268],[-91.369009,22.333406],[-91.232354,22.273646],[-91.168624,22.130396]]],[[[-92.001196,20.919716],[-92.097637,20.746463],[-92.288828,20.700906],[-92.485015,20.859171],[-92.522382,21.004902],[-92.44502,21.133882],[-92.248635,21.174178],[-92.073265,21.06979],[-92.001196,20.919716]]],[[[-92.186268,20.212165],[-92.131965,20.352277],[-91.997746,20.419459],[-91.84971,20.385002],[-91.750883,20.21415],[-91.804002,20.07148],[-91.990487,20.003815],[-92.125757,20.069035],[-92.186268,20.212165]]],[[[-92.511081,18.851981],[-91.843195,18.876886],[-90.933097,19.427992],[-90.906507,19.739648],[-90.732173,19.967824],[-90.705002,20.556104],[-90.567383,21.033032],[-90.213762,21.327473],[-88.145616,21.830438],[-87.515851,21.690878],[-87.533145,20.999602],[-87.744259,20.653787],[-88.104236,20.312108],[-88.689336,20.090621],[-89.0362,19.67804],[-89.28734,19.557945],[-89.146866,19.31445],[-89.124066,18.428994],[-89.207412,17.993148],[-89.151912,17.8156],[-90.943888,17.815251],[-90.987969,17.962393],[-91.220573,17.977715],[-91.565569,18.157913],[-91.66435,17.889224],[-92.142675,18.131445],[-92.176114,18.455862],[-92.423166,18.507596],[-92.511081,18.851981]]]]}},{"type":"Feature","properties":{"tzid":"America/Metlakatla"},"geometry":{"type":"Polygon","coordinates":[[[-131.703609,55.102154],[-131.576168,55.294492],[-131.281555,55.188248],[-131.265852,55.121996],[-131.336983,54.995534],[-131.612075,54.986235],[-131.703609,55.102154]]]}},{"type":"Feature","properties":{"tzid":"America/Mexico_City"},"geometry":{"type":"Polygon","coordinates":[[[-97.7846,22.262358],[-97.574497,22.313607],[-97.39635,21.904642],[-97.017989,21.602289],[-97.024471,21.408081],[-97.201411,21.22957],[-96.961044,20.733114],[-96.266799,19.96479],[-96.101559,19.477976],[-95.891994,19.357897],[-95.712056,18.99327],[-95.146534,18.916403],[-94.684482,18.706646],[-94.426025,18.362796],[-93.473193,18.646736],[-92.991608,18.637104],[-92.755671,18.808012],[-92.553041,18.839734],[-92.423166,18.507596],[-92.176022,18.458227],[-92.115227,18.099691],[-91.673486,17.894808],[-91.524362,18.160212],[-91.228366,17.98196],[-90.987969,17.962393],[-90.98769,17.278568],[-91.439068,17.250866],[-91.266038,17.169733],[-91.073392,16.910806],[-90.724701,16.730804],[-90.577668,16.473176],[-90.392642,16.414727],[-90.457271,16.09402],[-91.748549,16.045157],[-92.204599,15.270758],[-92.070671,15.057995],[-92.171962,14.857005],[-92.147214,14.660934],[-92.364872,14.381183],[-93.546666,15.499754],[-93.951209,15.77648],[-94.454075,15.9722],[-95.071972,15.979925],[-95.36484,15.788898],[-96.173732,15.471148],[-96.467979,15.440733],[-96.938865,15.538019],[-97.294959,15.7129],[-97.855887,15.765377],[-98.128421,15.96784],[-98.694005,16.165686],[-98.881824,16.335858],[-99.733737,16.506304],[-100.102492,16.724716],[-101.179596,17.094505],[-101.803254,17.518425],[-101.998677,17.753625],[-102.308992,17.749928],[-103.623755,18.143898],[-103.971569,18.617817],[-105.10965,19.161289],[-105.535896,19.676071],[-105.892922,20.314738],[-105.883608,20.66511],[-105.330481,20.634775],[-105.116492,20.900986],[-104.806179,21.014318],[-104.582881,20.934345],[-104.274922,20.621528],[-104.24085,20.65935],[-104.365216,20.78386],[-104.204616,20.951966],[-104.209761,21.188191],[-103.825277,21.24635],[-103.730163,21.416911],[-103.910248,21.578426],[-103.921746,21.77033],[-104.163787,21.813589],[-104.218569,21.979518],[-104.366929,21.972371],[-104.288295,22.663896],[-104.239059,22.749772],[-104.093957,22.760012],[-104.173433,22.999947],[-104.099436,23.378585],[-103.785059,23.676516],[-103.850983,23.67957],[-103.857201,23.994534],[-103.622007,24.117465],[-103.567839,24.275473],[-103.388884,24.428671],[-103.044424,24.464675],[-102.699904,24.373972],[-102.487446,24.426559],[-102.566236,24.902221],[-102.673012,24.965938],[-102.652708,25.045516],[-102.489088,25.012289],[-102.463325,25.115916],[-101.84881,25.017624],[-101.744911,24.864067],[-101.606715,24.838063],[-101.600407,24.754397],[-101.236089,24.777879],[-101.080495,24.591185],[-100.810605,24.551606],[-100.62193,24.416715],[-100.629226,24.240515],[-100.51682,24.139897],[-100.483608,23.214046],[-100.350328,23.16566],[-100.374235,23.265317],[-100.278379,23.310328],[-100.122357,23.235515],[-100.011578,23.065603],[-100.110277,22.943445],[-100.044239,22.917892],[-100.022343,22.725925],[-99.898362,22.748642],[-99.534692,22.612765],[-99.490484,22.741427],[-99.314034,22.609898],[-99.236839,22.412862],[-98.793315,22.36187],[-98.223737,22.469503],[-97.860268,22.210084],[-97.7846,22.262358]]]}},{"type":"Feature","properties":{"tzid":"America/Moncton"},"geometry":{"type":"Polygon","coordinates":[[[-68.145915,47.304591],[-68.368984,47.351536],[-68.881416,47.183392],[-69.04979,47.284638],[-68.417815,47.530247],[-68.382334,47.916117],[-68.122793,47.916319],[-68.122591,47.999696],[-67.641245,47.999956],[-67.390205,47.858434],[-66.958922,47.892211],[-66.925722,47.978997],[-66.401099,48.089659],[-65.858146,48.022234],[-65.536139,47.828607],[-64.273796,48.220685],[-63.625121,48.000063],[-63.331384,47.605844],[-64.455768,47.056479],[-64.546419,46.87277],[-64.532686,46.558291],[-64.381624,46.412675],[-63.574825,46.100815],[-64.14965,45.979917],[-64.93375,45.449457],[-65.016589,45.261202],[-65.937983,44.956659],[-66.680717,44.307442],[-66.838241,44.283944],[-67.296224,44.356135],[-67.248249,44.5],[-66.885405,44.794209],[-67.144891,45.145913],[-67.370694,45.142],[-67.473111,45.258658],[-67.443138,45.593846],[-67.803646,45.677665],[-67.790144,47.0588],[-68.145915,47.304591]]]}},{"type":"Feature","properties":{"tzid":"America/Monterrey"},"geometry":{"type":"Polygon","coordinates":[[[-104.248479,22.748451],[-104.323009,22.428014],[-104.544144,22.37486],[-104.785487,22.646363],[-104.960525,22.505311],[-105.056066,22.638694],[-104.905011,22.733734],[-105.000442,22.946481],[-105.297699,22.954162],[-105.411408,23.107713],[-105.618755,23.126303],[-105.760063,23.534598],[-105.837849,23.604937],[-105.892655,23.552645],[-105.957783,23.871825],[-105.881553,23.93282],[-106.075107,24.269812],[-106.268869,24.374755],[-106.508303,24.290872],[-106.585959,24.379],[-106.705948,24.665262],[-107.116003,25.048032],[-107.200022,25.320755],[-107.172304,25.526424],[-106.922755,25.645797],[-106.87331,25.571661],[-106.630541,25.58576],[-106.482251,25.717902],[-106.555806,25.691778],[-106.560246,25.912476],[-106.444522,26.004822],[-106.217771,26.658895],[-106.047366,26.844788],[-105.316769,26.462255],[-105.101637,26.521373],[-105.02707,26.436862],[-104.809174,26.508488],[-104.543168,26.372073],[-104.281292,26.836195],[-103.699094,26.725256],[-103.842158,26.89145],[-103.750413,27.069842],[-103.95065,27.927815],[-103.892886,27.914023],[-103.898581,28.038629],[-103.643355,28.530634],[-103.431366,28.456429],[-103.630307,27.874372],[-103.478171,27.862223],[-103.506027,27.435105],[-103.356256,27.411194],[-103.521528,27.281639],[-103.433259,27.039119],[-102.799681,26.873131],[-102.807931,27.070078],[-102.640201,27.160036],[-102.300557,27.011636],[-102.365845,27.262001],[-102.034447,27.236389],[-101.895655,27.30557],[-102.124375,27.668538],[-102.182351,27.657046],[-102.157031,27.818064],[-102.298482,27.884997],[-102.215023,27.947977],[-102.384525,28.015507],[-102.481902,28.266636],[-102.479448,28.550782],[-102.63804,28.696971],[-102.404698,29.064056],[-102.040788,28.990792],[-101.681503,28.500269],[-101.224352,28.378595],[-101.304215,28.222399],[-101.05845,28.242644],[-100.9502,27.92658],[-100.298768,27.743892],[-100.3842,27.333257],[-100.171908,27.182255],[-100.08684,27.010556],[-99.986803,27.012981],[-99.978761,26.866542],[-99.592404,26.863301],[-99.663238,26.681774],[-99.396825,26.596566],[-99.412297,26.320655],[-99.209547,26.257574],[-99.163962,26.071897],[-99.006991,26.085543],[-98.886656,25.982845],[-98.804325,26.045318],[-98.607484,26.020702],[-98.581808,25.495288],[-98.262637,25.504373],[-97.879915,25.394415],[-97.524755,25.054837],[-97.305319,24.97941],[-97.486963,24.314511],[-97.543494,22.890742],[-97.636164,22.560543],[-97.585062,22.342322],[-97.858726,22.209638],[-98.194995,22.469559],[-98.805599,22.361575],[-99.23227,22.412626],[-99.314034,22.609898],[-99.477127,22.740637],[-99.544327,22.74414],[-99.507344,22.647906],[-99.560638,22.64122],[-100.06601,22.74135],[-100.040296,22.895545],[-100.110619,22.970178],[-100.052083,23.046511],[-100.206322,23.307108],[-100.479881,23.194326],[-100.463095,23.653045],[-100.63995,24.431797],[-101.106877,24.609203],[-101.215039,24.775168],[-101.59776,24.754007],[-101.601261,24.835563],[-101.773463,24.875535],[-101.841312,24.997476],[-102.295477,25.125189],[-102.463325,25.115916],[-102.489087,25.012289],[-102.669694,25.066637],[-102.51544,24.71948],[-102.528584,24.413667],[-103.386205,24.422965],[-103.635969,24.110293],[-103.843129,24.026967],[-103.797796,23.627404],[-104.080959,23.421346],[-104.172203,23.103079],[-104.101918,22.806229],[-104.248479,22.748451]]]}},{"type":"Feature","properties":{"tzid":"America/Montevideo"},"geometry":{"type":"MultiPolygon","coordinates":[[[[-58.109967,-33.023031],[-58.107899,-33.020503],[-58.106522,-33.020721],[-58.109967,-33.023031]]],[[[-58.126425,-33.027839],[-58.127204,-33.027748],[-58.1265,-33.027583],[-58.126425,-33.027839]]],[[[-58.115884,-32.990352],[-58.111533,-33.013733],[-58.128716,-33.025678],[-58.115884,-32.990352]]],[[[-58.129748,-33.02913],[-58.125484,-33.029446],[-58.132991,-33.034722],[-58.129748,-33.02913]]],[[[-58.125811,-33.01118],[-58.125344,-33.004621],[-58.124515,-33.00869],[-58.125811,-33.01118]]],[[[-58.114876,-32.974669],[-58.112896,-32.940084],[-58.116198,-32.990422],[-58.114876,-32.974669]]],[[[-58.114827,-33.024083],[-58.106373,-32.960374],[-58.089121,-32.997794],[-58.114827,-33.024083]]],[[[-55.70503,-35.782483],[-56.716688,-35.171659],[-57.000001,-35.18333],[-57.333336,-34.866652],[-57.951664,-34.666668],[-57.939952,-34.443349],[-58.293339,-34.166664],[-58.422001,-33.918868],[-58.487933,-33.605852],[-58.405037,-33.192905],[-58.094898,-33.016868],[-58.204387,-32.463417],[-58.103835,-32.246254],[-58.203931,-31.880063],[-58.0392,-31.761085],[-57.988051,-31.56378],[-58.080317,-31.452848],[-57.913141,-31.212933],[-57.914879,-30.924482],[-57.802929,-30.842654],[-57.889465,-30.510438],[-57.566635,-30.207578],[-57.523074,-30.285884],[-57.223212,-30.28934],[-57.073689,-30.089971],[-56.819707,-30.103677],[-56.022215,-30.788914],[-55.998994,-31.083503],[-55.564045,-30.853437],[-55.209259,-31.262424],[-54.586831,-31.456536],[-54.421076,-31.677946],[-53.763522,-32.079304],[-53.556369,-32.472711],[-53.075583,-32.740881],[-53.518189,-33.153425],[-53.511888,-33.689838],[-53.17758,-33.869428],[-53.529312,-34.50039],[-54.033637,-34.844189],[-54.901055,-35.227795],[-55.70503,-35.782483]],[[-58.244435,-34.187796],[-58.25534,-34.189594],[-58.243602,-34.174803],[-58.244435,-34.187796]]]]}},{"type":"Feature","properties":{"tzid":"America/Montserrat"},"geometry":{"type":"Polygon","coordinates":[[[-61.942569,16.774049],[-61.975485,16.577928],[-62.154425,16.474256],[-62.347679,16.539301],[-62.449909,16.712073],[-62.203336,16.888391],[-61.942569,16.774049]]]}},{"type":"Feature","properties":{"tzid":"America/Nassau"},"geometry":{"type":"Polygon","coordinates":[[[-79.295077,23.143014],[-79.59588,23.301043],[-80.523824,23.529916],[-80.700194,23.910715],[-80.524446,24.143564],[-80.003586,24.247967],[-79.363241,25.00452],[-79.536084,25.638981],[-79.31614,26.091627],[-79.315421,27.020753],[-78.419224,27.473455],[-77.461399,27.140405],[-76.818298,26.716638],[-75.948835,25.276453],[-75.51413,24.821016],[-74.323528,24.30504],[-73.441397,23.21777],[-72.52666,22.470244],[-72.447823,22.287663],[-72.814092,21.134138],[-72.993005,20.836151],[-73.119238,20.747023],[-73.709408,20.714316],[-77.214826,22.032971],[-78.115444,22.596111],[-79.295077,23.143014]]]}},{"type":"Feature","properties":{"tzid":"America/New_York"},"geometry":{"type":"MultiPolygon","coordinates":[[[[-75.086633,19.902743],[-75.232488,19.869741],[-75.194668,19.969999],[-75.086645,19.97382],[-75.086633,19.902743]]],[[[-82.924819,24.837856],[-82.7193,24.835715],[-82.588284,24.68487],[-82.622942,24.536605],[-82.794719,24.424979],[-83.003434,24.426074],[-83.152819,24.560147],[-83.106259,24.753518],[-82.924819,24.837856]]],[[[-85.204398,32.968098],[-85.605165,34.984678],[-85.391289,35.040916],[-85.138969,35.509167],[-84.704147,35.894115],[-84.902875,36.177604],[-84.877271,36.274443],[-84.702521,36.370512],[-84.785681,36.603406],[-84.572784,36.846939],[-85.165178,37.310403],[-85.353226,37.192234],[-85.619699,37.4678],[-86.050094,37.453469],[-86.245134,37.592412],[-86.151324,37.798838],[-86.490685,38.045672],[-86.376223,38.175047],[-86.043516,37.958689],[-85.449327,38.111134],[-85.4051,38.263586],[-85.625905,38.409435],[-85.418238,38.537512],[-85.434632,38.729367],[-85.14484,38.696544],[-84.789812,38.862055],[-85.140245,38.90308],[-85.073158,39.267475],[-84.818692,39.352278],[-84.781558,41.697003],[-83.415851,41.733794],[-83.124923,41.951218],[-82.689673,41.681375],[-82.397475,41.67656],[-81.245704,42.207566],[-80.058484,42.401859],[-78.928967,42.845076],[-78.919226,42.947077],[-79.020182,42.994822],[-79.05579,43.239094],[-79.200667,43.450472],[-78.690389,43.631139],[-76.796687,43.631127],[-76.312722,44.199056],[-75.869917,44.396167],[-75.256083,44.857333],[-74.834778,45.014639],[-71.506438,45.01339],[-71.434616,45.2309],[-71.303026,45.292975],[-71.161549,45.249817],[-70.984071,45.332223],[-70.880836,45.234279],[-70.813787,45.410675],[-70.624323,45.400046],[-70.722562,45.513675],[-70.257274,45.900612],[-70.311077,46.011961],[-70.265765,46.223621],[-70.056503,46.415581],[-69.999184,46.685903],[-69.230752,47.453734],[-69.034857,47.414797],[-69.048871,47.264758],[-68.915045,47.188576],[-68.280573,47.359623],[-67.790119,47.055376],[-67.803121,45.696055],[-67.450018,45.602479],[-67.461912,45.242724],[-67.356557,45.133006],[-67.16785,45.16467],[-66.885405,44.794209],[-67.037502,44.574188],[-67.091711,44.299767],[-67.292687,44.353738],[-67.927903,44.138484],[-67.849075,43.955685],[-67.977722,43.799501],[-68.181838,43.770781],[-68.415408,43.854195],[-68.73876,43.600953],[-69.099767,43.630245],[-69.799277,43.496167],[-70.19651,43.239319],[-70.220249,43.045039],[-70.385224,42.841558],[-70.304577,42.612053],[-70.473023,42.309999],[-69.977489,42.242661],[-69.746961,42.042254],[-69.660403,41.695309],[-69.753088,41.460036],[-69.694797,41.264954],[-69.761133,41.125117],[-70.000629,41.038965],[-70.5633,41.132118],[-70.855242,41.051826],[-71.143198,41.247641],[-71.285147,41.206417],[-71.311391,41.058601],[-71.434995,40.971474],[-72.962893,40.479329],[-73.693599,40.38226],[-73.856498,39.675921],[-74.133782,39.303802],[-74.786994,38.745083],[-74.800979,38.394934],[-74.962713,38.013808],[-75.179759,37.722523],[-75.321003,37.659678],[-75.50268,37.241712],[-75.729202,36.954515],[-75.549212,36.319675],[-75.217614,35.627696],[-75.338384,35.088863],[-75.967616,34.845858],[-76.404015,34.393125],[-76.61195,34.373388],[-76.789432,34.494391],[-77.364998,34.28518],[-77.577532,34.111464],[-77.828957,33.650503],[-77.984724,33.619354],[-78.285475,33.70965],[-78.649767,33.594286],[-78.911776,33.329755],[-78.980231,33.039262],[-80.138667,32.32404],[-80.585562,31.979253],[-80.882376,31.627032],[-81.18794,30.827134],[-81.160011,30.325389],[-80.846149,29.409914],[-80.313452,28.534114],[-80.350634,28.156333],[-79.81014,26.830478],[-79.934142,25.434244],[-80.007027,25.144178],[-80.226999,24.866812],[-81.040264,24.4376],[-81.626976,24.293167],[-81.931178,24.258011],[-82.348554,24.439692],[-82.384877,24.587248],[-82.277645,24.753661],[-81.929903,24.810776],[-81.365352,25.05791],[-81.375123,25.357647],[-81.555287,25.602337],[-81.842167,25.69144],[-82.042278,26.216015],[-82.363189,26.362228],[-82.500819,26.749148],[-82.943443,27.439139],[-83.076774,27.873829],[-83.077133,28.231884],[-82.917054,28.548976],[-82.98257,28.851644],[-83.263507,28.959687],[-83.819533,29.742236],[-84.053421,29.861443],[-85.007575,29.389114],[-85.253507,29.458528],[-85.246316,29.625002],[-85.390275,29.621654],[-85.446869,29.706074],[-85.473565,29.854301],[-85.390411,29.977964],[-85.1105,29.777863],[-85.020071,29.815863],[-85.137401,30.148373],[-84.858571,30.700185],[-85.102834,31.185035],[-85.042983,31.5352],[-85.134675,31.775046],[-85.055045,32.113671],[-84.898155,32.258827],[-85.214,32.514],[-85.282,32.847],[-85.204398,32.968098]]]]}},{"type":"Feature","properties":{"tzid":"America/Nome"},"geometry":{"type":"MultiPolygon","coordinates":[[[[-172.262706,63.397123],[-172.278895,63.595622],[-172.147331,63.870143],[-171.640107,63.98453],[-171.055493,63.795515],[-170.534231,63.894632],[-169.882698,63.835186],[-169.55328,63.622401],[-168.403344,63.44954],[-168.247158,63.269125],[-168.399209,62.996211],[-168.534729,62.92064],[-169.11561,62.909419],[-169.663877,62.737112],[-170.022537,62.798068],[-170.207032,62.958065],[-170.57529,63.034286],[-170.78115,63.182072],[-171.617522,63.114933],[-172.029922,63.214432],[-172.262706,63.397123]]],[[[-168.473248,65.088105],[-167.899923,65.17135],[-167.6509,65.087233],[-167.578443,64.95697],[-167.775167,64.798943],[-168.221436,64.769954],[-168.546898,64.907049],[-168.473248,65.088105]]],[[[-169.931475,56.415246],[-170.147898,56.619463],[-169.915158,56.80021],[-169.334066,56.783949],[-169.103979,56.605071],[-169.214603,56.443259],[-169.45829,56.343245],[-169.931475,56.415246]]],[[[-170.767517,57.093058],[-170.772677,57.242845],[-170.659383,57.345855],[-170.190537,57.445281],[-169.684138,57.331218],[-169.568701,57.174295],[-169.700467,57.028462],[-170.357176,56.844257],[-170.666985,56.902478],[-170.767517,57.093058]]],[[[-173.185722,60.302879],[-173.423271,60.403463],[-173.518191,60.681814],[-173.377837,60.83031],[-173.053748,60.898847],[-172.787368,60.84737],[-172.459377,60.600571],[-171.945158,60.460886],[-171.820409,60.308542],[-172.050104,60.124602],[-172.769605,59.996307],[-173.128809,60.089984],[-173.185722,60.302879]]],[[[-163.864574,54.433242],[-164.381862,54.224135],[-164.776332,53.902961],[-165.666295,53.834795],[-165.784801,53.673214],[-166.577735,53.270489],[-166.993772,53.222713],[-167.580862,53.026608],[-167.989995,53.056836],[-168.29662,52.795697],[-169.152077,52.572079],[-169.456973,52.598073],[-169.348696,53.082875],[-169.195347,53.11301],[-168.563473,53.634397],[-168.209958,53.754458],[-168.387289,53.928229],[-168.28051,54.0905],[-168.02847,54.145011],[-167.823413,54.096105],[-167.691607,53.943655],[-167.841136,53.758987],[-167.496468,53.66833],[-167.459152,53.949915],[-167.203528,54.126412],[-166.467662,54.205288],[-166.162594,54.390716],[-165.707366,54.491787],[-165.296264,54.46296],[-165.265609,54.66218],[-164.74186,55.063104],[-163.509078,55.283964],[-163.554378,55.47419],[-163.424456,55.619891],[-163.158898,55.663236],[-162.856851,55.598458],[-162.038658,56.049588],[-162.04723,54.279394],[-162.428914,54.116456],[-162.741353,54.094746],[-163.187652,54.230206],[-163.260998,54.452761],[-163.864574,54.433242]]],[[[-162.215175,58.967391],[-162.423036,59.199308],[-162.425717,59.39643],[-162.518059,59.513977],[-162.747443,59.636166],[-163.437593,59.573312],[-163.729427,59.460953],[-164.045643,59.474038],[-164.469542,59.653786],[-164.798317,59.97965],[-165.120225,59.998349],[-165.35001,59.736728],[-165.946837,59.561434],[-166.265827,59.548444],[-167.572502,59.899739],[-167.832945,60.150081],[-167.835875,60.249957],[-167.577382,60.402558],[-166.322211,60.638892],[-165.848191,60.577038],[-165.481575,60.770526],[-166.400922,61.29136],[-166.572026,61.48767],[-166.594466,61.639458],[-166.376854,62.139144],[-165.986042,62.277568],[-165.815116,62.397455],[-165.682476,62.669807],[-165.340327,62.787247],[-165.560942,62.984653],[-165.452576,63.141488],[-164.181755,63.462538],[-163.665132,63.419411],[-163.260459,63.294968],[-162.964006,63.398243],[-163.160869,63.603432],[-162.958333,63.757182],[-162.545429,63.83636],[-162.01832,63.768566],[-162,58.391823],[-162.405368,58.488277],[-162.556074,58.626508],[-162.489856,58.763192],[-162.189913,58.865443],[-162.215175,58.967391]]],[[[-168.458373,65.460379],[-169.003591,65.455537],[-168.976944,65.96718],[-168.422715,65.835949],[-166.11473,66.496373],[-164.527846,66.775631],[-163.299779,66.723594],[-163.02006,66.58058],[-163.010069,66.481007],[-163.127948,66.385585],[-162.902107,66.308946],[-162.393168,66.442532],[-162.888529,66.607582],[-163.16309,66.834374],[-164.311803,67.026077],[-164.434456,67.172359],[-164.346834,67.326974],[-164.54586,67.484125],[-165.65561,67.861809],[-166.286772,67.974823],[-166.569089,68.115296],[-167.209969,68.191592],[-167.380065,68.365429],[-167.209909,68.488137],[-166.808733,68.591707],[-166.76477,68.922999],[-166.535875,69.044253],[-164.466444,69.118264],[-164.051672,69.231157],[-163.72746,69.419817],[-163.70505,69.673764],[-163.511361,69.911595],[-162.778633,70.323967],[-162.029222,70.523884],[-162,64.280036],[-162.169157,64.331706],[-162.767368,64.125533],[-163.424121,64.231517],[-163.704056,64.366418],[-164.974881,64.236615],[-165.826394,64.339421],[-166.362622,64.285796],[-166.609675,64.374433],[-166.907963,64.65553],[-166.943552,64.806487],[-167.353606,65.049482],[-167.425511,65.180588],[-168.458373,65.460379]]]]}},{"type":"Feature","properties":{"tzid":"America/Noronha"},"geometry":{"type":"MultiPolygon","coordinates":[[[[-29.317412,1.117392],[-29.175219,1.025036],[-29.14806,0.880268],[-29.232196,0.750348],[-29.399046,0.721704],[-29.524442,0.824375],[-29.538527,0.970963],[-29.317412,1.117392]]],[[[-32.264693,-3.639072],[-32.173648,-3.818925],[-32.237511,-4.000779],[-32.442799,-4.081779],[-32.60549,-4.029023],[-32.674825,-3.899178],[-32.637945,-3.756651],[-32.468857,-3.622717],[-32.264693,-3.639072]]]]}},{"type":"Feature","properties":{"tzid":"America/North_Dakota/Beulah"},"geometry":{"type":"Polygon","coordinates":[[[-101.737099,47.530487],[-101.439957,47.563637],[-101.273529,47.272274],[-101.763672,47.24202],[-101.763321,46.982071],[-102.144325,47.012482],[-102.20327,47.567402],[-101.737099,47.530487]]]}},{"type":"Feature","properties":{"tzid":"America/North_Dakota/Center"},"geometry":{"type":"Polygon","coordinates":[[[-101.257156,47.242039],[-101.00042,47.267555],[-100.879578,47.036453],[-101.763321,46.982071],[-101.763672,47.24202],[-101.257156,47.242039]]]}},{"type":"Feature","properties":{"tzid":"America/North_Dakota/New_Salem"},"geometry":{"type":"Polygon","coordinates":[[[-100.59465,46.432858],[-100.893865,46.404259],[-101.049755,46.28082],[-101.048958,46.370392],[-101.29921,46.370533],[-101.299706,46.629963],[-102.09391,46.71706],[-102.096992,46.9809],[-100.935104,46.982574],[-100.778358,46.686642],[-100.565109,46.593048],[-100.59465,46.432858]]]}},{"type":"Feature","properties":{"tzid":"America/Nuuk"},"geometry":{"type":"Polygon","coordinates":[[[-41.253317,62.579304],[-42.682293,59.936848],[-42.948798,59.757068],[-43.593917,59.579721],[-44.066679,59.516703],[-45.140073,59.659322],[-47.741385,60.393597],[-48.785709,60.612233],[-49.310786,61.141349],[-49.993678,61.657845],[-50.946824,62.614857],[-52.614366,63.927634],[-52.790089,64.370121],[-54.268271,66.162771],[-54.633541,66.961473],[-54.497444,67.800463],[-54.304803,68.280444],[-54.762952,69.282071],[-55.527422,69.650564],[-55.613342,70.323988],[-56.114062,71.408576],[-56.455072,71.617741],[-56.677334,72.099132],[-58.537748,73.973504],[-58.698944,74.5951],[-60.734055,75.327587],[-64.384982,75.678957],[-63.500805,76.093496],[-63.72813,76.15654],[-66.439154,79.225729],[-69.10763,79.319108],[-68.258044,80.022825],[-68.556278,80.115824],[-68.64687,80.22449],[-68.335121,80.415804],[-67.120549,80.74915],[-66.268682,80.833879],[-64.185608,81.299733],[-62.142187,81.871062],[-59.582617,82.304688],[-55.95245,82.515646],[-51.686575,82.920697],[-45.727475,83.356304],[-37.278132,83.798337],[-30.458283,83.873906],[-25.160341,83.641044],[-19.129631,82.837408],[-16.790353,82.284022],[-11.610052,81.79073],[-10.592103,81.617965],[-10.041283,81.3983],[-10.090254,81.31088],[-10.442242,81.197998],[-12.047843,80.915237],[-12.381258,80.606992],[-12.583251,80.526785],[-15.00633,80.225996],[-16.538737,79.754281],[-16.793899,79.649824],[-16.772349,79.533747],[-19.446317,79.497819],[-22.670332,79.651496],[-22.911875,75.953988],[-19.47436,75.742012],[-17.489785,75.815433],[-17.253823,75.485968],[-16.633531,75.240707],[-16.526156,75.122958],[-16.690356,74.91682],[-18.712394,74.174483],[-19.774346,73.404031],[-20.571758,73.037637],[-21.337698,72.255305],[-21.224422,71.998695],[-22.23341,71.960923],[-23.958263,72.376798],[-24.373684,72.370456],[-24.516842,71.187598],[-24.838886,71.02098],[-24.72353,70.723993],[-24.542255,70.529018],[-23.240375,70.278461],[-21.658344,70.284021],[-21.27064,70.222374],[-21.854895,69.874602],[-25.416047,68.705499],[-27.429456,68.313013],[-30.283267,67.900985],[-32.11444,67.458665],[-33.37194,66.643862],[-36.333465,65.407737],[-39.339051,64.849207],[-39.755137,64.284192],[-40.071339,63.648644],[-41.148361,62.787481],[-41.253317,62.579304]]]}},{"type":"Feature","properties":{"tzid":"America/Ojinaga"},"geometry":{"type":"Polygon","coordinates":[[[-103.781192,29.242724],[-103.31016,29.00407],[-103.557295,28.611281],[-103.642168,28.54489],[-103.705747,28.602846],[-104.013225,28.568101],[-104.117626,28.707056],[-104.222449,28.707638],[-104.273307,28.603921],[-104.387548,28.624896],[-104.37094,28.684855],[-104.516474,28.766659],[-104.666033,28.73878],[-104.818583,28.962167],[-105.103852,29.020546],[-105.066555,29.20885],[-105.202371,29.239636],[-105.36586,29.419804],[-105.616213,29.504643],[-105.728626,29.646744],[-105.909903,29.666227],[-105.767952,29.881982],[-105.772309,30.017056],[-105.877598,30.079868],[-105.653631,30.201921],[-105.624822,30.331094],[-105.364333,30.329413],[-105.261717,30.428251],[-105.208498,30.354451],[-105.170605,30.466753],[-105.02601,30.507795],[-104.868691,30.472643],[-104.70724,30.22891],[-104.68224,29.93682],[-104.51035,29.63528],[-104.0223,29.31314],[-103.781192,29.242724]]]}},{"type":"Feature","properties":{"tzid":"America/Panama"},"geometry":{"type":"Polygon","coordinates":[[[-82.862747,9.49202],[-82.829722,9.611667],[-82.618199,9.498265],[-82.429904,9.721973],[-81.341116,9.332375],[-79.690423,9.836197],[-78.604735,9.782323],[-77.92578,9.41922],[-77.299882,8.887876],[-77.449001,8.512496],[-77.175815,7.950821],[-77.310112,7.898061],[-77.552193,7.52059],[-77.717644,7.694603],[-77.701682,7.508516],[-78.064587,7.016991],[-81.849308,7.010558],[-82.499964,7.422772],[-82.981723,7.853882],[-82.888901,8.08896],[-82.955498,8.279651],[-83.045685,8.321252],[-82.839477,8.480192],[-82.829955,8.629579],[-82.919199,8.7508],[-82.730044,8.959697],[-82.890997,9.089259],[-82.943187,9.472528],[-82.862747,9.49202]]]}},{"type":"Feature","properties":{"tzid":"America/Paramaribo"},"geometry":{"type":"Polygon","coordinates":[[[-54.723991,6.18114],[-53.886553,6.01],[-54.007772,5.551073],[-54.293333,5.243889],[-54.467597,4.875062],[-54.356206,4.054885],[-53.984092,3.61111],[-54.065645,3.310684],[-54.203894,3.167105],[-54.20833,2.77728],[-54.508721,2.34633],[-54.659418,2.327078],[-54.701009,2.461958],[-54.844233,2.429493],[-55.003738,2.59093],[-55.385327,2.41836],[-55.756731,2.429901],[-55.978236,2.527329],[-56.125343,2.278221],[-55.903102,2.041078],[-55.956377,1.845094],[-56.646118,2.028056],[-57.221636,2.893999],[-57.299323,3.372616],[-57.685057,3.400416],[-57.666357,3.537001],[-58.036598,3.978586],[-58.0579,4.171116],[-57.843833,4.651316],[-57.924857,4.826287],[-57.705093,4.996236],[-57.407478,4.995304],[-57.315471,5.034974],[-57.294054,5.179401],[-57.19764,5.156974],[-57.338188,5.314894],[-57.168393,5.61841],[-57.122167,6.138833],[-57.023986,6.206482],[-56.074842,6.038],[-55.784917,6.165],[-54.723991,6.18114]]]}},{"type":"Feature","properties":{"tzid":"America/Phoenix"},"geometry":{"type":"MultiPolygon","coordinates":[[[[-110.000665,35.853482],[-110.000674,35.662625],[-110.14712,35.648581],[-110.125761,35.578137],[-110.88633,35.500008],[-110.803459,35.567287],[-110.965965,35.548874],[-111.000702,36.281406],[-110.896851,36.277733],[-110.796028,36.39682],[-110.310554,36.428906],[-110.453918,36.152702],[-110.616722,36.059826],[-110.519607,36.015804],[-110.445045,36.099571],[-110.027428,35.926853],[-110.000665,35.853482]],[[-110.100372,35.699612],[-110.21254,35.743763],[-110.15026,35.805105],[-110.100372,35.699612]]],[[[-111.212181,36.125443],[-111.102295,36.134258],[-111.138969,35.965591],[-111.242248,35.966118],[-111.292618,36.058876],[-111.212181,36.125443]]],[[[-109.300714,35.224951],[-109.312951,35.098563],[-109.439863,35.185665],[-109.552191,35.139426],[-109.526505,34.904458],[-109.321593,34.996403],[-109.22656,34.90735],[-109.04594,34.905028],[-109.050045,31.352921],[-111.044352,31.332214],[-114.813592,32.494038],[-114.718459,32.720286],[-114.56446,32.742427],[-114.467078,32.862026],[-114.499424,33.002027],[-114.681776,33.065378],[-114.715103,33.284252],[-114.707654,33.38315],[-114.527492,33.551079],[-114.530725,33.943264],[-114.139438,34.295926],[-114.351196,34.449741],[-114.636261,34.880872],[-114.569502,35.17344],[-114.736165,36.104367],[-114.412373,36.147254],[-114.163086,36.026676],[-114.046766,36.231191],[-114.050137,36.999779],[-111.412922,37.001653],[-111.207796,36.861087],[-111.370842,36.9743],[-111.582401,36.864528],[-111.888802,36.375356],[-111.717144,35.977674],[-111.746553,35.68743],[-111.589676,35.643063],[-111.536721,35.757178],[-111.319953,35.757047],[-111.242795,35.200079],[-109.685929,35.169912],[-109.68746,35.068451],[-109.629767,35.169069],[-109.300714,35.224951]],[[-109.387515,35.129421],[-109.366634,35.144962],[-109.3661,35.129355],[-109.387515,35.129421]],[[-109.407121,35.194225],[-109.406588,35.187579],[-109.418102,35.18759],[-109.407121,35.194225]]]]}},{"type":"Feature","properties":{"tzid":"America/Port-au-Prince"},"geometry":{"type":"MultiPolygon","coordinates":[[[[-75.228831,18.352081],[-75.222672,18.48864],[-75.054603,18.612144],[-74.868158,18.562359],[-74.796694,18.452574],[-74.848054,18.255126],[-74.99419,18.189255],[-75.228831,18.352081]]],[[[-71.756085,19.675924],[-71.690957,19.37244],[-71.786051,19.331881],[-71.629033,19.211905],[-71.855854,18.982694],[-71.738491,18.88976],[-71.737955,18.722193],[-72.008155,18.625775],[-71.708746,18.345777],[-71.746139,18.050066],[-71.900531,17.881115],[-72.126777,18.026846],[-72.836918,17.941213],[-73.352071,18.016767],[-73.500511,17.871414],[-73.91331,17.82391],[-74.229645,18.080775],[-74.568081,18.184345],[-74.681802,18.357276],[-74.611855,18.709372],[-74.492358,18.817397],[-74.179393,18.876029],[-73.437067,18.744397],[-73.512712,18.936358],[-73.449235,19.076191],[-73.312964,19.158658],[-73.012126,19.153859],[-72.984555,19.356549],[-73.490996,19.456869],[-73.668663,19.697698],[-73.563093,19.981833],[-73.171667,20.131167],[-73.06129,20.247313],[-72.804994,20.290891],[-72.603193,20.232498],[-72.373041,20.023572],[-72.069632,19.946298],[-71.756085,19.675924]]]]}},{"type":"Feature","properties":{"tzid":"America/Port_of_Spain"},"geometry":{"type":"Polygon","coordinates":[[[-61.207427,9.874531],[-62.083056,10.046111],[-61.731111,10.904167],[-60.744632,11.508507],[-60.430845,11.543399],[-60.331484,11.450824],[-60.305234,11.218228],[-60.795164,10.061113],[-60.881441,9.964175],[-61.207427,9.874531]]]}},{"type":"Feature","properties":{"tzid":"America/Porto_Velho"},"geometry":{"type":"Polygon","coordinates":[[[-61.55,-10.986],[-60.45962,-10.988911],[-60.368327,-11.100291],[-59.97805,-11.120428],[-59.926142,-11.409582],[-60.113932,-11.58906],[-60.10696,-11.792229],[-59.773677,-12.342664],[-60.057326,-12.663196],[-60.080147,-12.868688],[-60.28473,-13.084657],[-60.400772,-13.459445],[-60.713737,-13.686402],[-61.010018,-13.509369],[-61.871101,-13.510396],[-62.103639,-13.265515],[-62.116838,-13.157411],[-62.798551,-12.984107],[-62.982311,-12.853454],[-63.092326,-12.634031],[-63.374306,-12.658589],[-63.718738,-12.44094],[-63.938089,-12.523011],[-64.411279,-12.444235],[-64.522333,-12.224257],[-65.03088,-11.965913],[-65.082483,-11.715074],[-65.245948,-11.723789],[-65.242265,-11.512632],[-65.303609,-11.501383],[-65.290097,-11.322892],[-65.361429,-11.238596],[-65.251419,-10.990134],[-65.430109,-10.485047],[-65.288429,-10.214544],[-65.372874,-9.7002],[-65.444294,-9.668944],[-65.556107,-9.844976],[-65.774954,-9.734976],[-66.60236,-9.895858],[-66.805868,-9.814051],[-66.49683,-9.609658],[-66.353306,-9.416619],[-65.992966,-9.407943],[-65.804442,-9.578759],[-65.588108,-9.413774],[-65.442674,-9.4647],[-65.446938,-9.354424],[-65.254134,-9.260968],[-65.105462,-9.432111],[-64.953939,-9.278925],[-64.846403,-8.998085],[-64.166928,-8.95835],[-64.144091,-8.751611],[-63.923171,-8.559293],[-63.976955,-8.40974],[-63.722761,-8.249499],[-63.62645,-8.016112],[-62.867,-7.975],[-62.706,-8.085],[-62.551,-8.358],[-62.384,-8.377],[-62.341,-8.594],[-62.203,-8.595],[-62.124,-8.801],[-61.93,-8.88],[-61.844,-8.747],[-61.673,-8.705],[-61.484,-8.906],[-61.528,-9.231],[-61.633,-9.27],[-61.476681,-9.629468],[-61.600482,-10.149036],[-61.469,-10.415],[-61.55,-10.986]]]}},{"type":"Feature","properties":{"tzid":"America/Puerto_Rico"},"geometry":{"type":"MultiPolygon","coordinates":[[[[-67.815349,18.317775],[-67.657958,18.193743],[-67.639452,18.040722],[-67.765293,17.882288],[-67.96558,17.862418],[-68.129231,17.984912],[-68.145212,18.237614],[-67.985278,18.360033],[-67.815349,18.317775]]],[[[-67.410307,18.187775],[-67.56264,18.193476],[-67.677302,18.292746],[-67.69151,18.446247],[-67.5942,18.560989],[-67.346096,18.589312],[-67.129874,18.715671],[-66.408208,18.694808],[-65.240908,18.548455],[-65.157918,18.398267],[-65.17135,18.195278],[-65.062759,18.085173],[-65.246086,17.927611],[-65.651946,17.905572],[-65.964738,17.745899],[-66.530163,17.680299],[-66.721804,17.753405],[-67.280044,17.74824],[-67.417845,17.898899],[-67.410307,18.187775]]]]}},{"type":"Feature","properties":{"tzid":"America/Punta_Arenas"},"geometry":{"type":"MultiPolygon","coordinates":[[[[-68.714891,-56.725],[-69.066379,-56.597],[-69.062154,-56.354],[-68.747675,-56.248],[-68.403075,-56.371],[-68.367638,-56.607],[-68.714891,-56.725]]],[[[-68.609346,-54.893652],[-67.290329,-54.90597],[-66.075347,-55.217262],[-66.429033,-55.623486],[-66.538948,-55.957426],[-66.852301,-56.120535],[-67.331738,-56.175765],[-68.028353,-56.03558],[-68.219511,-55.927462],[-69.568182,-55.925244],[-69.911712,-55.639689],[-70.670811,-55.419595],[-71.135491,-55.369436],[-72.209021,-54.914563],[-73.350798,-54.755989],[-73.769538,-54.160047],[-75.033256,-52.93048],[-75.065018,-52.680373],[-75.423797,-52.443952],[-75.470789,-52.092312],[-75.68907,-51.591764],[-75.587172,-51.201632],[-75.83141,-50.694919],[-75.820181,-50.112289],[-76.04697,-49.12581],[-76.031395,-48.784065],[-75.256433,-48.734682],[-74.962206,-48.586544],[-74.550529,-48.707494],[-74.079394,-48.703452],[-73.040987,-49.275687],[-73.13354,-49.367899],[-73.017411,-49.454121],[-73.06447,-49.564092],[-73.491476,-49.819185],[-73.551782,-49.950398],[-73.435584,-50.009756],[-73.516238,-50.136844],[-73.361389,-50.301389],[-73.361866,-50.520057],[-73.154676,-50.647624],[-73.200278,-50.811389],[-72.725072,-50.61862],[-72.588236,-50.681334],[-72.513888,-50.616182],[-72.329435,-50.650943],[-72.264974,-50.996213],[-72.405117,-51.120842],[-72.258689,-51.244154],[-72.428768,-51.551259],[-71.94877,-51.873565],[-71.962296,-51.977763],[-69.995504,-52.000744],[-68.421274,-52.332371],[-68.606344,-52.658399],[-68.609346,-54.893652]]],[[[-64,-64],[-63,-62.7],[-59,-61.8],[-58.8,-62.25],[-57.3,-63.4],[-64,-64]]]]}},{"type":"Feature","properties":{"tzid":"America/Rankin_Inlet"},"geometry":{"type":"Polygon","coordinates":[[[-84.999891,55.271648],[-85.919798,55.657788],[-87.351418,55.962689],[-87.612223,56.090087],[-87.958714,56.454241],[-88.65164,56.69124],[-88.860426,56.84625],[-89.977341,57.005645],[-90.84458,57.26093],[-92.672439,56.981334],[-92.42623,57.36041],[-93.037275,58.355252],[-93.174266,58.729355],[-94.209003,58.809884],[-94.324862,58.719107],[-94.466749,58.729019],[-94.838,59.06425],[-94.7645,59.3305],[-94.671,59.348],[-94.79625,59.51975],[-94.7545,59.76675],[-94.826181,59.999421],[-101.996939,59.999444],[-102,67],[-89,67],[-89,69.260324],[-89.606081,70.017888],[-92.166233,71.878142],[-93.894588,72.242433],[-102.001534,73.429675],[-102.001012,80.123024],[-100.329044,80.323599],[-97.575209,80.512216],[-97.286608,80.734055],[-95.470001,81.431824],[-91.654919,82.077644],[-88.007405,82.351883],[-86.904367,82.594807],[-85.011353,82.7709],[-85.000423,80.26861],[-86.392299,80.317928],[-86.613843,80.138028],[-86.455311,80.011913],[-85.247602,79.931274],[-86.38764,79.968608],[-86.442942,79.776402],[-85.402427,79.689663],[-85.000394,79.57882],[-85.006182,66.134449],[-86.399104,65.660427],[-86.462516,65.117436],[-87.282263,63.73116],[-87.308123,63.495097],[-85.000219,62.695766],[-84.999891,55.271648]],[[-96.281654,75.405537],[-95.282917,75.625988],[-94.276461,75.608734],[-93.395041,75.266815],[-93.402759,75.062082],[-93.30551,74.880763],[-93.399672,74.666302],[-94.554317,74.606182],[-95.571578,74.728633],[-96.672196,74.975892],[-96.636692,75.11293],[-96.512429,75.200915],[-96.124203,75.3379],[-96.281654,75.405537]]]}},{"type":"Feature","properties":{"tzid":"America/Recife"},"geometry":{"type":"Polygon","coordinates":[[[-35.350755,-8.860713],[-35.546734,-8.825405],[-35.728403,-8.910011],[-35.793167,-8.850811],[-36.064,-8.915],[-36.26472,-9.165863],[-36.566576,-9.331437],[-36.897945,-9.281198],[-36.933254,-9.374419],[-37.152582,-9.270675],[-37.39614,-9.020112],[-37.674855,-8.992948],[-37.746977,-8.858864],[-38.237772,-9.32955],[-38.302196,-9.013839],[-38.489215,-8.992167],[-38.475797,-8.856025],[-38.591497,-8.861445],[-38.668344,-8.978911],[-38.783584,-8.799286],[-39.230826,-8.708601],[-39.287073,-8.562788],[-39.387382,-8.533008],[-39.675512,-8.659552],[-39.71759,-8.797172],[-39.885199,-8.824498],[-39.945413,-9.033012],[-40.275539,-9.08515],[-40.336695,-9.350046],[-40.642934,-9.478948],[-40.745036,-9.442299],[-40.685,-9.137],[-40.823,-9.062],[-40.902,-8.861],[-41.162899,-8.709986],[-41.313043,-8.725791],[-41.043718,-8.436657],[-40.837401,-8.381126],[-40.591175,-8.139616],[-40.544288,-7.832841],[-40.672072,-7.764829],[-40.632104,-7.617931],[-40.713226,-7.473004],[-40.50675,-7.324919],[-40.411026,-7.368558],[-40.268046,-7.300798],[-40.087452,-7.383093],[-39.715,-7.335],[-39.143738,-7.718767],[-39.09275,-7.85727],[-38.728399,-7.630729],[-38.567701,-7.754071],[-38.320773,-7.697959],[-38.259205,-7.830457],[-38.077,-7.83],[-37.857159,-7.651969],[-37.760974,-7.66681],[-37.498095,-7.371129],[-37.23207,-7.275784],[-36.987589,-7.474027],[-37.173228,-7.587897],[-37.157176,-7.775455],[-37.347666,-7.954362],[-37.194201,-7.95933],[-37.163421,-8.158688],[-36.960202,-8.300467],[-36.627852,-8.102858],[-36.576039,-7.909465],[-36.461252,-7.914656],[-36.428033,-7.819603],[-35.914,-7.79],[-35.534612,-7.655484],[-35.464459,-7.463114],[-35.239629,-7.375641],[-34.92826,-7.528997],[-34.577419,-7.58749],[-34.61515,-7.998774],[-34.942137,-8.964616],[-35.350755,-8.860713]]]}},{"type":"Feature","properties":{"tzid":"America/Regina"},"geometry":{"type":"Polygon","coordinates":[[[-102.007407,57.083632],[-101.924064,55.120235],[-102.264514,55.009026],[-102.514514,54.759082],[-102.514514,54.509138],[-102.264514,54.259194],[-101.786334,54.064406],[-101.361955,49.037189],[-107.820083,48.999778],[-107.867089,49.523801],[-107.224002,49.523646],[-107.242328,50.309824],[-106.829882,50.309915],[-106.835689,50.659342],[-106.97439,50.659423],[-106.958097,51.008445],[-106.619288,51.09618],[-106.971994,51.337469],[-106.70737,51.358451],[-106.713084,51.707395],[-106.837221,51.700344],[-106.721372,51.814166],[-106.860739,51.969194],[-106.860637,52.143891],[-107.265309,52.143913],[-107.265217,52.318567],[-107.01705,52.373507],[-106.893711,52.549008],[-107.011825,52.580535],[-107.020671,52.929712],[-106.476006,52.929766],[-106.282425,53.090311],[-106.418181,53.102582],[-106.446677,53.583675],[-106.763765,53.770075],[-106.752408,54.148985],[-107.952913,54.150996],[-107.96984,54.587317],[-108.419743,54.587255],[-108.423691,54.674361],[-108.600696,54.674969],[-108.649018,54.515884],[-108.880919,54.48617],[-109.5311,54.50142],[-110.005752,54.648905],[-110.006368,59.999614],[-102.011441,59.99945],[-102.007407,57.083632]]]}},{"type":"Feature","properties":{"tzid":"America/Resolute"},"geometry":{"type":"Polygon","coordinates":[[[-96.281654,75.405537],[-95.282917,75.625988],[-94.276461,75.608734],[-93.395041,75.266815],[-93.402759,75.062082],[-93.30551,74.880763],[-93.399672,74.666302],[-94.554317,74.606182],[-95.571578,74.728633],[-96.672196,74.975892],[-96.636692,75.11293],[-96.512429,75.200915],[-96.124203,75.3379],[-96.281654,75.405537]]]}},{"type":"Feature","properties":{"tzid":"America/Rio_Branco"},"geometry":{"type":"Polygon","coordinates":[[[-70.494171,-9.428688],[-71.228609,-9.967197],[-72.181027,-10.000447],[-72.154075,-9.809888],[-72.353486,-9.497633],[-73.181457,-9.411742],[-72.945694,-9.112835],[-72.976719,-8.965558],[-73.342125,-8.591838],[-73.331067,-8.491061],[-73.541389,-8.35068],[-73.631433,-8.018789],[-73.760086,-7.879457],[-73.680215,-7.785511],[-73.979752,-7.559264],[-73.947039,-7.381853],[-73.708127,-7.322254],[-73.788075,-7.145866],[-73.7382,-7.134684],[-72.6,-7.546],[-70.054979,-7.845148],[-68.647,-9.049],[-66.626574,-9.930165],[-67.009407,-10.246995],[-67.398286,-10.373465],[-67.704423,-10.700023],[-68.043497,-10.669802],[-68.234209,-10.952472],[-68.578665,-11.113892],[-68.688931,-11.14224],[-68.797078,-11.000185],[-69.434982,-10.933931],[-69.927971,-10.923173],[-70.350066,-11.065827],[-70.514663,-10.948278],[-70.614137,-10.996577],[-70.620713,-9.856758],[-70.53434,-9.746818],[-70.595891,-9.565111],[-70.494171,-9.428688]]]}},{"type":"Feature","properties":{"tzid":"America/Santarem"},"geometry":{"type":"Polygon","coordinates":[[[-54.874696,2.415325],[-54.769359,2.184429],[-54.753835,1.793837],[-54.293189,1.725996],[-54.089029,1.513681],[-53.854971,1.401594],[-53.657769,1.403997],[-53.425303,1.22148],[-53.411494,0.929344],[-53.115605,0.648356],[-53.17531,0.381717],[-52.92877,-0.145626],[-52.681709,-0.332597],[-52.640009,-0.584906],[-52.53518,-0.574088],[-52.533582,-0.826685],[-52.401296,-0.887522],[-52.42754,-1.037803],[-52.075124,-1.234866],[-51.990571,-1.124751],[-51.817775,-1.157535],[-51.971375,-1.418536],[-51.846453,-1.516168],[-52.159274,-1.618971],[-52.260635,-1.748686],[-52.185972,-2.192955],[-52.003328,-2.540496],[-52.01209,-2.828639],[-51.805142,-3.091597],[-51.611916,-3.165669],[-51.731756,-3.322598],[-51.690857,-3.485324],[-51.822853,-3.606624],[-51.958043,-3.493889],[-52.049852,-3.264996],[-52.165524,-3.219807],[-52.300448,-3.541712],[-52.575459,-3.807146],[-52.587959,-4.060189],[-52.734227,-4.329045],[-52.676638,-4.414905],[-52.728279,-4.665116],[-52.928555,-5.096166],[-52.892906,-5.36573],[-52.678722,-5.509346],[-52.661709,-5.709399],[-52.553452,-5.807834],[-52.595421,-5.994951],[-52.487159,-6.279112],[-52.27766,-6.564949],[-52.081771,-6.547637],[-51.986434,-6.729514],[-52.018043,-6.879564],[-52.366319,-6.978099],[-52.537998,-7.141387],[-52.79737,-7.875337],[-52.625461,-8.235312],[-52.630952,-8.443041],[-52.291953,-8.632947],[-52.268919,-8.83674],[-52.05347,-9.055846],[-52.004931,-9.286717],[-52.235261,-9.6523],[-56.769786,-9.398771],[-56.816135,-9.249875],[-57.059061,-9.185269],[-57.178059,-8.947629],[-57.57402,-8.761247],[-57.684077,-8.424631],[-57.665733,-8.179723],[-57.83237,-7.97169],[-57.993567,-7.505115],[-58.480628,-6.76532],[-58.260191,-6.466749],[-56.402,-2.456],[-56.455,-2.436],[-56.389,-2.278],[-56.102,-2.048],[-56.667319,-2.212436],[-56.764019,-2.162767],[-56.728644,-2.040166],[-56.862907,-2.017775],[-57.124822,-1.767752],[-57.397931,-1.720504],[-57.974292,-1.374248],[-57.97009,-1.174713],[-58.047698,-1.106433],[-58.150219,-1.218325],[-58.330789,-1.131591],[-58.439229,-0.875027],[-58.708704,-0.656558],[-58.739856,-0.423248],[-58.874,-0.295],[-58.895278,1.227222],[-58.803444,1.175987],[-58.680111,1.296248],[-58.483396,1.300349],[-58.508726,1.462946],[-58.385587,1.469988],[-58.322366,1.597015],[-58.040557,1.520919],[-58.002615,1.645678],[-57.774307,1.729727],[-57.564504,1.695874],[-57.307117,1.996653],[-57.111626,2.029516],[-57.000704,1.907293],[-56.79793,1.853358],[-56.444677,1.948541],[-55.975982,1.840311],[-55.902046,2.029317],[-56.120375,2.250266],[-55.97298,2.526565],[-55.716944,2.399167],[-54.954239,2.583595],[-54.874696,2.415325]]]}},{"type":"Feature","properties":{"tzid":"America/Santiago"},"geometry":{"type":"MultiPolygon","coordinates":[[[[-78.926851,-33.915],[-79.158843,-33.806],[-79.144875,-33.561],[-78.929109,-33.411],[-78.627926,-33.493],[-78.538507,-33.615],[-78.557962,-33.767],[-78.926851,-33.915]]],[[[-80.780606,-34.016],[-80.978777,-33.945],[-81.078005,-33.763],[-80.981665,-33.584],[-80.82096,-33.523],[-80.609841,-33.577],[-80.51453,-33.753],[-80.588773,-33.946],[-80.780606,-34.016]]],[[[-79.90313,-26.55],[-80.293952,-26.415],[-80.33556,-26.268],[-80.253826,-26.137],[-80.036151,-26.093],[-79.705186,-26.205],[-79.677291,-26.449],[-79.90313,-26.55]]],[[[-71.267525,-38.851678],[-71.436755,-38.956637],[-71.384273,-39.2438],[-71.501977,-39.500636],[-71.468939,-39.577682],[-71.610174,-39.627961],[-71.684396,-39.568307],[-71.680555,-39.812681],[-71.603994,-39.885166],[-71.689793,-40.113994],[-71.786781,-40.089231],[-71.823892,-40.230717],[-71.683988,-40.371585],[-71.808957,-40.40754],[-71.854618,-40.641126],[-71.966608,-40.745139],[-71.834878,-41.050545],[-71.888163,-41.16089],[-71.834181,-41.271283],[-71.908699,-41.352861],[-71.732907,-42.091266],[-71.905619,-42.182566],[-72.046627,-42.11974],[-72.182926,-42.179932],[-72.011903,-42.487682],[-72.150236,-42.681556],[-72.120864,-42.91849],[-71.733164,-43.208925],[-71.733116,-43.304741],[-71.879065,-43.32774],[-71.920092,-43.420887],[-71.876426,-43.53836],[-71.58145,-43.658667],[-71.754572,-43.818614],[-71.67186,-43.969056],[-71.84984,-44.123505],[-71.811093,-44.394465],[-71.372777,-44.391134],[-71.182469,-44.440391],[-71.098387,-44.558452],[-71.214516,-44.633742],[-71.268992,-44.807009],[-71.506416,-44.742496],[-72.028915,-44.764777],[-72.041047,-44.864782],[-71.914095,-44.943898],[-71.57111,-44.979454],[-71.338536,-45.276476],[-71.531639,-45.396634],[-71.512108,-45.513941],[-71.758071,-45.555235],[-71.766571,-45.840488],[-71.61622,-45.95752],[-71.896961,-46.134787],[-71.724506,-46.287547],[-71.646727,-46.677254],[-71.957751,-46.816067],[-71.864857,-47.22913],[-72.015059,-47.2004],[-72.028951,-47.315441],[-72.326447,-47.449886],[-72.312979,-47.592866],[-72.480879,-47.75974],[-72.523019,-47.945357],[-72.425195,-47.968873],[-72.436843,-48.068372],[-72.30992,-48.138302],[-72.236166,-48.313792],[-72.366958,-48.352979],[-72.450032,-48.514133],[-72.585275,-48.487152],[-72.558893,-48.818789],[-72.77259,-48.949376],[-72.923008,-48.934461],[-73.140039,-49.205181],[-73.963584,-48.718945],[-74.550529,-48.707494],[-74.953451,-48.591313],[-75.512275,-48.777196],[-76.031395,-48.784065],[-75.986042,-48.049839],[-75.708485,-47.670584],[-75.7145,-47.084391],[-75.911792,-46.863092],[-75.895285,-46.631139],[-75.245193,-45.605961],[-75.47851,-44.770923],[-75.086425,-44.464717],[-75.139944,-43.582185],[-75.039327,-43.417625],[-74.70104,-43.177071],[-74.336083,-41.768262],[-74.120662,-41.412771],[-74.210019,-40.995],[-74.029742,-40.513],[-73.958201,-39.953],[-73.67653,-39.731],[-73.498822,-39.362],[-73.754159,-38.632],[-74.077129,-38.594],[-74.20888,-38.275],[-74.063746,-38.134],[-73.719739,-38.142],[-73.929745,-37.661],[-73.889511,-37.153],[-73.733774,-36.832],[-73.485216,-36.765],[-73.321341,-36.498],[-73.112765,-36.345],[-73.010126,-35.895],[-72.86793,-35.75],[-72.849564,-35.494],[-72.431909,-34.974],[-72.298686,-34.64],[-72.23913,-34.074],[-71.997755,-33.668],[-71.868015,-33.581],[-71.983267,-33.091],[-71.785543,-32.858],[-71.695408,-32.408],[-71.776038,-32.211],[-71.946237,-30.57],[-71.851152,-30.17],[-71.646284,-30.017],[-71.55523,-29.84],[-71.766032,-29.629],[-71.814432,-28.986],[-71.541073,-28.614],[-71.333845,-27.818],[-71.161922,-27.492],[-71.193415,-27.128],[-70.936116,-26.579],[-70.884127,-26.012],[-70.96545,-25.766],[-70.684165,-25.229],[-70.800618,-24.725],[-70.716795,-23.751],[-70.844369,-23.543],[-70.820471,-23.233],[-70.764251,-22.98],[-70.530963,-22.781],[-70.295121,-21.462],[-70.423673,-20.816],[-70.35017,-19.979],[-70.589249,-18.374692],[-69.985247,-18.269782],[-69.756103,-17.992098],[-69.796266,-17.645948],[-69.685526,-17.657979],[-69.483023,-17.51164],[-69.299955,-17.931069],[-69.083514,-18.042594],[-69.14089,-18.169901],[-69.038499,-18.32146],[-69.035425,-18.619294],[-68.889673,-19.043424],[-68.404813,-19.416186],[-68.667459,-19.712532],[-68.533624,-19.904409],[-68.566269,-20.050072],[-68.762109,-20.078185],[-68.668778,-20.313474],[-68.738743,-20.456822],[-68.450162,-20.634069],[-68.551941,-20.741802],[-68.541636,-20.89051],[-68.377949,-20.982258],[-68.179023,-21.302424],[-68.071335,-21.982501],[-67.947634,-22.097087],[-67.840189,-22.578635],[-67.881487,-22.820394],[-67.567386,-22.898274],[-67.180493,-22.814085],[-66.990519,-23.000436],[-67.322308,-24.0344],[-68.245523,-24.396151],[-68.486715,-24.601416],[-68.563427,-24.78664],[-68.34996,-25.105813],[-68.494102,-25.161731],[-68.587008,-25.430883],[-68.381075,-26.17822],[-68.557536,-26.287103],[-68.587336,-26.492936],[-68.293187,-26.955728],[-68.476926,-27.120923],[-68.841202,-27.15464],[-68.829904,-27.287813],[-68.975261,-27.430902],[-69.171109,-27.963077],[-69.639083,-28.391721],[-69.785133,-29.100594],[-70.020377,-29.330257],[-69.890648,-29.747845],[-69.965544,-30.085211],[-69.821038,-30.176106],[-69.960589,-30.383394],[-70.145098,-30.339889],[-70.290184,-30.795502],[-70.270915,-31.031419],[-70.400112,-31.167131],[-70.456116,-31.084482],[-70.515972,-31.163487],[-70.564274,-31.601931],[-70.435377,-31.852017],[-70.2174,-31.949813],[-70.264263,-32.037848],[-70.358194,-32.025378],[-70.322338,-32.263992],[-70.134568,-32.51301],[-70.13171,-32.747022],[-69.998002,-32.887981],[-70.094136,-33.051911],[-70.060378,-33.193889],[-69.976666,-33.311836],[-69.837752,-33.272327],[-69.771014,-33.348334],[-69.904172,-33.771428],[-69.800493,-34.199473],[-69.906794,-34.289462],[-70.000369,-34.261167],[-70.013465,-34.406527],[-70.29131,-34.738659],[-70.375382,-35.162758],[-70.582013,-35.272709],[-70.42514,-35.365289],[-70.420683,-35.634494],[-70.333015,-35.798519],[-70.425369,-35.911911],[-70.370838,-36.042263],[-70.439798,-36.162704],[-70.575823,-36.137502],[-70.705867,-36.275119],[-70.705363,-36.416284],[-71.016628,-36.475799],[-71.028848,-36.658453],[-71.128793,-36.770436],[-71.10406,-36.928745],[-71.177083,-36.968727],[-71.109481,-37.099247],[-71.21104,-37.312351],[-71.122649,-37.502944],[-71.202725,-37.671393],[-71.169788,-37.85666],[-70.994698,-38.082508],[-70.97964,-38.437506],[-70.833272,-38.568586],[-70.912167,-38.7419],[-71.267525,-38.851678]]]]}},{"type":"Feature","properties":{"tzid":"America/Santo_Domingo"},"geometry":{"type":"Polygon","coordinates":[[[-71.990043,18.633287],[-71.832749,18.630655],[-71.749581,18.718108],[-71.72545,18.87594],[-71.878495,18.943636],[-71.653861,19.11851],[-71.63338,19.21668],[-71.761357,19.292434],[-71.687461,19.464724],[-71.757004,19.72698],[-72.014934,19.87037],[-72.05013,19.96979],[-71.180046,20.979376],[-70.979051,21.148919],[-70.526698,21.292877],[-69.428505,20.86395],[-68.597116,20.051408],[-68.110401,18.648581],[-68.381815,18.023297],[-68.501089,17.921975],[-70.112254,18.023073],[-71.634576,17.270252],[-71.838564,17.391783],[-71.939688,17.841035],[-71.75874,18.031469],[-71.701575,18.330037],[-71.990043,18.633287]]]}},{"type":"Feature","properties":{"tzid":"America/Sao_Paulo"},"geometry":{"type":"MultiPolygon","coordinates":[[[[-28.764792,-20.283668],[-28.633809,-20.432674],[-28.652371,-20.587809],[-28.769526,-20.685107],[-28.925914,-20.681588],[-29.038555,-20.579677],[-29.044445,-20.384788],[-28.932196,-20.282607],[-28.764792,-20.283668]]],[[[-29.317412,-20.284281],[-29.136564,-20.380959],[-29.082105,-20.518805],[-29.177345,-20.690381],[-29.329432,-20.727797],[-29.474168,-20.671285],[-29.557994,-20.493629],[-29.502461,-20.355528],[-29.317412,-20.284281]]],[[[-40.222884,-17.97932],[-39.461021,-18.393454],[-39.538343,-18.744656],[-39.485727,-19.391536],[-39.641715,-19.770648],[-39.905911,-20.002425],[-40.183663,-20.784608],[-40.80929,-21.6939],[-40.759593,-21.94497],[-40.821954,-22.133034],[-41.501964,-22.541442],[-41.589123,-22.855525],[-41.888246,-23.187914],[-44.068102,-23.416774],[-45.113987,-24.125608],[-46.572436,-24.670827],[-47.856105,-25.489576],[-48.262396,-26.232944],[-48.351145,-26.752948],[-48.102469,-27.281442],[-48.401228,-28.45126],[-48.666744,-28.761024],[-49.009331,-28.935479],[-49.406778,-29.292436],[-49.746891,-29.7475],[-50.124106,-30.584097],[-50.575584,-31.224083],[-51.08093,-31.706694],[-52.050248,-32.384979],[-52.426833,-33.220186],[-53.124333,-33.83357],[-53.53315,-33.661864],[-53.518189,-33.153425],[-53.081376,-32.779691],[-53.180608,-32.655019],[-53.584225,-32.450775],[-53.745892,-32.080099],[-54.122069,-31.902472],[-54.527959,-31.505716],[-54.823436,-31.43588],[-55.007008,-31.266914],[-55.089963,-31.320661],[-55.224158,-31.261145],[-55.567544,-30.846077],[-55.860088,-31.052823],[-56.015439,-31.051753],[-56.013848,-30.804833],[-56.802801,-30.111224],[-57.099072,-30.11428],[-57.202389,-30.280614],[-57.548857,-30.274094],[-57.607223,-30.190103],[-57.362705,-30.012914],[-57.266557,-29.808355],[-57.120912,-29.764937],[-56.841182,-29.499974],[-56.596881,-29.144319],[-56.411769,-29.051105],[-56.29267,-28.7959],[-55.881417,-28.473997],[-55.884719,-28.374458],[-55.680617,-28.370077],[-55.74013,-28.231016],[-55.451977,-28.099568],[-55.209394,-27.865423],[-55.056127,-27.85083],[-54.800749,-27.531031],[-54.674584,-27.571333],[-54.588669,-27.457684],[-54.29888,-27.437562],[-54.188082,-27.270911],[-54.088891,-27.301126],[-53.951862,-27.152816],[-53.79819,-27.140841],[-53.678269,-26.900495],[-53.750194,-26.645494],[-53.646286,-26.219288],[-53.82793,-25.976055],[-53.855225,-25.692341],[-54.007244,-25.570627],[-54.092528,-25.617358],[-54.099426,-25.526303],[-54.382022,-25.596738],[-54.423978,-25.689265],[-54.593618,-25.585466],[-54.265907,-24.381397],[-54.33979,-24.12266],[-54.098044,-23.94392],[-53.990586,-23.478964],[-53.748485,-23.342282],[-53.533,-22.882],[-52.503,-22.225],[-52.103,-21.746],[-52.080088,-21.520315],[-51.977477,-21.508338],[-51.860956,-21.324759],[-51.877686,-21.165662],[-51.624799,-20.942924],[-51.594,-20.643],[-51.343,-20.355],[-51.070764,-20.251986],[-51.001191,-20.096335],[-51.036,-19.687],[-50.93,-19.542],[-51.087166,-19.309523],[-51.840897,-19.057146],[-52.316884,-18.834378],[-52.456995,-18.688623],[-52.912,-18.642],[-52.945,-18.519],[-52.773537,-18.380528],[-52.787,-18.32],[-53.103492,-18.291143],[-53.143,-18.081],[-53.071803,-17.965559],[-53.242865,-17.671339],[-53.200347,-17.281043],[-53.016326,-16.883932],[-52.657117,-16.557315],[-52.61239,-16.467588],[-52.67707,-16.30117],[-52.214142,-15.891229],[-51.861692,-15.791093],[-51.649762,-15.174296],[-51.530851,-15.062881],[-51.338002,-14.978341],[-51.251726,-15.033657],[-51.115984,-14.933281],[-50.962872,-14.524537],[-50.957251,-14.244085],[-50.831772,-14.082762],[-50.869017,-13.744137],[-50.615202,-13.323685],[-50.611,-13.064],[-50.483729,-12.739441],[-50.302879,-12.491075],[-50.171063,-12.416229],[-50.293585,-12.832655],[-49.369,-13.274],[-49.240208,-12.89408],[-49.151,-12.821],[-48.98,-12.948],[-48.880642,-12.818576],[-48.61,-13.06],[-48.589,-13.308],[-48.479,-13.133],[-48.458215,-13.282056],[-48.185829,-13.157852],[-48.157,-13.31],[-48.079,-13.243],[-47.824,-13.311],[-47.679,-13.467],[-47.646,-13.12],[-47.437147,-13.276161],[-47.167137,-13.211476],[-46.75,-12.969],[-46.454,-12.971],[-46.416966,-12.82272],[-46.329453,-12.981245],[-46.112965,-12.91801],[-46.283105,-13.036612],[-46.319755,-13.234685],[-46.068275,-13.295442],[-46.243203,-13.423746],[-46.181646,-13.569057],[-46.280335,-13.735943],[-46.263228,-13.935354],[-46.206838,-14.122338],[-45.908276,-14.366441],[-46.019003,-14.472071],[-46.034972,-14.868057],[-45.971641,-14.949349],[-46.068182,-15.263316],[-45.972172,-15.154054],[-45.737519,-15.117045],[-45.559021,-14.943467],[-45.077769,-14.744501],[-44.573239,-14.345215],[-44.340892,-14.252387],[-43.995408,-14.265584],[-43.807382,-14.325954],[-43.87874,-14.643376],[-43.51227,-14.807491],[-43.162248,-14.660281],[-42.96631,-14.703068],[-42.435904,-15.064196],[-42.05684,-15.171724],[-41.766049,-15.13201],[-41.389952,-15.46836],[-41.304,-15.743],[-41.147435,-15.76971],[-40.832,-15.654],[-40.523798,-15.797318],[-40.235999,-15.803613],[-39.859818,-16.107483],[-40.155907,-16.566597],[-40.28696,-16.609996],[-40.273164,-16.871438],[-40.458752,-16.878889],[-40.549019,-16.995346],[-40.609329,-17.417409],[-40.240193,-17.735007],[-40.222884,-17.97932]]]]}},{"type":"Feature","properties":{"tzid":"America/Scoresbysund"},"geometry":{"type":"Polygon","coordinates":[[[-23.250987,72.207403],[-22.23341,71.960923],[-21.224422,71.998695],[-20.786203,70.639631],[-21.27064,70.222374],[-21.658344,70.284021],[-23.240375,70.278461],[-24.542255,70.529018],[-24.72353,70.723993],[-24.838886,71.02098],[-24.516842,71.187598],[-24.397129,72.343149],[-23.958263,72.376798],[-23.250987,72.207403]]]}},{"type":"Feature","properties":{"tzid":"America/Sitka"},"geometry":{"type":"Polygon","coordinates":[[[-135.308909,57.787246],[-134.8362,57.7877],[-134.701141,57.454613],[-134.6772,56.999],[-134.569289,56.863052],[-134.009837,57.166573],[-133.121079,57.187958],[-132.981221,57.333046],[-132.682449,57.425712],[-132.38777,57.34998],[-132.247921,57.211253],[-132.368983,57.091513],[-132.045191,57.045059],[-132.115968,56.890304],[-131.902767,56.814068],[-131.835356,56.599349],[-131.581067,56.612232],[-130.46787,56.243053],[-130.35009,56.128542],[-130.103798,56.122798],[-130.011278,55.953519],[-130.152406,55.766287],[-130.127904,55.581035],[-129.976649,55.300372],[-130.345938,54.917729],[-130.628874,54.78272],[-130.651104,54.664669],[-131.102185,54.760001],[-131.452744,54.552326],[-131.645681,54.63084],[-132.071535,54.460971],[-132.435464,54.519361],[-132.798919,54.468923],[-133.235453,54.623689],[-133.482627,54.547744],[-133.737747,54.598344],[-133.884409,54.743488],[-133.858577,55.080364],[-134.175002,55.412965],[-134.118573,55.605093],[-134.880527,55.751168],[-134.970225,55.875287],[-134.946908,56.024631],[-135.435122,56.480127],[-136.193906,56.913779],[-136.253954,57.314187],[-136.778862,57.71719],[-136.454427,57.830676],[-136.024328,57.838795],[-135.908333,57.992856],[-135.308909,57.787246]],[[-131.703609,55.102154],[-131.576168,55.294492],[-131.281555,55.188248],[-131.265852,55.121996],[-131.336983,54.995534],[-131.612075,54.986235],[-131.703609,55.102154]]]}},{"type":"Feature","properties":{"tzid":"America/St_Barthelemy"},"geometry":{"type":"Polygon","coordinates":[[[-62.94639,17.714165],[-63.06639,17.780835],[-62.969445,17.986665],[-62.711707,18.115865],[-62.603341,18.001859],[-62.605337,17.794084],[-62.767137,17.673657],[-62.94639,17.714165]]]}},{"type":"Feature","properties":{"tzid":"America/St_Johns"},"geometry":{"type":"MultiPolygon","coordinates":[[[[-52.870385,49.760622],[-52.940955,49.627915],[-53.18352,49.554251],[-53.386041,49.601527],[-53.499445,49.764577],[-53.37623,49.918675],[-53.166778,49.958235],[-52.968083,49.903935],[-52.870385,49.760622]]],[[[-52.479173,47.221702],[-52.702631,46.680057],[-53.095579,46.429814],[-53.625395,46.415218],[-54.341185,46.626205],[-55.895338,46.64264],[-56.090891,46.855966],[-56.105,47.100556],[-56.255,47.305278],[-56.54198,47.385441],[-56.963739,47.175207],[-58.236116,47.436998],[-59.241293,47.362966],[-60.403754,47.761074],[-60.47682,48.78138],[-58.501529,50.270919],[-57.736137,50.998607],[-57.304049,51.138839],[-57.107489,51.377136],[-57.107489,53.25],[-56.006928,53.495603],[-55.499264,53.701271],[-55.276979,53.469166],[-55.447498,52.853343],[-55.411095,52.692039],[-55.216381,52.250614],[-54.953446,52.02548],[-55.069224,51.799448],[-55.036337,51.539562],[-55.323716,51.160616],[-55.139592,50.803048],[-55.309439,50.245936],[-53.842057,49.970129],[-53.166023,49.358782],[-52.725968,48.695029],[-52.504556,48.203589],[-52.490885,47.890855],[-52.32379,47.524732],[-52.479173,47.221702]]]]}},{"type":"Feature","properties":{"tzid":"America/St_Kitts"},"geometry":{"type":"Polygon","coordinates":[[[-62.554831,16.897435],[-62.747959,16.9451],[-63.049092,17.276703],[-62.784706,17.617055],[-62.386529,17.313688],[-62.418943,17.080825],[-62.554831,16.897435]]]}},{"type":"Feature","properties":{"tzid":"America/St_Lucia"},"geometry":{"type":"Polygon","coordinates":[[[-61.003889,14.2725],[-60.753188,14.221738],[-60.666778,13.985891],[-60.715974,13.680998],[-60.901156,13.510909],[-61.14584,13.586733],[-61.284088,13.799842],[-61.14951,14.186997],[-61.003889,14.2725]]]}},{"type":"Feature","properties":{"tzid":"America/St_Thomas"},"geometry":{"type":"MultiPolygon","coordinates":[[[[-64.708186,17.983953],[-64.557309,17.985469],[-64.389449,17.865751],[-64.4034,17.62553],[-64.73109,17.479171],[-65.026866,17.513575],[-65.109939,17.640983],[-65.051794,17.887376],[-64.708186,17.983953]]],[[[-65.110091,18.133024],[-65.211579,18.547012],[-65.121809,18.598421],[-64.96733,18.608658],[-64.8775,18.422778],[-64.636944,18.321111],[-64.640138,18.106342],[-64.777734,18.042172],[-65.110091,18.133024]]]]}},{"type":"Feature","properties":{"tzid":"America/St_Vincent"},"geometry":{"type":"Polygon","coordinates":[[[-60.982745,13.509269],[-60.916119,13.367126],[-60.921187,12.940066],[-61.098058,12.499059],[-61.234644,12.418143],[-61.661477,12.631692],[-61.365455,13.492914],[-61.181999,13.584014],[-60.982745,13.509269]]]}},{"type":"Feature","properties":{"tzid":"America/Swift_Current"},"geometry":{"type":"Polygon","coordinates":[[[-107.011865,52.609457],[-106.881153,52.580643],[-106.92358,52.479015],[-107.036619,52.368371],[-107.275548,52.318575],[-107.265309,52.143913],[-106.860637,52.143891],[-106.860739,51.969194],[-106.755137,51.939996],[-106.727797,51.843179],[-106.820798,51.711794],[-106.713067,51.61977],[-106.70737,51.358451],[-106.983071,51.3584],[-106.635532,51.117723],[-106.958097,51.008445],[-106.908615,50.978298],[-106.976536,50.903222],[-106.97439,50.659423],[-106.835689,50.659342],[-106.829882,50.309915],[-107.242328,50.309824],[-107.224002,49.523646],[-107.867089,49.523801],[-107.865268,48.999764],[-109.977722,48.999645],[-110.005463,52.654348],[-109.440797,52.67536],[-109.251297,52.82016],[-109.252297,52.929661],[-108.930994,52.80452],[-108.888497,53.016461],[-108.824497,53.016461],[-109.095057,53.292421],[-109.549118,53.422682],[-109.627369,53.578875],[-110.001609,53.6024],[-110.005748,54.62371],[-109.607082,54.515137],[-108.801775,54.486366],[-108.649018,54.515884],[-108.600696,54.674969],[-108.423691,54.674361],[-108.419743,54.587255],[-107.96984,54.587317],[-107.952849,54.154414],[-106.752408,54.148985],[-106.776888,53.780442],[-106.642069,53.639355],[-106.446677,53.583675],[-106.442967,53.10624],[-106.26795,53.102687],[-106.476006,52.929766],[-107.020671,52.929712],[-107.011865,52.609457]]]}},{"type":"Feature","properties":{"tzid":"America/Tegucigalpa"},"geometry":{"type":"MultiPolygon","coordinates":[[[[-82.500011,16.046395],[-82.351921,16.070264],[-82.222969,15.991786],[-82.183083,15.846329],[-82.258429,15.713039],[-82.452059,15.675402],[-82.574239,15.767307],[-82.597673,15.918778],[-82.500011,16.046395]]],[[[-83.86474,17.609488],[-83.708978,17.485849],[-83.707843,17.332453],[-83.813402,17.224177],[-84.017441,17.217581],[-84.132245,17.317145],[-84.145019,17.470404],[-84.046964,17.587398],[-83.86474,17.609488]]],[[[-85.063823,14.560285],[-85.185187,14.445774],[-85.180566,14.259084],[-85.331433,14.247954],[-85.4129,14.122695],[-85.728142,13.974175],[-85.785381,13.842208],[-86.076088,14.069707],[-86.332264,13.76913],[-86.767487,13.762424],[-86.704127,13.313882],[-86.88764,13.275464],[-86.924191,13.084833],[-87.037173,12.986194],[-87.394492,12.983721],[-87.795223,13.350852],[-87.708606,13.800779],[-87.799044,13.919506],[-87.992876,13.881465],[-88.092022,13.997142],[-88.192313,13.99186],[-88.458056,13.861674],[-89.084753,14.382531],[-89.356434,14.467582],[-89.152449,14.582867],[-89.133808,14.707375],[-89.225767,14.856239],[-89.164177,15.041793],[-88.341933,15.622564],[-88.2398,15.722025],[-88.213442,15.934259],[-88.073834,16.027956],[-87.303706,16.21452],[-86.765285,16.459762],[-85.88908,16.714414],[-85.742133,16.692039],[-84.939999,16.171234],[-84.208712,15.992695],[-83.173513,15.32141],[-83.302397,15.628168],[-83.478205,15.718209],[-83.539141,16.013745],[-83.471463,16.199146],[-83.226316,16.224023],[-83.047292,15.920094],[-82.842539,15.926377],[-82.69512,15.791699],[-82.695658,15.642591],[-82.846726,15.454046],[-82.550992,15.436279],[-82.232041,15.12557],[-82.25465,14.979746],[-82.372235,14.889193],[-82.834167,14.953611],[-82.877289,15.044488],[-83.392474,15.024625],[-83.69757,14.828489],[-84.356428,14.712505],[-84.478472,14.616375],[-84.717743,14.69478],[-84.800334,14.82208],[-84.901421,14.813886],[-85.063823,14.560285]]]]}},{"type":"Feature","properties":{"tzid":"America/Thule"},"geometry":{"type":"Polygon","coordinates":[[[-73.501488,78.55531],[-72.964975,78.691939],[-70.55079,78.947316],[-69.276604,79.185937],[-69.10763,79.319108],[-66.439154,79.225729],[-63.72813,76.15654],[-63.500805,76.093496],[-64.384982,75.678957],[-65.126088,75.74927],[-66.67665,75.711772],[-69.218594,75.920687],[-70.87066,76.306018],[-71.640755,76.675887],[-71.943591,76.550719],[-72.662136,76.484498],[-73.746253,76.552773],[-74.018271,76.635601],[-74.122831,76.749102],[-73.924043,76.871183],[-73.52202,76.935681],[-72.111267,76.890674],[-73.648262,77.394151],[-73.996699,78.153055],[-73.887317,78.383745],[-73.501488,78.55531]]]}},{"type":"Feature","properties":{"tzid":"America/Tijuana"},"geometry":{"type":"MultiPolygon","coordinates":[[[[-115.450985,27.91537],[-115.79718,28.201275],[-115.808091,28.39695],[-115.649665,28.51437],[-115.101723,28.543635],[-114.957148,28.330597],[-114.9443,28.06054],[-115.450985,27.91537]]],[[[-118.029993,29.172436],[-118.003488,28.883708],[-118.115118,28.712316],[-118.252886,28.650318],[-118.443216,28.702488],[-118.583871,29.024776],[-118.562184,29.272407],[-118.234673,29.396484],[-118.094841,29.337487],[-118.029993,29.172436]]],[[[-114.96556,31.921465],[-114.590956,31.697776],[-114.55319,31.343065],[-112.767912,29.280393],[-112.72534,28.712252],[-112.546331,28.468232],[-112.622926,28.358061],[-112.550339,28.068273],[-112.764929,28],[-114.203611,28],[-114.38932,28.118761],[-114.298598,28.409386],[-115.079598,29.181062],[-115.998163,29.658521],[-116.031627,30.119999],[-116.351442,30.42866],[-116.267667,30.651118],[-116.513071,30.835673],[-116.55175,31.106912],[-116.900354,31.458897],[-117.121951,32.080909],[-117.458404,32.287408],[-117.536523,32.465839],[-117.444368,32.586007],[-117.205054,32.529524],[-114.767139,32.715577],[-114.815088,32.484889],[-114.91699,32.483241],[-115.039927,32.273682],[-114.96556,31.921465]]]]}},{"type":"Feature","properties":{"tzid":"America/Toronto"},"geometry":{"type":"MultiPolygon","coordinates":[[[[-78.904924,51.307331],[-78.900204,51.336779],[-78.883381,51.334956],[-78.904924,51.307331]]],[[[-78.922391,51.285219],[-78.931189,51.296196],[-78.92458,51.299496],[-78.922391,51.285219]]],[[[-78.934708,51.285004],[-78.946724,51.29896],[-78.935266,51.317927],[-78.934708,51.285004]]],[[[-77.1886,55.660455],[-77.200123,55.659559],[-77.198106,55.66506],[-77.1886,55.660455]]],[[[-71.431146,45.136368],[-71.515878,45.01329],[-74.972556,44.983472],[-75.413722,44.772167],[-75.912833,44.367806],[-76.312722,44.199056],[-76.796687,43.631127],[-78.690389,43.631139],[-79.200667,43.450472],[-79.055932,43.254674],[-79.066194,43.09134],[-78.922353,42.949146],[-78.978861,42.812095],[-80.058484,42.401859],[-81.245704,42.207566],[-82.377255,41.686058],[-82.674231,41.676563],[-83.062557,41.860448],[-83.138147,42.015649],[-83.098381,42.286749],[-82.83884,42.371007],[-82.518933,42.613737],[-82.455316,42.926742],[-82.122806,43.591194],[-82.518611,45.338639],[-83.597167,45.821278],[-83.433778,45.998167],[-83.571944,46.105778],[-83.955472,46.05675],[-84.10825,46.241444],[-84.111139,46.504222],[-84.556833,46.460806],[-84.762833,46.634306],[-84.860139,46.888917],[-88.336499,48.293508],[-88.677442,48.245397],[-89.33755,47.974261],[-89.911722,47.993528],[-90.14275,48.112583],[-90.741444,48.094556],[-90.836417,48.217556],[-90.976972,48.219556],[-90.965503,49.225099],[-90,49.25],[-90.000189,51.404783],[-89.888521,51.404404],[-89.888066,51.540023],[-89.999645,51.54001],[-90,52.75],[-89,52.75],[-89,53],[-88.5,53.375],[-88.5,53.625],[-89,54],[-90,54],[-89.999805,56.229664],[-88.892612,56.855871],[-88.64074,56.68703],[-87.956807,56.451518],[-87.641533,56.11709],[-87.361836,55.95723],[-85.936694,55.659391],[-85.051358,55.27254],[-84.5397,55.22853],[-83.889821,55.294732],[-83.634753,55.212401],[-83.675952,55.247081],[-82.948339,55.22443],[-82.804642,55.137432],[-82.7013,55.20024],[-82.35479,55.07113],[-82.348208,55.141802],[-82.252182,55.10985],[-82.196617,54.819036],[-82.419562,54.247776],[-82.115535,53.80807],[-82.19915,53.553112],[-82.10051,53.28363],[-82.25316,53.15351],[-82.254841,52.957362],[-81.545734,52.459619],[-81.551994,52.294941],[-81.373944,52.121378],[-81.05665,52.03632],[-80.6555,51.79342],[-80.38514,51.338669],[-79.79493,51.16128],[-79.69176,51.28537],[-79.73164,51.36825],[-79.33463,51.66078],[-79.23145,51.6439],[-79.24601,51.54404],[-78.99349,51.47257],[-78.95023,51.29755],[-78.8984,51.30893],[-78.78589,51.467011],[-79.03352,51.75775],[-78.84814,51.83062],[-78.87706,51.92802],[-78.6518,51.98653],[-78.694362,52.016681],[-78.57551,52.115525],[-78.509367,52.323582],[-78.51252,52.45705],[-78.73645,52.54458],[-78.7219,52.63886],[-78.84131,52.73745],[-78.715405,52.775594],[-78.808933,52.809125],[-78.72229,52.85797],[-78.873347,52.858996],[-78.798475,53.002792],[-78.992221,53.013936],[-78.90968,53.19531],[-78.988017,53.323575],[-78.921933,53.398709],[-79.103322,53.468006],[-78.89414,53.55517],[-79.0596,53.64393],[-79.07414,53.74102],[-78.951529,53.809925],[-79.14249,53.945],[-78.98178,53.99045],[-79.17255,54.08176],[-79.07047,54.09413],[-79.06517,54.16078],[-79.35896,54.18282],[-79.31597,54.20913],[-79.50832,54.36485],[-79.49168,54.49556],[-79.57784,54.54911],[-79.53403,54.6157],[-79.734253,54.627829],[-77.795327,55.260942],[-77.116148,55.667057],[-77.089,55.70908],[-77.182313,55.671858],[-76.707208,56.033464],[-76.531048,56.371007],[-76.556455,57.074566],[-76.833118,57.665032],[-77.200005,58.00085],[-77.150548,58.009155],[-77.522967,58.159107],[-77.487602,58.260765],[-77.576118,58.224304],[-77.960856,58.340277],[-78.219929,58.542525],[-78.318932,58.537266],[-78.32235,58.61737],[-78.47219,58.63603],[-78.35581,58.53842],[-78.41047,58.54094],[-78.5743,58.64376],[-78.50367,58.69042],[-78.56032,58.76654],[-78.38231,58.6868],[-78.55799,58.85585],[-78.54098,58.93542],[-78.47722,58.85878],[-78.31765,58.92791],[-78.24593,59.10054],[-78.11034,59.09093],[-78.18796,59.13976],[-78.15015,59.19886],[-77.66212,59.37603],[-77.903021,59.410432],[-77.859659,59.506249],[-77.712885,59.542415],[-77.826808,59.678545],[-77.606573,59.657115],[-77.476564,59.770851],[-77.279597,59.798937],[-77.439442,59.903426],[-77.207612,60.033767],[-77.600718,60.04922],[-77.464278,60.121174],[-77.551956,60.170425],[-77.525636,60.246407],[-77.766686,60.388117],[-77.578627,60.539601],[-77.380552,60.520655],[-77.672991,60.542453],[-77.834808,60.656471],[-77.61155,60.763285],[-77.768918,60.758301],[-77.524501,60.829205],[-77.917712,60.74735],[-77.869886,60.763607],[-78.22249,60.800691],[-77.730628,61.187828],[-77.812518,61.451722],[-77.622939,61.392241],[-77.715889,61.430358],[-77.579049,61.46761],[-77.709392,61.537597],[-77.467401,61.525739],[-78.013433,61.722785],[-78.176831,62.135081],[-78.096212,62.352587],[-77.467174,62.580518],[-75.593555,62.276778],[-75.876002,62.170691],[-75.82677,62.16144],[-75.346127,62.317288],[-74.499911,62.097266],[-74.713318,62.251817],[-74.409564,62.244364],[-73.661131,62.475624],[-73.548108,62.377747],[-73.210552,62.32],[-73.032238,62.181333],[-72.608482,62.106849],[-72.584487,61.982587],[-72.793448,61.825354],[-72.653023,61.884781],[-72.598071,61.80303],[-72.598268,61.941113],[-72.19947,61.867626],[-72.124253,61.8034],[-72.224733,61.758857],[-72.03562,61.73382],[-72.0048,61.639301],[-72.277421,61.566846],[-71.983298,61.595147],[-71.95288,61.70217],[-71.54669,61.61203],[-71.83276,61.53907],[-71.7151,61.4754],[-71.823765,61.445331],[-71.57348,61.41325],[-71.88127,61.3852],[-71.66763,61.32722],[-71.76235,61.29574],[-71.548049,61.172001],[-71.472373,61.223686],[-71.430294,61.137637],[-70.999746,61.129645],[-70.734,61.014],[-70.755,61.06],[-70.42025,61.02025],[-70.42575,61.07075],[-70.166475,61.08674],[-70.083531,60.951597],[-70.129026,60.890576],[-69.905051,60.801441],[-69.783128,60.904305],[-69.649404,60.874329],[-69.676784,61.021417],[-69.49472,61.064628],[-69.363411,60.807594],[-69.609834,60.731512],[-69.684748,60.642546],[-69.643101,60.592932],[-69.791367,60.498631],[-69.668099,60.357989],[-69.750001,60.303639],[-69.587212,60.223492],[-69.540452,60.092963],[-69.624002,59.924093],[-69.511481,59.884111],[-69.570862,59.728193],[-69.484833,59.668012],[-69.676903,59.515298],[-69.601793,59.348469],[-69.224356,59.32032],[-69.238821,59.212877],[-69.450983,59.193718],[-69.178613,59.159142],[-69.109909,59.065659],[-69.16986,58.92695],[-68.669315,58.92345],[-68.388538,58.837519],[-68.276148,58.603484],[-68.010502,58.586135],[-67.922864,58.509778],[-67.93412,58.406699],[-67.717709,58.469673],[-67.629934,58.265119],[-66.956978,58.509932],[-66.685188,58.499578],[-66.470445,58.832437],[-66.005578,58.911482],[-65.952594,58.957962],[-66.056927,58.9652],[-65.942195,58.968826],[-65.811818,59.186977],[-65.849447,59.28],[-65.439835,59.569266],[-65.555804,59.675686],[-65.524404,59.765621],[-64.965819,60.179507],[-64.85823,60.370971],[-64.544866,60.316914],[-64.856384,60.26605],[-64.594187,60.149499],[-64.89143,60.065101],[-64.841473,59.971813],[-64.638496,59.934753],[-64.816732,59.835049],[-64.754224,59.718763],[-64.926701,59.593137],[-64.700798,59.458965],[-64.342168,59.515999],[-64.539641,59.318937],[-64.483986,59.118166],[-64.273617,59.02204],[-64.481292,58.988331],[-64.779239,59.074957],[-64.889111,58.938382],[-64.287613,58.896753],[-64.137793,58.746167],[-63.777683,58.884059],[-63.492157,58.768545],[-64.076619,58.665929],[-64.104944,58.56323],[-63.858194,58.563798],[-63.80785,58.489746],[-64.158507,58.371034],[-64.271197,58.22108],[-64.421733,58.186674],[-64.433091,58.069908],[-64.233686,58.041823],[-64.072001,57.77002],[-63.912356,57.801123],[-63.735291,57.662802],[-63.59677,57.741248],[-63.76549,57.56077],[-63.701301,57.368334],[-63.869384,57.297619],[-63.872386,57.192532],[-63.75977,57.251726],[-63.764885,57.139926],[-63.881684,57.087979],[-63.918094,56.904158],[-63.863891,56.896823],[-64.118107,56.723988],[-63.897693,56.469029],[-64.144268,56.436912],[-64.146295,56.307256],[-63.906102,56.228069],[-64.03576,56.082172],[-63.889614,56.131472],[-63.800928,56.050586],[-63.44605,56.030021],[-63.827121,55.920368],[-63.77374,55.804646],[-63.679054,55.791412],[-63.764114,55.658724],[-63.656156,55.646962],[-63.73101,55.43698],[-63.33098,55.378493],[-63.637834,55.289647],[-63.450561,55.252492],[-63.599912,55.097143],[-63.582967,54.9322],[-63.829817,54.942052],[-63.91007,54.788536],[-63.712664,54.625032],[-64.061057,54.607092],[-64.425644,54.787886],[-64.757261,54.730792],[-64.752115,54.818599],[-65.112031,54.963368],[-65.212009,54.847568],[-65.466757,54.840027],[-65.450617,54.741678],[-65.713273,54.724032],[-65.849845,54.927211],[-66.247437,54.977575],[-66.78627,55.3525],[-66.653939,55.006333],[-66.761335,55.000012],[-66.621323,54.790214],[-66.744188,54.749993],[-67.033043,54.861948],[-67.251675,55.064036],[-67.455005,55.06406],[-67.104879,54.666715],[-67.279821,54.560861],[-67.271288,54.48744],[-67.513038,54.577356],[-67.495972,54.485175],[-67.769266,54.433228],[-67.653156,54.171473],[-67.801801,54.13389],[-67.786317,54.00211],[-67.509901,53.834123],[-67.598242,53.795802],[-67.318661,53.552965],[-66.945127,53.47589],[-66.984994,53.090551],[-67.385379,53.131979],[-67.353814,52.98679],[-67.244521,52.979519],[-67.337417,52.891093],[-67.05132,52.850586],[-67.037125,52.753016],[-66.857643,52.675407],[-66.861776,52.768237],[-66.792018,52.692921],[-66.634036,52.932826],[-66.488142,52.957894],[-66.439306,53.046483],[-66.257525,52.869075],[-66.397379,52.877089],[-66.282776,52.61167],[-66.416482,52.650545],[-66.345925,52.375126],[-66.492873,52.34024],[-66.3362,52.14981],[-66.282921,52.292076],[-65.996426,52.066213],[-65.682237,52.106429],[-65.663685,52.026502],[-65.493157,52.109928],[-65.359641,51.98271],[-65.336416,51.822247],[-65.27189,51.873506],[-65.184341,51.770836],[-64.939221,51.719538],[-64.938131,51.771312],[-64.738525,51.764269],[-64.55853,51.585285],[-64.308247,51.713828],[-64.347882,51.957588],[-64.239653,51.977681],[-64.287089,52.062126],[-64.180026,52.121848],[-64.24047,52.261155],[-64.123883,52.387292],[-64.210237,52.564861],[-64.109158,52.735326],[-63.580193,52.842086],[-63.561097,52.751083],[-63.382337,52.667141],[-63.976582,52.58655],[-64.080864,52.443576],[-63.775914,52.328431],[-63.823968,52.312039],[-63.666991,52.069168],[-63.82633,52.037366],[-63,52.000063],[-63.000124,49.767994],[-61.883258,49.375579],[-61.65612,49.114741],[-62.257442,49.04419],[-62.902306,49.165293],[-62.902994,48.514923],[-63.751907,48.510886],[-64.273796,48.220685],[-65.499194,47.836719],[-65.815279,48.007153],[-66.431744,48.08821],[-67.358733,47.845647],[-67.661265,47.999959],[-68.122398,47.999842],[-68.122793,47.916319],[-68.346865,47.916407],[-68.417815,47.530247],[-69.050378,47.300198],[-69.035806,47.412623],[-69.234735,47.44986],[-69.978747,46.714022],[-70.050668,46.444327],[-70.288523,46.193607],[-70.258448,45.909343],[-70.708341,45.525278],[-70.623798,45.405789],[-70.811337,45.416165],[-70.861754,45.229948],[-71.010378,45.347667],[-71.170829,45.245979],[-71.312449,45.286814],[-71.431146,45.136368]],[[-66.714786,48.026433],[-66.780578,48.057115],[-66.745418,48.113555],[-66.714786,48.026433]]]]}},{"type":"Feature","properties":{"tzid":"America/Tortola"},"geometry":{"type":"Polygon","coordinates":[[[-64.755833,18.377222],[-64.856389,18.395278],[-64.955961,18.611435],[-64.624507,18.686815],[-64.537122,18.907937],[-64.259771,18.938184],[-64.106739,18.82836],[-64.059729,18.690282],[-64.11589,18.454445],[-64.379577,18.199983],[-64.640138,18.106342],[-64.637778,18.318611],[-64.755833,18.377222]]]}},{"type":"Feature","properties":{"tzid":"America/Vancouver"},"geometry":{"type":"Polygon","coordinates":[[[-116.685141,49.864802],[-116.8697,49.8092],[-116.9111,49.6377],[-116.6837,49.2719],[-117.0392,49.1558],[-117.0147,49.0538],[-116.9095,49.064],[-116.991117,48.999339],[-123.317943,49.002071],[-123.0085,48.831222],[-123.0085,48.767111],[-123.23187,48.704159],[-123.115139,48.422833],[-123.248444,48.284028],[-123.541222,48.224556],[-124.788309,48.502831],[-125.052665,48.481509],[-125.661211,48.715931],[-126.768266,49.236345],[-127.488043,49.776389],[-128.142656,49.956944],[-128.306027,50.271785],[-128.596639,50.509665],[-129.265288,50.684366],[-131.253765,51.793058],[-132.487679,52.669575],[-133.344806,53.501813],[-133.540316,53.952125],[-133.414109,54.29706],[-133.210554,54.523333],[-132.684218,54.66229],[-130.641147,54.707114],[-130.659038,54.763058],[-130.273328,54.973965],[-129.974167,55.281919],[-130.127904,55.581035],[-130.152406,55.766287],[-130.003786,55.911931],[-130.082886,56.098946],[-130.426006,56.141561],[-130.757791,56.351649],[-131.581067,56.612232],[-131.835327,56.599203],[-131.876827,56.797961],[-132.123567,56.873648],[-132.045191,57.045059],[-132.328558,57.085722],[-132.247921,57.211253],[-133.461504,58.387723],[-133.377303,58.430548],[-133.840506,58.729444],[-134.258073,58.861036],[-134.483395,59.131603],[-134.700716,59.249011],[-134.959905,59.280926],[-135.030526,59.346348],[-134.989744,59.387129],[-135.101019,59.427531],[-135.027562,59.474738],[-135.094742,59.607658],[-135.479161,59.798041],[-136.346389,59.600556],[-136.250833,59.566111],[-136.305021,59.464518],[-136.477156,59.465824],[-136.472693,59.322016],[-136.584444,59.165854],[-136.828728,59.15996],[-137.526114,58.906372],[-137.607356,59.243803],[-138.626201,59.768581],[-138.707377,59.906325],[-139.05367,59.994837],[-127.734264,60.001129],[-127.780086,59.683592],[-127.484171,59.512928],[-127.403441,59.365295],[-127.171511,59.318235],[-127.14908,59.145366],[-126.999263,59.132866],[-126.916021,58.953945],[-127.041967,58.867756],[-126.804154,58.714972],[-126.891336,58.666302],[-126.848331,58.636434],[-126.369404,58.624128],[-126.343552,58.539512],[-125.778674,58.31964],[-125.452001,58.335487],[-124.883877,58.212059],[-124.930687,57.883873],[-124.790544,57.72338],[-124.489215,57.662827],[-124.40775,57.551822],[-124.122223,57.449636],[-124.07525,57.319517],[-124.180698,57.294044],[-123.92561,57.081184],[-123.973385,57.045236],[-123.761567,56.685251],[-123.664181,56.651708],[-123.725919,56.582685],[-123.553875,56.463774],[-123.606,56.385928],[-123.471975,56.125431],[-123.4531,55.8841],[-123.298168,55.707337],[-123.150752,55.734805],[-123.151214,55.646535],[-122.931404,55.569548],[-122.98698,55.415035],[-122.707081,55.34516],[-122.581513,55.397382],[-121.810336,54.856846],[-121.52971,54.798407],[-121.395461,54.533105],[-120.813861,54.486774],[-120.527328,54.133188],[-120.181024,54.110421],[-120.257009,54.011276],[-120.182653,53.943248],[-120.09014,53.982837],[-120.043038,53.814552],[-119.733494,53.630234],[-119.914675,53.616418],[-119.747956,53.413729],[-119.408614,53.366137],[-119.266552,53.214943],[-119.002826,53.135918],[-118.939794,53.232111],[-118.668348,53.041819],[-118.607563,52.906332],[-118.40334,52.8515],[-118.223974,52.398086],[-118.659424,52.162026],[-118.5884,52.0541],[-118.1926,51.9504],[-118.1846,51.7865],[-117.943,51.7221],[-117.976,51.4732],[-117.7174,51.4183],[-117.432,51.4671],[-117.2012,51.3292],[-117.3331,51.2833],[-117.163914,50.992703],[-117.068528,50.966659],[-117.05218,50.828485],[-116.591053,50.648968],[-116.690875,50.4358],[-116.448745,50.124886],[-116.468897,50.004979],[-116.685141,49.864802]]]}},{"type":"Feature","properties":{"tzid":"America/Whitehorse"},"geometry":{"type":"Polygon","coordinates":[[[-135.238824,59.999219],[-138,60.000697],[-137.999647,69.479631],[-136.623142,69.405158],[-136.448351,68.893609],[-136.444329,67.659015],[-136.245935,67.620961],[-136.176996,67.513063],[-136.214758,67.422128],[-136.10333,67.3181],[-136.221932,67.185562],[-136.176594,67.028014],[-133.820084,67],[-134.098368,66.961178],[-133.908563,66.897388],[-133.779333,66.752387],[-133.999514,66.715847],[-133.611729,66.573567],[-133.831715,66.334488],[-133.645711,66.293514],[-133.552957,66.185842],[-133.708365,66.054815],[-133.56302,66.027982],[-133.639825,65.97282],[-133.43931,65.936637],[-133.005032,66.034312],[-132.87473,65.903655],[-132.646442,66.022562],[-132.35772,65.98953],[-132.551757,65.854374],[-132.165499,65.617466],[-132.346918,65.440343],[-132.750341,65.239369],[-132.731051,65.161818],[-132.58243,65.194079],[-132.5335,65.090332],[-132.340466,65.057806],[-132.519324,64.963457],[-132.495996,64.880951],[-132.583469,64.803336],[-132.048688,64.701205],[-131.896146,64.56897],[-131.695453,64.534419],[-131.803581,64.375557],[-131.451694,64.397592],[-131.408939,64.461199],[-131.162525,64.41788],[-130.899038,64.189313],[-130.972589,64.141486],[-130.870762,64.036089],[-130.365634,63.833877],[-130.172002,63.870818],[-130.130291,63.779871],[-130.357721,63.708025],[-129.948064,63.606526],[-129.813012,63.461077],[-129.913969,63.468007],[-129.938017,63.346952],[-130.155099,63.267757],[-129.924332,63.191081],[-129.845781,63.083287],[-129.606223,63.044901],[-129.751672,62.846466],[-129.489907,62.635598],[-129.523681,62.597121],[-129.189911,62.488959],[-129.304964,62.399457],[-129.302552,62.288462],[-129.168834,62.110572],[-128.84427,62.05636],[-128.55321,62.120806],[-127.652304,61.539576],[-127.158329,61.468868],[-127.006999,61.228319],[-127.099486,61.142677],[-127.081136,61.043673],[-126.935443,61.052916],[-126.927667,60.860139],[-126.824416,60.768913],[-126.281949,60.781027],[-126.105085,60.862659],[-126.039322,60.808986],[-125.861259,60.906453],[-125.689889,60.80227],[-125.288129,60.783891],[-124.905954,60.854074],[-124.816357,60.969963],[-124.621117,60.962089],[-124.518686,60.801356],[-124.635939,60.702459],[-124.385304,60.465226],[-124.231395,60.457806],[-124.119175,60.200432],[-123.810252,60.000962],[-135.238824,59.999219]]]}},{"type":"Feature","properties":{"tzid":"America/Winnipeg"},"geometry":{"type":"Polygon","coordinates":[[[-101.748335,53.710778],[-101.810446,54.096808],[-102.264514,54.259194],[-102.514514,54.509138],[-102.514514,54.759082],[-102.264514,55.009026],[-101.924055,55.111545],[-102.004035,55.8443],[-102.007557,59.985218],[-94.826181,59.999421],[-94.76179,59.782236],[-94.8215,59.60175],[-94.66925,59.35925],[-94.75725,59.333],[-94.84075,59.079],[-94.441575,58.712062],[-94.220252,58.79416],[-93.166745,58.724972],[-93.031003,58.348723],[-92.45752,57.45476],[-92.43656,57.27367],[-92.621898,56.974388],[-90.87802,57.26291],[-90.40866,57.18238],[-89.963865,57.003302],[-89.035422,56.84731],[-89.967453,56.249893],[-90,54],[-89,54],[-88.5,53.625],[-88.5,53.375],[-89,53],[-89,52.75],[-90,52.75],[-90,52],[-90.5,51.75],[-90.75,51.5],[-90.75,51.25],[-90.628421,51.128407],[-90,50.75],[-90,49.25],[-90.964747,49.250011],[-90.965372,49.019557],[-91.75274,49.001522],[-91.752798,48.672216],[-92.178339,48.546169],[-92.268899,48.464036],[-91.954899,48.406419],[-92.262556,48.354917],[-92.32925,48.235056],[-92.494278,48.435889],[-92.712694,48.462972],[-92.634889,48.542556],[-93.207528,48.6425],[-93.7535,48.515722],[-93.833444,48.625611],[-94.587639,48.717583],[-94.687083,48.775139],[-94.836417,49.324278],[-94.957389,49.370194],[-95.139778,49.376111],[-95.153194,48.998861],[-101.361989,48.999472],[-101.748335,53.710778]]]}},{"type":"Feature","properties":{"tzid":"America/Yakutat"},"geometry":{"type":"Polygon","coordinates":[[[-141.00198,60.306369],[-140.520424,60.219819],[-140.458206,60.308085],[-139.981094,60.181966],[-139.692981,60.335224],[-139.074818,60.352505],[-139.198845,60.088296],[-138.707377,59.906325],[-138.626201,59.768581],[-137.607356,59.243803],[-137.526114,58.906372],[-138.294012,58.713722],[-138.472781,58.876208],[-140.438626,59.502969],[-141.0243,59.546336],[-141.634703,59.710932],[-141.00198,60.306369]]]}},{"type":"Feature","properties":{"tzid":"Antarctica/Casey"},"geometry":{"type":"Polygon","coordinates":[[[97,-70],[97,-64],[120,-65],[120,-70],[97,-70]]]}},{"type":"Feature","properties":{"tzid":"Antarctica/Davis"},"geometry":{"type":"Polygon","coordinates":[[[77.5,-86],[77.5,-68],[86,-65],[86,-86],[77.5,-86]]]}},{"type":"Feature","properties":{"tzid":"Antarctica/DumontDUrville"},"geometry":{"type":"Polygon","coordinates":[[[120,-70],[120,-65],[160,-65],[160,-70],[120,-70]]]}},{"type":"Feature","properties":{"tzid":"Antarctica/Macquarie"},"geometry":{"type":"Polygon","coordinates":[[[159.339361,-54.343148],[159.181055,-54.845567],[158.952694,-54.976501],[159.039897,-55.111028],[158.963928,-55.240423],[158.666424,-55.322745],[158.373279,-55.222586],[158.335347,-55.077985],[158.4885,-54.946152],[158.42932,-54.754121],[158.487715,-54.555726],[158.689028,-54.26475],[159.079362,-54.162011],[159.339361,-54.343148]]]}},{"type":"Feature","properties":{"tzid":"Antarctica/Mawson"},"geometry":{"type":"Polygon","coordinates":[[[55,-86],[55,-64],[77.5,-68],[77.5,-86],[55,-86]]]}},{"type":"Feature","properties":{"tzid":"Antarctica/McMurdo"},"geometry":{"type":"Polygon","coordinates":[[[-180,-90],[-180,-75],[-150,-75],[-150,-86],[160,-86],[160,-65],[180,-70],[180,-90],[-180,-90]]]}},{"type":"Feature","properties":{"tzid":"Antarctica/Palmer"},"geometry":{"type":"Polygon","coordinates":[[[-64,-64],[-63.8,-64.8],[-65.5,-65.25],[-65,-64.5],[-64,-64]]]}},{"type":"Feature","properties":{"tzid":"Antarctica/Rothera"},"geometry":{"type":"MultiPolygon","coordinates":[[[[-80,-86],[-80,-66],[-67.5,-66],[-67.5,-86],[-80,-86]]],[[[-35,-86],[-35,-75],[-17,-71],[-17,-86],[-35,-86]]]]}},{"type":"Feature","properties":{"tzid":"Antarctica/Syowa"},"geometry":{"type":"Polygon","coordinates":[[[25,-86],[25,-68],[55,-64],[55,-86],[25,-86]]]}},{"type":"Feature","properties":{"tzid":"Antarctica/Troll"},"geometry":{"type":"Polygon","coordinates":[[[0,-86],[0,-68],[25,-68],[25,-86],[0,-86]]]}},{"type":"Feature","properties":{"tzid":"Antarctica/Vostok"},"geometry":{"type":"Polygon","coordinates":[[[86,-86],[86,-65],[97,-64],[97,-70],[115,-70],[115,-86],[86,-86]]]}},{"type":"Feature","properties":{"tzid":"Arctic/Longyearbyen"},"geometry":{"type":"MultiPolygon","coordinates":[[[[20.011884,74.477104],[19.793398,74.248463],[19.06486,74.135445],[18.531809,74.194772],[17.996617,74.461877],[18.3047,74.645532],[19.043509,74.714274],[19.668405,74.652069],[20.011884,74.477104]]],[[[25.392993,76.276039],[24.444605,76.280154],[24.131323,76.36305],[24.049609,76.47723],[24.638645,76.790987],[25.099697,76.89283],[25.952215,76.884583],[26.364164,76.721378],[25.755468,76.367135],[25.392993,76.276039]]],[[[34.192632,80],[31.505917,79.833361],[30.640527,79.925758],[30.267554,80.097029],[30.435599,80.228441],[30.823845,80.328343],[32.652101,80.512748],[33.849516,80.457152],[34.500562,80.338847],[34.688377,80.23752],[34.595268,80.12713],[34.192632,80]]],[[[27.777363,78.550106],[26.997736,78.445955],[26.276804,78.461726],[25.603277,78.622802],[25.337259,78.791023],[25.447695,78.898945],[25.936916,79.00325],[28.183435,79.162664],[30.596813,79.215053],[31.220118,79.140069],[31.458113,79.026792],[31.184097,78.870441],[29.233003,78.559517],[27.777363,78.550106]]],[[[10.006402,79.143037],[9.576869,79.495115],[9.458037,79.802298],[9.781714,79.911646],[11.249705,80.094549],[13.145776,80.065288],[14.113328,80.226057],[16.769234,80.293053],[17.193323,80.471166],[18.713697,80.742068],[19.367074,80.955223],[19.987196,81.019979],[20.989264,81.000542],[23.00399,80.740018],[24.748999,80.857952],[25.646831,80.833425],[27.202384,80.568707],[27.49384,80.372339],[29.119284,80.243659],[29.384141,80.157798],[29.443492,80.067288],[26.152337,79.229882],[22.63666,78.838137],[22.860219,78.665632],[24.035967,78.270417],[25.950848,77.93207],[26.097113,77.802765],[25.927113,77.680592],[24.579181,77.44967],[23.254382,76.922776],[21.953652,76.672473],[20.878175,76.772384],[20.579386,77.10505],[20.172219,77.306392],[19.733057,77.378528],[18.67074,77.317591],[18.396746,77.264937],[17.850724,76.482534],[17.364051,76.318941],[16.755809,76.245745],[15.860463,76.336837],[14.217116,76.925358],[13.440653,77.111882],[12.974731,77.374361],[12.795743,77.697559],[12.57437,77.875251],[12.581547,77.98336],[11.38985,78.041847],[10.149839,78.366757],[9.519972,78.72255],[9.424494,78.878796],[9.481648,78.962517],[10.006402,79.143037]]]]}},{"type":"Feature","properties":{"tzid":"Asia/Aden"},"geometry":{"type":"MultiPolygon","coordinates":[[[[41.898259,15.335697],[41.716758,15.352868],[41.610621,15.505978],[41.658969,15.672923],[41.771441,15.747109],[41.955088,15.725962],[42.052216,15.598743],[42.018166,15.41767],[41.898259,15.335697]]],[[[53.617363,12.900402],[53.812037,12.831273],[54.079281,12.901176],[54.282134,12.857168],[54.650083,12.716509],[54.734099,12.499056],[54.570341,12.326691],[54.207348,12.163095],[53.533973,12.139941],[53.366708,11.917933],[52.859975,12.003158],[52.776217,12.132085],[52.848065,12.321435],[53.026401,12.379052],[53.206252,12.325934],[52.985004,12.525879],[52.997671,12.762676],[53.617363,12.900402]]],[[[52.5,12.367784],[52.589193,12.135543],[52.422775,11.960296],[52.00332,12.029627],[51.86753,12.16923],[51.93778,12.501449],[52.096295,12.638628],[52.282322,12.586387],[52.344867,12.419976],[52.5,12.367784]]],[[[49.833944,18.690807],[51.989629,18.998202],[53.183637,16.477053],[52.607434,16.269142],[52.442078,16.131172],[52.371044,15.969572],[52.425162,15.580896],[52.353634,15.477857],[51.454884,15.052863],[49.455475,14.466821],[49.201637,14.311865],[48.815728,13.889452],[48.424463,13.731135],[48.020808,13.838666],[47.482819,13.474704],[46.756821,13.235422],[45.743009,13.158649],[45.494128,12.889241],[45.266761,12.824603],[45.220965,12.645027],[45.110934,12.567126],[44.612466,12.553364],[43.965819,12.393948],[43.320495,12.595333],[43.297804,12.792308],[43.028818,13.234318],[43.040222,13.750786],[42.925396,13.494674],[42.723611,13.457778],[42.4775,14.060833],[42.64287,14.252691],[42.809861,14.280334],[42.667013,14.95248],[42.401029,15.055698],[42.299484,14.86103],[42.119166,14.81751],[41.911869,15.037808],[41.904651,15.227733],[42.059633,15.369903],[42.20157,15.357253],[42.352943,15.195127],[42.099545,15.592235],[42.066923,16.118215],[41.882113,16.113874],[41.759612,16.257292],[42.15,16.404111],[42.94075,16.398333],[42.958167,16.502528],[43.120722,16.528583],[43.257361,16.786278],[43.145361,16.900111],[43.230784,17.064509],[43.201722,17.258806],[43.30975,17.299278],[43.228028,17.385528],[43.285361,17.517278],[43.399222,17.556639],[43.831944,17.338889],[44.334552,17.429601],[45.216667,17.433333],[45.4,17.333333],[46.1,17.25],[46.75,17.283333],[46.994929,16.956768],[47.183333,16.95],[47.466667,17.116667],[47.6,17.449999],[48.183333,18.166667],[49.116667,18.616667],[49.833944,18.690807]]]]}},{"type":"Feature","properties":{"tzid":"Asia/Almaty"},"geometry":{"type":"Polygon","coordinates":[[[81.590829,50.743503],[81.775857,50.820919],[82.536807,50.747055],[82.771352,50.927129],[82.942265,50.894739],[83.175043,51.01157],[83.642148,50.952004],[83.976574,50.781303],[84.20872,50.543552],[84.278605,50.264236],[84.362523,50.205465],[84.456801,50.247256],[85.035544,50.052494],[84.983697,49.931685],[85.234525,49.625888],[85.938214,49.5621],[86.202038,49.466113],[86.299232,49.595956],[86.573824,49.719324],[86.589908,49.807068],[86.690412,49.81048],[86.767723,49.689132],[86.618249,49.570378],[86.827174,49.545425],[87.030716,49.25288],[87.284692,49.233865],[87.297231,49.133679],[86.862536,49.117704],[86.726679,48.979649],[86.806842,48.862062],[86.776313,48.738298],[86.535907,48.523493],[85.723518,48.365452],[85.534573,48.070422],[85.682489,47.253864],[85.507097,47.055942],[85.255518,47.052111],[84.928444,46.875646],[84.722807,47.005624],[83.917265,46.972888],[83.361789,47.177994],[83.026221,47.202602],[82.456107,45.977168],[82.335656,45.939158],[82.265646,45.579505],[82.542832,45.420958],[82.573898,45.213244],[81.949063,45.235617],[81.697101,45.368082],[80.900848,45.129851],[80.104984,45.045542],[79.890092,44.916584],[79.999625,44.816031],[80.146184,44.826687],[80.410483,44.610393],[80.351102,44.47098],[80.396238,44.110114],[80.742162,43.484434],[80.695249,43.343329],[80.799072,43.183146],[80.384173,43.045903],[80.576784,42.919386],[80.298054,42.83353],[80.178844,42.672836],[80.258946,42.511779],[80.206236,42.430439],[80.260308,42.222657],[79.921794,42.440162],[79.526432,42.457296],[79.194139,42.68247],[79.192983,42.779349],[78.506979,42.89083],[78.056632,42.848016],[77.221671,42.916167],[77.084825,42.981293],[76.328751,42.863347],[75.907037,42.949495],[75.689551,42.803221],[74.748396,42.990818],[74.199766,43.26357],[74.215743,43.215745],[73.998997,43.203905],[73.538812,43.014501],[73.42428,42.635919],[73.482003,42.411321],[71.863639,42.83281],[71.27677,42.771046],[71.175399,42.605812],[71.003341,42.588287],[71.088975,42.484377],[70.966506,42.468097],[70.887478,42.217099],[70.743791,42.187109],[70.639168,42.014857],[70.469201,42.097733],[70.369438,42.062561],[70.051418,41.780193],[69.64383,41.669157],[69.432068,41.546613],[69.445547,41.489694],[69.053699,41.368607],[69.030088,41.22506],[68.755444,41.077669],[68.726531,40.969529],[68.507924,41.004416],[68.663185,40.599435],[68.451493,40.593101],[67.981896,40.828227],[68.100749,41.032901],[67.983943,41.024827],[67.975022,41.125903],[67.73512,41.182039],[66.752391,41.142272],[66.533107,41.876947],[65.99871,41.937179],[66.001937,42.360736],[66.148533,42.322707],[67.224276,42.951245],[67.869061,43.208025],[67.665413,43.370785],[67.826356,43.717891],[67.971461,43.736952],[67.965596,43.93502],[68.059662,44.020831],[67.733382,44.271978],[67.482403,44.352557],[67.516214,45.147768],[67.174547,45.300146],[67.36545,45.757503],[67.163072,45.955651],[67.143841,46.107641],[65.585958,46.212706],[65.140843,46.476547],[63.303126,46.971511],[63.21297,47.030165],[63.407087,47.113482],[62.950784,47.190856],[64.277174,47.899538],[64.016075,48.170279],[64.28285,48.347707],[64.227456,48.461781],[64.578628,48.51077],[64.468672,48.674727],[64.698019,48.675664],[64.745805,48.937745],[65.48613,48.828328],[65.73304,48.87461],[65.771973,48.970763],[66.07309,48.993151],[67.63818,50.118809],[67.599341,50.22316],[67.942949,50.313216],[68.090422,50.440486],[67.938665,50.553009],[67.131889,50.383921],[67.065949,50.530842],[67.110798,50.622153],[66.990896,50.658193],[66.315597,50.685432],[66.240636,50.827372],[66.109553,50.798198],[65.977571,50.954689],[65.622652,50.827241],[65.626113,51.068488],[65.403178,51.301939],[65.546696,51.403486],[65.461513,51.440078],[65.569161,51.583382],[65.520911,51.684327],[65.383141,51.6849],[65.352417,51.793489],[65.760476,51.872437],[65.868951,52.140868],[65.985317,52.196207],[66.020846,52.742233],[66.12868,52.764401],[66.118381,52.893548],[66.307907,52.886252],[66.321358,52.969936],[66.059027,53.019824],[66.402139,53.089514],[66.400424,53.154863],[66.257203,53.193727],[66.249266,53.503392],[66.110903,53.502714],[66.179261,53.805575],[66.091673,53.805056],[65.977156,53.968897],[66.300255,54.099244],[66.266814,54.183289],[66.031682,54.251457],[66.176895,54.293461],[66.084898,54.419266],[66.075627,54.636707],[67.311013,54.867813],[67.697732,54.870637],[67.910619,54.983669],[68.206172,54.965963],[68.312103,55.066847],[68.189505,55.15144],[68.23963,55.18715],[68.657829,55.235735],[68.79,55.3678],[68.981159,55.285385],[68.932686,55.442027],[69.199475,55.330115],[69.354587,55.38456],[69.745073,55.345583],[70.179806,55.159329],[70.46014,55.285828],[70.788909,55.289292],[71.018838,55.085095],[70.956273,54.888512],[71.092792,54.705607],[71.293212,54.667751],[71.167545,54.560539],[71.198688,54.311703],[70.998572,54.336079],[71.178972,54.094946],[71.3871,54.181488],[71.487873,54.101146],[71.721148,54.107894],[71.746847,54.240024],[71.814494,54.243388],[72.184306,54.120593],[72.218467,54.181884],[72.085298,54.21879],[72.117471,54.278269],[72.032698,54.36647],[72.235526,54.334016],[72.33708,54.246492],[72.299341,54.186843],[72.507003,54.139971],[72.378316,54.108698],[72.369595,53.944724],[72.486688,53.900754],[72.717549,53.983521],[72.566822,54.039013],[72.612859,54.121951],[72.994133,54.098518],[73.066826,53.985495],[73.504544,53.939024],[73.518762,54.004116],[73.767675,54.054055],[73.690957,53.856229],[73.452278,53.876186],[73.343149,53.788044],[73.251557,53.597446],[73.438266,53.435395],[73.666315,53.613151],[73.951027,53.644978],[74.287373,53.560321],[74.380682,53.45924],[74.492884,53.686166],[74.634885,53.668046],[74.783485,53.814899],[75.217016,53.875936],[75.441077,53.972351],[75.39093,54.053871],[75.528774,54.115014],[76.928961,54.457768],[76.780725,54.377652],[76.877161,54.308044],[76.695346,54.146999],[76.44044,54.167331],[76.529387,54.017187],[77.906506,53.29141],[79.187372,51.923295],[80.075866,50.738208],[80.063932,50.809104],[80.184918,50.827367],[80.192951,50.900366],[80.4774,50.965131],[80.440737,51.190461],[80.6347,51.206804],[80.677673,51.31675],[81.146364,51.21188],[81.065973,50.967181],[81.399773,50.97572],[81.461048,50.802081],[81.590829,50.743503]]]}},{"type":"Feature","properties":{"tzid":"Asia/Amman"},"geometry":{"type":"Polygon","coordinates":[[[37.099257,32.451269],[38.771988,33.359623],[39.084884,32.502298],[38.984596,32.478381],[39.042835,32.302951],[39.259262,32.354499],[39.29986,32.230589],[39.006312,32.00063],[37.006171,31.50064],[37.997146,30.500661],[37.665557,30.332623],[37.505505,30.000769],[36.804446,29.872539],[36.430845,29.419987],[36.098165,29.202582],[34.888093,29.374516],[35.153221,30.094217],[35.211608,30.593926],[35.454738,31.104449],[35.3993,31.252946],[35.555432,31.751677],[35.564123,32.629429],[35.785043,32.747284],[35.933039,32.720635],[36.076705,32.532587],[36.729105,32.317024],[37.099257,32.451269]]]}},{"type":"Feature","properties":{"tzid":"Asia/Anadyr"},"geometry":{"type":"MultiPolygon","coordinates":[[[[-175.576836,71.156805],[-176.208334,71.279149],[-176.35297,71.38138],[-176.332838,71.486773],[-176.02788,71.606001],[-175.564282,71.615674],[-175.141029,71.53915],[-174.939411,71.393269],[-175.068377,71.248151],[-175.576836,71.156805]]],[[[174.475405,61.808174],[174.516825,61.883016],[174.442719,62.005198],[174.178065,62.08025],[174.017734,62.267682],[174.151515,62.33882],[174.138936,62.438676],[173.700815,62.541734],[172.825171,62.347181],[172.544797,62.444754],[172.295401,62.373313],[172.080603,62.465057],[171.506846,62.302139],[171.246581,62.374106],[170.816958,62.259622],[170.218225,62.292238],[170.025543,62.522804],[170.042481,62.674565],[169.687554,62.705801],[169.133166,62.973902],[168.934034,62.945036],[168.484005,63.070152],[169.153662,63.472762],[169.512277,63.563024],[169.624222,63.650292],[169.536555,63.821006],[169.323175,63.935649],[168.89385,63.983233],[168.806777,64.160034],[168.536895,64.299724],[167.71166,64.325757],[167.249349,64.6176],[166.606805,64.520342],[166.139046,64.608502],[165.88899,64.551462],[165.655513,64.751935],[165.44927,64.733393],[165.076126,64.846071],[164.910447,64.6728],[164.218241,64.936724],[163.876283,64.851968],[163.532733,64.923118],[163.158242,64.8018],[163.262112,64.715056],[163.212305,64.69429],[162.793562,64.661194],[161.798907,64.84045],[161.746886,64.975934],[161.317704,65.148491],[160.519559,65.174951],[160.092682,65.502233],[158.910856,65.740463],[159.230387,66.199582],[158.390142,66.404874],[158.71122,66.689077],[158.960036,66.760587],[158.71396,67.037357],[157.85082,67.285604],[157.905912,67.417],[157.754991,67.560703],[157.900683,67.708386],[158.316615,67.723052],[158.27874,67.809683],[158.080131,67.848113],[158.098109,67.899257],[158.299183,68.042468],[158.619181,68.12014],[159.768934,68.181609],[159.944142,68.259624],[160.73171,68.247989],[161.473388,68.377866],[162.454529,68.289634],[162.713454,68.555727],[162.711454,68.655735],[162.595656,68.73406],[162.81595,68.825067],[162.521875,69.059447],[162.790714,69.16915],[162.562997,69.28877],[162.544078,69.370538],[162.386673,69.398014],[162.345022,69.511252],[162.53106,69.869038],[164.181598,69.948003],[164.88988,69.760946],[166.839175,69.707432],[167.932159,70.182535],[168.52718,70.232164],[169.534963,70.104606],[169.842751,70.125813],[170.146043,70.287547],[170.613532,70.32307],[174.687679,70.040171],[176.281559,70.06687],[177.15023,69.823021],[179.037018,69.579932],[179.968858,69.303546],[180,64.746324],[179.181266,64.510085],[178.902255,64.258018],[179.116156,64.039575],[179.297891,63.518454],[179.876928,63.170036],[180,62.875905],[180,62.554558],[179.510808,62.177281],[179.213306,62.081616],[177.82716,62.345484],[177.393864,62.356477],[175.81473,61.990022],[174.766295,61.641302],[174.551441,61.61027],[174.475405,61.808174]]],[[[180,70.716602],[178.932217,70.591458],[178.461178,70.617951],[178.207068,70.727657],[178.014951,71.092381],[178.39055,71.331909],[179.074336,71.563045],[180,71.749075],[180,70.716602]]],[[[-180,62.875905],[-179.935331,62.705832],[-180,62.554558],[-180,62.875905]]],[[[-180,71.749075],[-179.114856,71.804768],[-177.93222,71.699123],[-177.000305,71.382669],[-176.846105,71.288204],[-176.824589,71.188262],[-177.060348,70.996391],[-177.632332,70.845157],[-179.230128,70.678569],[-179.84936,70.685084],[-180,70.716602],[-180,71.749075]]],[[[-168.976944,65.5],[-169.877278,65.787006],[-170.010013,65.737278],[-170.072183,65.562877],[-170.334296,65.433624],[-170.898036,65.275546],[-171.441693,65.313568],[-171.67982,65.197481],[-171.611197,65.100089],[-171.601178,64.726993],[-171.845083,64.294153],[-173.03265,64.044712],[-174.116004,64.21294],[-174.49379,64.428224],[-174.968433,64.563891],[-175.752224,64.631248],[-176.311117,64.910201],[-176.362855,65.011696],[-176.257783,65.127494],[-176.366615,65.224642],[-176.799889,65.364655],[-177.45109,65.249008],[-179.069906,65.212289],[-179.320894,65.003939],[-180,64.746324],[-180,69.289509],[-179.62324,69.126417],[-179.08466,69.074708],[-177.222253,68.44987],[-175.452695,68.002696],[-173.356553,67.280663],[-171.295491,67.07673],[-170.783901,66.728171],[-169.252004,66.23467],[-169.171796,66.033353],[-168.976944,66.01508],[-168.976944,65.5]]]]}},{"type":"Feature","properties":{"tzid":"Asia/Aqtau"},"geometry":{"type":"Polygon","coordinates":[[[51.090608,43.357861],[51.096811,43.450783],[50.548767,44.143806],[50.103233,44.283594],[49.822533,44.900972],[49.8831,45.134367],[50.314389,45.198264],[50.707747,45.080803],[50.871631,45.115622],[51.342392,45.507019],[51.778608,45.593614],[52.290372,45.552439],[52.471922,45.607825],[52.675428,45.811286],[53.158884,45.745876],[53.187713,45.813065],[53.41003,45.81374],[53.72359,45.940306],[53.773645,45.986333],[53.677161,45.986628],[53.971735,46.24613],[55.270475,46.367363],[55.487919,46.520131],[55.603104,46.420827],[55.81798,46.401193],[55.817722,46.262861],[56.490105,46.116047],[56.605778,45.926133],[56.744106,45.177411],[55.99892,45.000136],[55.998732,41.33719],[55.426281,41.294538],[54.928925,41.928325],[54.194694,42.37644],[52.998767,42.125191],[52.267037,41.614259],[52.229019,42.117106],[52.440644,42.469697],[52.392847,42.601758],[51.836542,42.695872],[51.557783,42.967481],[51.132642,43.05145],[51.090608,43.357861]]]}},{"type":"Feature","properties":{"tzid":"Asia/Aqtobe"},"geometry":{"type":"Polygon","coordinates":[[[56.690013,45.482096],[56.605778,45.926133],[56.287542,46.513382],[55.450369,46.725994],[55.23286,46.873822],[55.001978,47.20236],[55.121752,47.784973],[55.099125,47.956272],[54.94285,48.092757],[54.912309,48.709443],[54.683932,48.800389],[54.46031,48.641896],[54.027021,48.762814],[53.99033,49.128031],[53.838698,49.11295],[53.625694,49.232752],[53.641027,49.527201],[53.811186,49.593911],[54.259758,49.578553],[54.482574,49.735464],[54.581366,50.008346],[54.433651,50.100652],[54.364014,50.319676],[54.729316,50.617273],[54.691391,50.867387],[54.571893,50.916673],[54.568348,51.018673],[55.093024,50.916644],[55.132938,50.800202],[55.710551,50.555319],[56.054472,50.694836],[56.181283,50.938126],[56.350678,50.900564],[56.487674,51.074337],[56.714312,50.971022],[56.700061,51.074218],[57.168042,51.108502],[57.469996,50.882133],[57.72868,50.927693],[57.778997,51.139146],[58.149856,51.065141],[58.321032,51.162279],[58.384019,51.07487],[58.614174,51.047402],[58.593586,50.869333],[58.688182,50.885634],[58.868845,50.708003],[59.453076,50.645305],[59.552076,50.595686],[59.457182,50.546688],[59.569782,50.51554],[59.960911,50.660944],[60.014903,50.822124],[60.185967,50.838854],[60.325208,50.670254],[60.592007,50.661309],[61.449001,50.806123],[61.555299,51.193064],[61.852152,51.317069],[62.046463,51.07973],[62.283031,51.080164],[62.208493,51.013043],[62.430261,50.852835],[62.221837,50.813618],[62.229542,50.676022],[62.439803,50.688706],[62.516754,50.470727],[62.94646,50.00416],[62.910523,49.916428],[62.739589,49.940186],[62.598727,49.86251],[62.473174,49.562053],[62.321192,49.520109],[62.547452,49.253269],[62.376091,49.23563],[62.548791,49.018131],[62.845444,48.848813],[63.011057,48.921846],[63.130174,48.86341],[63.076024,48.697122],[63.770803,48.453998],[64.277174,47.899538],[64.014674,47.703234],[62.89008,47.177349],[62.587083,47.240941],[62.605726,47.328445],[62.212529,47.545556],[61.924863,47.827727],[61.359797,47.818785],[60.936955,47.131237],[60.531332,47.116713],[60.474422,46.910811],[60.164199,46.899161],[60.013218,46.815364],[59.030602,46.007044],[59.097302,45.321844],[58.587941,45.590678],[56.744106,45.177411],[56.690013,45.482096]]]}},{"type":"Feature","properties":{"tzid":"Asia/Ashgabat"},"geometry":{"type":"Polygon","coordinates":[[[55.398313,41.337222],[55.524272,41.258022],[55.97204,41.325802],[57.047375,41.243352],[57.168009,41.341309],[57.039896,41.441279],[56.965598,41.875105],[57.128155,41.929281],[57.320432,42.144782],[57.939292,42.230232],[57.923738,42.417154],[58.052429,42.543357],[58.324449,42.448602],[58.397398,42.298949],[58.513954,42.284773],[58.299256,42.559287],[58.151568,42.609751],[58.293034,42.687734],[58.579741,42.648586],[58.627754,42.779946],[58.975685,42.547867],[59.15988,42.529597],[59.434712,42.292359],[59.872742,42.299024],[60.002843,42.216235],[60.035253,42.018738],[59.936628,41.961735],[60.314457,41.77974],[60.063041,41.770071],[60.175917,41.594782],[60.077486,41.448678],[60.230022,41.337202],[60.512035,41.216481],[61.044987,41.264888],[61.240384,41.145333],[61.446444,41.289087],[61.813232,41.1536],[61.976632,40.995396],[62.126285,40.579002],[62.34946,40.438297],[62.462284,39.969734],[63.705149,39.223866],[64.160781,38.976309],[64.354852,38.976735],[65.554471,38.288678],[65.930779,38.269656],[66.656275,37.977175],[66.539352,37.749683],[66.584764,37.470107],[66.481209,37.330655],[66.306764,37.32016],[65.734307,37.539302],[65.555856,37.240664],[65.123696,37.244185],[64.75526,37.112644],[64.789583,36.958173],[64.526068,36.304513],[64.070117,36.105831],[64.068231,36.008231],[63.120778,35.861912],[63.229262,35.706688],[63.098473,35.605997],[63.075866,35.414868],[62.713077,35.239517],[62.475577,35.277211],[62.325877,35.144996],[62.273857,35.281187],[62.06428,35.43442],[61.578891,35.442393],[61.246793,35.645202],[61.256389,35.834167],[61.160284,35.95077],[61.224677,36.139209],[61.154595,36.618211],[60.340633,36.643031],[60.043069,37.020764],[59.543936,37.158359],[59.399897,37.315197],[59.357349,37.51981],[58.815556,37.702778],[58.401624,37.62849],[58.155062,37.793617],[57.450278,37.939167],[57.203012,38.276489],[57.012233,38.18719],[56.466522,38.264301],[56.330556,38.192778],[56.334003,38.091177],[56.231691,38.075196],[55.4325,38.080556],[54.864352,37.761416],[54.691388,37.448183],[54.244678,37.319986],[53.664949,37.356138],[53.560886,37.908065],[53.578351,38.561718],[53.676757,38.817995],[53.40082,39.054015],[53.325401,39.001227],[53.325299,38.764889],[53.236188,38.641502],[52.984039,38.605864],[52.822956,38.730557],[52.778822,39.043382],[52.906876,39.280635],[52.839084,39.41916],[52.890103,39.564856],[52.52436,39.929561],[52.445359,40.284572],[52.634298,40.970585],[52.539479,41.271176],[52.317709,41.410887],[52.271355,41.606647],[52.998767,42.125191],[54.216368,42.37921],[54.952115,41.906308],[55.398313,41.337222]]]}},{"type":"Feature","properties":{"tzid":"Asia/Atyrau"},"geometry":{"type":"Polygon","coordinates":[[[50.146819,46.477319],[50.036533,46.161514],[49.886117,46.045769],[48.751869,46.548772],[48.547941,46.557266],[48.503394,46.655814],[48.600246,46.71445],[48.995967,46.743084],[48.519423,47.411752],[48.111684,47.744928],[47.41526,47.83826],[47.385221,47.681285],[47.214319,47.752997],[47.049937,47.997751],[47.200527,48.054928],[47.090852,48.103244],[47.122974,48.268503],[48.867433,48.089531],[49.464912,47.948086],[49.413757,48.043431],[49.968481,48.082638],[50.225906,48.280816],[50.990295,48.587055],[51.035745,48.688361],[51.649237,48.71473],[51.787794,48.679054],[51.814921,48.574343],[52.440591,48.493085],[52.555989,48.51394],[52.609595,48.761231],[52.714279,48.803817],[52.710631,48.971788],[52.825623,49.0476],[53.260338,49.016907],[53.625694,49.232752],[53.86956,49.098604],[53.98762,49.174436],[54.043451,48.807356],[54.155133,48.735476],[54.542039,48.640092],[54.578771,48.779346],[54.683932,48.800389],[54.912309,48.709443],[54.938625,48.097215],[55.099125,47.956272],[55.111119,47.824761],[55.001978,47.20236],[55.224849,46.8901],[55.450369,46.725994],[56.287542,46.513382],[56.464793,46.176331],[56.121737,46.154545],[55.843781,46.251487],[55.81798,46.401193],[55.523144,46.487978],[55.270475,46.367363],[53.998718,46.246615],[53.684472,46.018856],[53.773645,45.986333],[53.647839,45.898944],[53.034435,45.75125],[52.675428,45.811286],[52.798492,46.605389],[52.652072,46.706683],[52.315711,46.612461],[51.719139,46.587464],[51.537133,46.620372],[51.385431,46.839317],[51.263044,46.849669],[50.146819,46.477319]]]}},{"type":"Feature","properties":{"tzid":"Asia/Baghdad"},"geometry":{"type":"Polygon","coordinates":[[[47.484305,30.103696],[47.140218,29.987529],[46.85544,29.426176],[46.491264,29.078099],[44.706547,29.204921],[42.097128,31.103555],[41.440726,31.373207],[40.413254,31.948076],[39.20082,32.154283],[39.29986,32.230589],[39.259262,32.354499],[39.042835,32.302951],[38.986702,32.471899],[39.067541,32.554162],[38.79296,33.373435],[40.639923,34.315058],[40.976775,34.397615],[41.227408,34.778667],[41.22738,35.279599],[41.382038,35.625278],[41.260282,36.091748],[41.412757,36.525841],[41.835093,36.600447],[42.350777,37.090907],[42.589167,37.174682],[42.809354,37.375322],[42.949822,37.318328],[43.140932,37.372142],[43.658089,37.224591],[43.913233,37.223119],[44.128367,37.318674],[44.260249,37.249305],[44.202158,37.121083],[44.306416,36.964486],[44.620203,37.180746],[44.769596,37.162894],[44.895836,36.99488],[44.85345,36.77521],[45.040521,36.724013],[45.01371,36.556318],[45.085714,36.423581],[45.264299,36.395916],[45.377539,36.089945],[45.344294,35.99502],[45.534097,35.996847],[45.760201,35.806378],[46.337,35.819902],[46.247244,35.719658],[46.011432,35.680069],[45.985425,35.496023],[46.203628,35.189037],[46.067053,35.042757],[45.924902,35.092099],[45.868217,34.907579],[45.703344,34.825292],[45.74268,34.550515],[45.556213,34.592446],[45.440097,34.459041],[45.583566,34.302663],[45.578897,34.149925],[45.407661,33.977255],[45.712823,33.67108],[45.950003,33.572417],[45.895249,33.512558],[46.026532,33.480308],[46.192859,33.236801],[46.075791,33.123839],[46.15527,33.071646],[46.095987,32.991637],[46.436942,32.933396],[47.135073,32.476113],[47.37746,32.473689],[47.448485,32.403034],[47.552548,32.130669],[47.844525,31.821891],[47.685084,31.374877],[47.687293,31.015903],[48.00661,30.998373],[48.04165,30.474499],[48.407399,30.20245],[48.485958,29.978709],[49.097399,29.805926],[49.083919,29.609391],[48.891531,29.409867],[48.671033,29.364073],[48.564942,29.6583],[48.135335,30.020147],[47.484305,30.103696]]]}},{"type":"Feature","properties":{"tzid":"Asia/Bahrain"},"geometry":{"type":"Polygon","coordinates":[[[50.31234,26.175624],[50.387577,26.530013],[50.595486,26.687244],[50.773152,26.597748],[50.922833,26.270813],[50.807845,25.564446],[50.529243,25.593903],[50.43341,25.679181],[50.304243,25.879181],[50.31234,26.175624]]]}},{"type":"Feature","properties":{"tzid":"Asia/Baku"},"geometry":{"type":"MultiPolygon","coordinates":[[[[46.003726,39.280296],[46.140906,38.844757],[45.459037,38.990321],[45.308499,39.201626],[45.149361,39.209242],[44.780286,39.700916],[45.079167,39.787468],[45.202186,39.582797],[45.491849,39.511472],[45.77712,39.58559],[45.820344,39.360053],[46.003726,39.280296]]],[[[45.077697,41.085062],[45.203081,41.157193],[45.05504,41.191413],[45.019733,41.285653],[45.278915,41.464128],[45.7434,41.356076],[45.738024,41.263991],[45.925602,41.187781],[46.630895,41.097667],[46.722069,41.282325],[46.332613,41.499605],[46.338756,41.582358],[46.240296,41.595358],[46.181325,41.728987],[46.516048,41.887632],[46.578094,41.807645],[46.760265,41.862533],[47.367987,41.275649],[47.790421,41.194159],[47.885205,41.219371],[48.088562,41.498527],[48.348687,41.576391],[48.809044,41.961321],[49.313218,41.452039],[49.438453,41.132783],[49.740511,40.930008],[49.814062,40.795967],[50.428261,40.728],[50.572866,40.586632],[51.103639,40.373093],[51.169507,40.18591],[50.928699,40.006591],[50.673363,40.074967],[50.372101,40.010718],[49.927944,40.070802],[49.831405,39.840683],[49.969091,39.58555],[49.8795,39.464548],[49.682384,39.419191],[49.553628,38.908108],[49.124864,38.728907],[49.137035,38.454821],[48.642185,38.401147],[48.034789,38.830722],[48.012956,38.88093],[48.337925,39.03737],[48.129471,39.246393],[48.338232,39.422535],[47.99844,39.704529],[47.379722,39.456651],[46.54628,38.878445],[46.447126,39.200028],[46.5408,39.161217],[46.620638,39.222975],[46.38749,39.42321],[46.531391,39.467885],[46.544532,39.545665],[46.371564,39.636113],[46.210384,39.601925],[45.600914,39.994011],[45.86188,40.016448],[45.9782,40.22204],[45.44363,40.51759],[45.379407,40.697095],[45.566681,40.79734],[45.590801,40.887246],[45.435387,41.017986],[45.077697,41.085062]]]]}},{"type":"Feature","properties":{"tzid":"Asia/Bangkok"},"geometry":{"type":"MultiPolygon","coordinates":[[[[106.752761,18.130959],[106.883987,17.896098],[106.747713,17.68095],[107.123373,17.321321],[106.747163,16.923497],[106.427387,17.007752],[106.307729,17.277466],[106.16477,17.299438],[105.76943,17.674502],[105.504666,18.172149],[105.372526,18.160772],[105.108995,18.43673],[105.185831,18.653028],[104.675806,18.837832],[104.16792,19.198584],[103.884111,19.302819],[104.117225,19.50054],[104.064789,19.641944],[104.406874,19.704486],[104.628468,19.625058],[104.975997,20.079625],[104.630544,20.229255],[104.67654,20.445885],[104.409176,20.386362],[104.387535,20.485314],[104.631681,20.637766],[104.294932,20.912518],[104.109096,20.975635],[103.889884,20.89526],[103.697395,20.663287],[103.090732,20.936824],[102.827244,21.246382],[102.988611,21.705505],[102.855101,21.74578],[102.844753,21.845725],[102.79849,21.707561],[102.663243,21.679101],[102.612376,21.9204],[102.143864,22.400484],[102.450547,22.74405],[102.706961,22.693931],[103.016314,22.451017],[103.350141,22.80373],[103.531722,22.595743],[103.670368,22.767814],[103.999417,22.519591],[104.100949,22.796454],[104.252551,22.841297],[104.351782,22.693416],[104.554225,22.842465],[104.703036,22.826744],[104.864116,22.945076],[104.805329,23.084711],[104.880791,23.152639],[105.350135,23.366058],[105.58269,23.067453],[105.729915,23.054152],[105.878896,22.916829],[106.155095,22.991247],[106.351858,22.855889],[106.524532,22.947985],[106.814153,22.819915],[106.728605,22.597173],[106.632603,22.59541],[106.559444,22.46093],[106.56219,22.357637],[106.694047,22.24118],[106.68269,22.002024],[107.049179,21.929032],[107.005119,21.846881],[107.21475,21.712979],[107.313412,21.730366],[107.382633,21.595217],[107.459632,21.661941],[107.530724,21.590584],[107.818274,21.656217],[108.061137,21.515664],[108.223287,21.12356],[107.972893,20.842346],[107.282239,20.424399],[106.852427,20.467386],[106.755295,20.081842],[106.451265,19.971524],[106.060542,19.593689],[106.136861,19.285101],[105.93751,19.038668],[106.166468,18.857548],[106.155387,18.512045],[106.752761,18.130959]]],[[[103.03187,14.250228],[102.701746,13.768042],[102.559766,13.678294],[102.622225,13.612191],[102.338002,13.556484],[102.398301,13.16517],[102.52041,13.005583],[102.508525,12.675529],[102.645269,12.611101],[102.784427,12.403748],[102.704909,12.179008],[102.91309,11.666153],[102.75697,11.401727],[102.561551,11.346399],[102.397956,11.441289],[102.099911,11.861341],[102.039994,12.130718],[101.832674,12.278283],[101.598581,12.215973],[101.362938,12.312734],[101.245492,12.459147],[101.021649,12.281286],[100.77378,12.39173],[100.215855,12.384293],[100.23869,12.180138],[100.036757,11.890077],[99.970455,11.526796],[99.770558,11.230792],[99.669447,10.613955],[100.178823,10.025911],[100.295009,9.65844],[100.894049,8.52752],[102.190092,7.434895],[102.255997,6.653656],[102.091255,6.149739],[101.824686,5.748494],[101.680113,5.781754],[101.567999,5.923316],[101.298927,5.812286],[101.157044,5.626651],[100.984238,5.806306],[101.10494,5.954554],[101.110504,6.230435],[100.844648,6.249212],[100.741245,6.505492],[100.65976,6.448899],[100.428152,6.522806],[100.203266,6.725416],[100.138111,6.445955],[99.997449,6.42601],[99.880447,6.535885],[99.554019,6.50597],[99.456188,6.307008],[99.111667,6.3],[98.960271,6.548234],[99.038862,6.705049],[99.305104,6.829949],[99.188012,7.038632],[99.051702,6.995134],[98.917035,7.052257],[98.571353,7.548419],[98.380147,7.274357],[98.203704,7.294323],[98.123298,7.401878],[98.008687,8.498122],[98.059521,9.121982],[97.975731,8.949939],[98.000857,8.737475],[97.795233,8.32728],[97.540461,8.306923],[97.434818,8.56061],[97.460837,8.750515],[97.6346,8.959211],[97.687421,9.232474],[97.633977,9.403359],[97.716299,9.605911],[98.119545,9.554348],[98.385139,9.931075],[98.567961,9.946704],[98.808882,10.469337],[98.805037,10.706815],[99.171438,11.055253],[99.648684,11.804622],[99.555806,12.107147],[99.475787,12.131379],[99.420386,12.606029],[99.23289,12.765688],[99.103153,13.067306],[99.205839,13.204736],[99.108855,13.885983],[98.968963,14.079722],[98.595839,14.332277],[98.254479,14.813378],[98.18594,15.095091],[98.295877,15.312252],[98.387865,15.271531],[98.425233,15.365477],[98.574368,15.364478],[98.584358,16.074764],[98.83107,16.125637],[98.912186,16.393102],[98.822287,16.405147],[98.677602,16.270961],[98.476571,16.762479],[98.540143,16.861465],[98.500151,16.957139],[97.79312,17.680848],[97.682501,17.855782],[97.729276,18.00028],[97.614314,18.320068],[97.484067,18.290948],[97.344013,18.565226],[97.524591,18.495433],[97.749346,18.577748],[97.740875,18.873581],[97.668596,18.943991],[97.838507,19.122564],[97.803594,19.382658],[97.861997,19.567951],[98.03208,19.643347],[98.035498,19.794015],[98.286509,19.684819],[98.956412,19.76999],[99.152314,20.130082],[99.397363,20.088801],[99.53493,20.146713],[99.461479,20.360698],[99.80413,20.336449],[99.952075,20.462377],[100.13126,20.248194],[100.254598,20.390455],[100.35149,20.38045],[100.570616,20.12242],[100.405846,19.757004],[100.509544,19.529199],[100.791825,19.509954],[100.888673,19.626132],[101.271386,19.586623],[101.191212,19.376875],[101.344415,19.024724],[101.258271,18.907934],[101.251126,18.658871],[101.055948,18.433548],[101.171866,18.344555],[101.182408,18.068449],[101.017523,17.879357],[100.973441,17.59374],[101.132567,17.473041],[101.700638,17.912315],[101.765847,18.052806],[101.912457,18.03936],[102.090362,18.219567],[102.571998,17.964744],[102.664261,17.807629],[102.852724,17.968803],[103.04944,17.990265],[103.29833,18.425988],[103.88096,18.291349],[103.973041,18.33688],[104.294241,17.849117],[104.793065,17.405422],[104.759774,16.509158],[105.004289,16.255146],[105.042569,16.106997],[105.397262,16.017342],[105.387804,15.831681],[105.623226,15.679691],[105.595165,15.436438],[105.470622,15.357759],[105.589653,15.281144],[105.466541,15.130769],[105.606213,14.992992],[105.517547,14.813115],[105.531748,14.564206],[105.088409,14.212368],[105.002579,14.363213],[104.815284,14.43099],[103.904386,14.338194],[103.578168,14.433512],[103.03187,14.250228]]],[[[107.565852,20.271201],[107.758707,20.34512],[107.891774,20.284886],[107.951122,20.157431],[107.879943,19.983478],[107.744168,19.926582],[107.567925,19.984753],[107.504623,20.107764],[107.565852,20.271201]]]]}},{"type":"Feature","properties":{"tzid":"Asia/Barnaul"},"geometry":{"type":"Polygon","coordinates":[[[84.081291,50.639993],[83.828181,50.880344],[83.407165,51.013189],[83.121021,51.011004],[82.961787,50.893293],[82.732817,50.927272],[82.710687,50.828165],[82.536807,50.747055],[82.172702,50.730064],[81.775857,50.820919],[81.449338,50.755926],[81.413428,50.959946],[81.059764,50.947903],[81.162164,51.191684],[80.677673,51.31675],[80.6347,51.206804],[80.440737,51.190461],[80.482243,50.968687],[80.192951,50.900366],[80.079552,50.738781],[79.211292,51.891179],[77.906506,53.29141],[77.937754,53.415205],[78.070791,53.438926],[77.910815,53.563209],[78.211126,53.62164],[78.363225,53.475552],[78.621521,53.513161],[78.670148,53.647552],[79.455676,53.688346],[79.856246,53.833574],[80.106451,54.05846],[80.218595,54.031519],[80.853759,54.243329],[80.813305,54.341756],[80.931207,54.370792],[81.125872,54.121481],[81.613804,54.020344],[81.553702,53.952399],[81.843981,53.937513],[81.734566,53.846517],[81.80826,53.710013],[82.18473,53.671974],[82.205865,53.590696],[82.564058,53.499624],[82.666326,53.642646],[82.621075,53.669261],[82.760353,53.749963],[82.714469,53.777518],[83.156691,54.043793],[83.274997,54.051269],[83.400312,53.940492],[83.587713,54.11011],[84.550803,54.161818],[84.649611,54.283067],[85.159972,54.45311],[85.386038,54.219403],[85.62478,54.213748],[85.871253,54.037557],[86.124254,53.980896],[86.185598,53.81122],[86.300385,53.829952],[86.392016,53.598497],[86.789948,53.459904],[86.93108,53.503685],[86.843689,53.329274],[86.641713,53.211783],[87.052901,53.041901],[86.920182,52.829015],[87.167343,52.701842],[87.127084,52.606526],[87.630122,52.430298],[87.931427,52.536069],[88.20945,52.409468],[88.405909,52.445122],[88.370175,52.117227],[88.057279,52.03631],[87.891797,51.809739],[88.106794,51.70856],[87.855978,51.552002],[88.429108,51.286866],[88.664217,51.385602],[88.665697,51.522317],[88.759439,51.560812],[89.008876,51.394259],[88.96146,51.249823],[89.071484,51.042024],[89.861649,50.482529],[89.640938,50.372841],[89.507503,50.457505],[89.32893,50.215127],[89.520175,50.191731],[89.719162,49.732274],[89.3685,49.5886],[89.2188,49.642],[89.1953,49.5202],[88.9845,49.4637],[88.9131,49.5466],[88.8628,49.4595],[88.212819,49.47275],[88.165548,49.300056],[87.999007,49.191904],[87.401175,49.083058],[87.296333,49.111074],[87.315634,49.231083],[87.060354,49.254606],[86.814847,49.532322],[86.602492,49.605553],[86.782731,49.78914],[86.631551,49.806903],[86.207902,49.469924],[85.589914,49.614381],[85.257519,49.588524],[84.978111,49.942526],[85.024139,50.060218],[84.456801,50.247256],[84.366832,50.206462],[84.278605,50.264236],[84.215635,50.543326],[84.081291,50.639993]],[[86.803772,53.341559],[86.758039,53.330325],[86.749862,53.346927],[86.803772,53.341559]]]}},{"type":"Feature","properties":{"tzid":"Asia/Beirut"},"geometry":{"type":"Polygon","coordinates":[[[35.134336,33.091285],[34.882567,33.172036],[35.249674,33.983477],[35.392899,34.091027],[35.541209,34.586467],[35.657904,34.680322],[35.821889,34.616472],[36.352585,34.684306],[36.422284,34.626159],[36.335743,34.50381],[36.553122,34.415271],[36.619722,34.208056],[36.308333,33.952222],[36.3775,33.864722],[36.010115,33.769373],[35.952171,33.672656],[36.023333,33.5475],[35.799444,33.355],[35.5781,33.286035],[35.503219,33.102111],[35.134336,33.091285]]]}},{"type":"Feature","properties":{"tzid":"Asia/Bishkek"},"geometry":{"type":"Polygon","coordinates":[[[74.13215,43.193496],[74.249682,43.254665],[74.737137,43.000909],[75.680554,42.804153],[75.920747,42.953777],[76.351071,42.861977],[76.986496,42.982144],[79.198873,42.804448],[79.210215,42.66415],[79.504877,42.459887],[79.96338,42.435542],[80.110835,42.311184],[80.208228,42.073248],[79.869332,42.027126],[79.784637,41.903087],[79.295356,41.791387],[78.646059,41.470274],[78.154983,41.379375],[78.122878,41.228394],[77.823985,41.144294],[77.778968,41.022182],[77.002763,41.068496],[76.864033,41.013382],[76.649623,40.76648],[76.537805,40.465047],[76.409772,40.386117],[76.277639,40.434736],[75.731245,40.303659],[75.600238,40.65938],[75.208351,40.445525],[74.81773,40.506749],[74.863836,40.325555],[74.712054,40.34906],[74.356259,40.099588],[73.935516,40.029989],[73.839474,39.794784],[73.94221,39.634353],[73.830999,39.471554],[73.47609,39.469844],[73.196561,39.352651],[72.498758,39.377535],[72.312398,39.300847],[72.26451,39.200198],[72.02096,39.354194],[71.781106,39.301063],[71.787329,39.440502],[71.58082,39.457833],[71.49937,39.608346],[70.924966,39.394418],[70.782294,39.400918],[70.661702,39.570069],[70.51285,39.608135],[70.279037,39.526713],[69.687614,39.594139],[69.370616,39.520214],[69.276249,39.803789],[69.355668,39.996165],[69.529448,39.942232],[69.538392,40.08904],[69.82018,40.188421],[70.041687,40.219334],[70.531018,40.075316],[70.561587,39.984371],[70.639019,40.105814],[71.118226,40.328025],[71.282763,40.34145],[71.616273,40.206682],[71.672768,40.269628],[71.765862,40.184662],[72.030758,40.271293],[71.978755,40.309122],[72.172102,40.485746],[72.410508,40.401239],[72.406699,40.617907],[72.632911,40.510976],[72.872748,40.711249],[73.182891,40.754965],[73.138742,40.841521],[72.939054,40.800424],[72.611068,40.871415],[72.428371,41.03367],[72.177472,40.990089],[72.120354,41.153339],[71.871643,41.194268],[71.918815,41.288604],[71.719523,41.439352],[71.740179,41.533625],[71.643159,41.487075],[71.637997,41.345583],[71.449548,41.287472],[71.432959,41.133629],[71.277235,41.099419],[71.239899,41.19123],[70.80725,41.231807],[70.674901,41.469725],[70.488009,41.398174],[70.211166,41.504201],[70.214959,41.591148],[70.494934,41.719897],[70.660779,41.901127],[70.855498,41.95055],[70.861008,42.046109],[71.239376,42.156722],[71.135813,42.280038],[70.890861,42.263248],[70.977584,42.485374],[71.075477,42.472625],[71.039474,42.597194],[71.152473,42.604248],[71.265596,42.767191],[71.863639,42.83281],[73.502201,42.417681],[73.431082,42.64629],[73.572756,43.036034],[74.13215,43.193496]],[[71.040589,40.242232],[71.039936,40.226576],[71.044077,40.258712],[71.040589,40.242232]],[[69.545515,40.076914],[69.548126,40.06174],[69.542694,40.064392],[69.545515,40.076914]],[[71.818539,39.999629],[71.847876,39.958321],[71.711768,39.967866],[71.818539,39.999629]],[[71.660527,40.201301],[71.660698,40.20795],[71.671997,40.198477],[71.660527,40.201301]],[[70.704275,39.833053],[70.625675,39.778231],[70.543814,39.842416],[70.704275,39.833053]],[[71.215665,39.912929],[71.073607,39.900009],[71.006368,40.169575],[71.215665,39.912929]]]}},{"type":"Feature","properties":{"tzid":"Asia/Brunei"},"geometry":{"type":"MultiPolygon","coordinates":[[[[113.418388,6.325536],[113.348954,6.195075],[113.208334,6.147683],[113.073404,6.209289],[113.017926,6.346189],[113.07223,6.483516],[113.206628,6.546222],[113.347648,6.500053],[113.418388,6.325536]]],[[[114.494929,4.147473],[114.00257,4.773937],[114.346061,4.841638],[114.796569,5.169545],[115.232222,5.096667],[115.129444,4.937222],[115.228241,4.811169],[115.343856,4.308988],[115.09063,4.385356],[115.030641,4.894105],[114.791289,4.732431],[114.879155,4.376174],[114.801016,4.139076],[114.648061,4.006039],[114.494929,4.147473]]]]}},{"type":"Feature","properties":{"tzid":"Asia/Chita"},"geometry":{"type":"Polygon","coordinates":[[[113.975615,53.715794],[114.857718,53.949868],[115.628472,54.415884],[116.186182,54.511778],[116.521813,54.461501],[116.774545,54.597957],[116.913566,54.833474],[116.840949,55.018087],[116.454172,55.246603],[116.375671,55.380184],[115.93559,55.383119],[115.840168,55.720644],[115.896244,55.914978],[115.748869,56.055445],[115.809222,56.133217],[115.672943,56.290689],[115.757114,56.464234],[115.654893,56.577361],[115.431096,56.640533],[115.57761,56.707415],[115.611876,56.904786],[115.721182,56.95317],[116.771279,56.744442],[117.304969,56.951767],[117.40097,56.845447],[117.57164,56.894725],[117.667159,57.02808],[117.593502,57.14839],[117.780112,57.303153],[117.588343,57.351547],[117.437974,57.282024],[117.272272,57.520451],[117.323924,57.606356],[117.139145,57.686027],[117.104372,57.846175],[117.397252,57.908292],[117.422465,58.149116],[117.570967,58.152036],[117.499922,58.336113],[117.678589,58.42956],[118.252114,58.397794],[118.697708,58.188879],[119.132917,58.209379],[119.158414,58.018952],[119.056556,57.736059],[119.166955,57.718409],[119.174523,57.519333],[119.480369,57.608866],[119.418536,57.397585],[119.68799,57.17955],[119.594536,57.033081],[119.842071,56.900764],[119.677913,56.741978],[119.881064,56.685066],[119.801307,56.618636],[119.958761,56.491912],[120.276656,56.463016],[120.238559,56.426852],[120.38341,56.320411],[120.535543,56.287492],[120.057068,56.158841],[120.124078,55.903402],[120.445048,55.881309],[120.918263,56.032993],[121.172288,56.03478],[121.3371,55.821683],[121.372471,55.524288],[121.564674,55.512919],[121.783127,55.630252],[121.988634,55.508369],[121.952784,55.26144],[122.025009,55.207056],[121.937268,54.986333],[121.65408,54.785015],[121.664389,54.73332],[121.909066,54.80976],[121.934312,54.582113],[122.130359,54.430783],[121.684782,54.394473],[121.737785,54.147825],[121.639916,54.109451],[121.909483,53.85451],[121.959894,53.609553],[122.089752,53.4595],[121.252949,53.292297],[120.875015,53.292694],[120.342578,52.907175],[120.035042,52.779838],[120.074048,52.583964],[120.451618,52.643886],[120.722281,52.543974],[120.623006,52.362116],[120.763545,52.11766],[120.639807,51.920892],[120.080365,51.678319],[119.967993,51.415167],[119.757873,51.216455],[119.738092,51.078108],[119.170245,50.418429],[119.153642,50.368408],[119.351671,50.355882],[119.338112,50.203162],[119.085509,49.985733],[118.58678,49.931809],[117.83658,49.528129],[117.0614,49.6856],[116.2355,50.0356],[115.758173,49.892157],[115.5277,49.9047],[115.2239,49.9884],[114.8567,50.217],[114.3388,50.2827],[113.493,49.9744],[112.836,49.5253],[111.3665,49.3552],[110.7768,49.1774],[110.4099,49.2364],[110.1751,49.1583],[109.5397,49.2258],[109.2057,49.3498],[108.5299,49.3212],[108.3039,49.5294],[107.9753,49.6555],[107.9527,49.8989],[107.754305,49.970584],[107.757909,50.159078],[107.977746,50.324828],[108.657627,50.487669],[108.680113,50.532381],[108.081121,50.730517],[108.243685,50.825785],[108.326277,51.028996],[108.565148,51.132377],[108.384819,51.229772],[108.646363,51.499803],[108.783323,51.438532],[109.097932,51.482048],[109.209389,51.382122],[109.413566,51.366437],[109.412788,51.420846],[110.011605,51.614705],[110.673339,51.512838],[111.050046,51.799005],[111.711901,51.975909],[112.160723,52.302626],[112.391705,52.205542],[112.590424,52.352234],[112.907069,52.3335],[113.289706,52.470528],[113.590714,52.448805],[113.734143,52.573372],[114.077225,52.66203],[114.341688,53.03844],[114.155139,53.071946],[114.207229,53.159116],[113.963299,53.242012],[113.833019,53.412495],[113.876644,53.54936],[113.781009,53.586511],[113.967211,53.644141],[113.975615,53.715794]]]}},{"type":"Feature","properties":{"tzid":"Asia/Colombo"},"geometry":{"type":"Polygon","coordinates":[[[81.4201,6.024231],[80.593767,5.719],[80.16809,5.82],[79.875197,6.118],[79.643392,6.893],[79.490721,8.207],[79.715261,8.855],[79.507071,8.894],[79.533333,9.216667],[79.421989,9.566523],[79.777053,9.943],[80.309547,10.018],[80.948622,9.44],[81.534788,8.584],[81.630096,8.23],[81.96731,7.692],[82.068837,7.318],[82.013842,6.69],[81.85347,6.366],[81.4201,6.024231]]]}},{"type":"Feature","properties":{"tzid":"Asia/Damascus"},"geometry":{"type":"Polygon","coordinates":[[[36.1525,33.855278],[36.396365,33.83357],[36.297222,33.933333],[36.569722,34.141944],[36.56621,34.401322],[36.348568,34.502181],[36.452535,34.592087],[36.346444,34.686958],[35.839611,34.600667],[35.674506,34.685969],[35.614315,34.880293],[35.676169,35.271816],[35.474365,35.617126],[35.663863,36.02091],[36.13767,35.835395],[36.376117,36.016624],[36.392799,36.209862],[36.684661,36.238341],[36.553434,36.467337],[36.668449,36.828527],[36.960069,36.768334],[37.05704,36.646832],[37.45192,36.632193],[38.238146,36.923403],[38.54179,36.849221],[38.749386,36.706454],[39.210106,36.669006],[39.834333,36.762016],[40.777738,37.122104],[41.484903,37.079385],[42.030475,37.181069],[42.191649,37.301936],[42.326686,37.241072],[42.344148,37.044315],[41.979615,36.710223],[41.774304,36.581155],[41.423493,36.527464],[41.317715,36.400715],[41.260282,36.091748],[41.380665,35.654822],[41.219596,35.259049],[41.221713,34.77627],[40.986151,34.415526],[40.236921,34.113954],[36.805496,32.317039],[36.410129,32.376433],[35.804749,32.736687],[35.885784,32.960042],[35.816111,33.370833],[36.037222,33.556111],[35.958647,33.678586],[36.1525,33.855278]],[[38.105474,36.879819],[38.105827,36.879802],[38.105732,36.879021],[38.105474,36.879819]]]}},{"type":"Feature","properties":{"tzid":"Asia/Dhaka"},"geometry":{"type":"MultiPolygon","coordinates":[[[[88.930236,26.302795],[88.921004,26.335092],[88.975726,26.295383],[88.930236,26.302795]]],[[[89.133289,26.322576],[89.13292,26.324349],[89.136577,26.322724],[89.133289,26.322576]]],[[[92.680196,21.285754],[92.584433,21.278362],[92.561461,21.378296],[92.462552,21.365493],[92.361872,21.472855],[92.218684,21.347181],[92.189109,21.196308],[92.429444,20.554944],[92.403122,20.38229],[92.303487,20.369626],[92.138089,20.483785],[92.090655,20.734826],[91.785071,21.257585],[90.762325,21.436398],[89.22768,21.429588],[89.035772,21.77325],[89.070008,22.185719],[88.927667,22.648859],[88.958556,22.858689],[88.847768,23.005431],[88.979429,23.189233],[88.733889,23.243333],[88.791389,23.465278],[88.561234,23.644233],[88.587113,23.849145],[88.7275,23.913611],[88.735278,24.255833],[88.125556,24.508611],[88.007915,24.667824],[88.173346,24.950945],[88.338333,24.866944],[88.443274,25.194111],[88.926192,25.17334],[89.009166,25.296021],[88.866916,25.342607],[88.79637,25.523269],[88.562651,25.513519],[88.260273,25.813524],[88.11811,25.813543],[88.178295,26.124646],[88.505678,26.363691],[88.482364,26.460677],[88.333517,26.478716],[88.397385,26.620995],[88.738339,26.349161],[88.667275,26.275831],[89.052421,26.256015],[88.917238,26.403255],[89.090069,26.392014],[89.153197,26.164362],[89.340011,26.015948],[89.585492,25.992611],[89.684308,26.228247],[89.872563,25.976372],[89.834755,25.29474],[90.44925,25.145063],[92.081944,25.179722],[92.470324,24.961032],[92.483811,24.862672],[92.237719,24.903623],[92.286937,24.718616],[92.232389,24.529504],[92.086705,24.372298],[91.954783,24.352421],[91.916377,24.16504],[91.750973,24.240762],[91.760739,24.140742],[91.677738,24.189059],[91.593004,24.074828],[91.394529,24.106897],[91.153865,23.702412],[91.365797,23.078755],[91.408499,23.268499],[91.543987,22.999899],[91.63574,22.961239],[91.805744,23.067006],[91.76256,23.308693],[91.947198,23.473122],[91.949389,23.719975],[92.029064,23.660386],[92.284518,23.712648],[92.38887,23.278418],[92.374384,22.938204],[92.518684,22.689685],[92.610008,22.144282],[92.680196,21.285754]]]]}},{"type":"Feature","properties":{"tzid":"Asia/Dili"},"geometry":{"type":"MultiPolygon","coordinates":[[[[124.084874,-9.075693],[124.479471,-8.968459],[124.354459,-9.479925],[124.224642,-9.371322],[124.139306,-9.424353],[124.062777,-9.362865],[124.084874,-9.075693]]],[[[127.542867,-8.420645],[127.497947,-8.565944],[127.09256,-8.868956],[126.750281,-8.959932],[126.563417,-9.128926],[125.449949,-9.468041],[125.290274,-9.594551],[125.09409,-9.467658],[124.984776,-9.25006],[125.024411,-9.171499],[125.173452,-9.173551],[125.185127,-9.065093],[125.126304,-8.980145],[124.951863,-9.048521],[124.993173,-8.555568],[125.385165,-8.39604],[125.440101,-8.255915],[125.64869,-8.11716],[125.84199,-8.273962],[126.09487,-8.30511],[126.387883,-8.216121],[127.180728,-8.224821],[127.542867,-8.420645]]]]}},{"type":"Feature","properties":{"tzid":"Asia/Dubai"},"geometry":{"type":"MultiPolygon","coordinates":[[[[53.729845,24.791014],[53.724146,24.801471],[53.736471,24.802904],[53.729845,24.791014]]],[[[53.978338,25.23808],[54.081783,25.414157],[54.238957,25.452393],[54.4056,25.370095],[54.461109,25.2224],[54.372296,25.051362],[54.230246,25.011895],[54.037868,25.089384],[53.978338,25.23808]]],[[[54.456973,25.310693],[54.623956,25.484597],[54.766876,25.453261],[54.85211,25.297867],[54.779418,25.157981],[54.663154,25.125707],[54.532608,25.165617],[54.456973,25.310693]]],[[[56.271977,25.284737],[56.284567,25.266651],[56.271918,25.261182],[56.271977,25.284737]]],[[[53.627471,24.578432],[54.014153,24.554849],[54.904421,25.226069],[55.096925,25.52444],[55.76817,25.925981],[55.887665,26.150745],[56.174613,26.022075],[56.196111,25.639167],[56.549221,25.692716],[56.574255,25.633564],[56.594742,25.039844],[56.351232,24.976237],[56.119556,24.734278],[55.999693,24.855525],[56.039389,24.971263],[55.961137,25.005631],[55.812858,24.910696],[55.764822,24.529654],[55.833991,24.349058],[55.768062,24.262364],[55.948442,24.222076],[56.017398,24.066467],[55.503236,23.958043],[55.556842,23.605647],[55.240615,23.126074],[55.218643,22.753353],[55.137338,22.631621],[52.586125,22.938621],[51.597816,24.118413],[51.589945,24.25357],[51.430009,24.419088],[51.832865,24.768513],[51.829638,24.716355],[52.02542,24.75828],[52.091767,24.610418],[52.324237,24.743307],[52.366218,25.012414],[52.631607,24.991891],[52.649131,25.124818],[52.87661,25.363829],[53.05744,25.284507],[53.098293,25.098246],[53.299207,24.945121],[53.302558,24.814344],[53.503303,24.750238],[53.627471,24.578432]],[[56.224107,25.263211],[56.276054,25.337299],[56.344231,25.263878],[56.224107,25.263211]]]]}},{"type":"Feature","properties":{"tzid":"Asia/Dushanbe"},"geometry":{"type":"MultiPolygon","coordinates":[[[[69.545515,40.076914],[69.548126,40.06174],[69.542694,40.064392],[69.545515,40.076914]]],[[[70.550356,40.989911],[70.567095,41.005796],[70.65672,40.926639],[70.550356,40.989911]]],[[[70.704275,39.833053],[70.625675,39.778231],[70.543814,39.842416],[70.704275,39.833053]]],[[[70.626668,39.587713],[70.836024,39.392594],[71.511029,39.610615],[71.592214,39.450378],[71.794839,39.435066],[71.785097,39.293723],[72.025788,39.354443],[72.271141,39.189482],[72.337354,39.327724],[72.486193,39.378129],[73.230662,39.35771],[73.554111,39.458695],[73.527031,39.311224],[73.833891,39.013001],[73.825398,38.917153],[73.699933,38.87982],[73.815273,38.608386],[73.998241,38.521877],[74.211847,38.619976],[74.695378,38.420733],[74.702799,38.224674],[74.803239,38.1929],[75.003507,37.783249],[74.899691,37.673701],[74.933171,37.57975],[75.126497,37.44635],[75.113328,37.348106],[74.913496,37.235933],[74.763911,37.366594],[74.383728,37.417164],[73.740176,37.226896],[73.643792,37.242939],[73.772451,37.421751],[73.306647,37.463611],[72.820561,37.232649],[72.672014,37.029474],[72.318952,36.977623],[71.864527,36.69492],[71.660441,36.683061],[71.430743,37.068489],[71.587878,37.892662],[71.510276,37.952333],[71.25844,37.922712],[71.374043,38.254644],[70.998218,38.48692],[70.699023,38.420281],[70.501471,38.134969],[70.213192,37.931309],[70.299887,37.730099],[70.151901,37.534949],[69.924606,37.611339],[69.525932,37.588527],[69.36421,37.399116],[69.471107,37.256836],[69.322583,37.117773],[69.223047,37.109055],[68.883889,37.334444],[68.919722,37.295],[68.671389,37.275556],[68.026683,36.926047],[67.793223,37.103977],[67.863237,37.637575],[67.999142,37.695866],[68.128256,37.91547],[68.2742,37.917684],[68.404055,38.184534],[68.089135,38.391785],[68.074316,38.68562],[68.176931,38.945239],[68.105664,39.016786],[67.69954,39.002787],[67.598535,39.181549],[67.365024,39.228121],[67.475827,39.360414],[67.421606,39.503567],[67.489261,39.578371],[67.805737,39.653084],[68.516761,39.531357],[68.63798,39.813206],[68.793861,39.864313],[68.816578,39.96805],[68.906283,39.880701],[68.857171,40.050302],[69.023641,40.136825],[68.638496,40.077272],[68.531026,40.11777],[68.567332,40.152648],[69.270794,40.201533],[69.337609,40.320398],[69.216168,40.538138],[69.347428,40.613763],[69.353949,40.767916],[69.494081,40.79669],[69.736565,40.63719],[70.375045,40.907897],[70.430017,41.037056],[70.768999,40.700411],[70.329202,40.456732],[70.350471,40.408698],[70.558007,40.352708],[70.606079,40.205698],[70.891981,40.219859],[70.868635,40.17329],[70.642443,40.083846],[70.561125,39.957544],[70.512297,40.087166],[69.963785,40.225071],[69.51844,40.080154],[69.501739,39.934284],[69.378524,39.993731],[69.280398,39.789161],[69.338837,39.549903],[69.442134,39.531585],[70.626668,39.587713]]]]}},{"type":"Feature","properties":{"tzid":"Asia/Famagusta"},"geometry":{"type":"MultiPolygon","coordinates":[[[[33.959882,35.074276],[33.479306,35.027372],[33.386205,35.201778],[32.853747,35.081196],[32.70698,35.154928],[32.678969,35.453037],[32.853122,35.598135],[33.553453,35.562032],[34.575731,35.911748],[34.805491,35.83212],[34.852813,35.681406],[34.758803,35.517909],[33.959882,35.074276]]],[[[32.628206,35.189404],[32.487151,35.372111],[32.560064,35.389209],[32.628206,35.189404]]]]}},{"type":"Feature","properties":{"tzid":"Asia/Gaza"},"geometry":{"type":"Polygon","coordinates":[[[34.215898,31.326361],[34.054691,31.466843],[34.295634,31.705435],[34.565431,31.533243],[34.298911,31.244423],[34.215898,31.326361]]]}},{"type":"Feature","properties":{"tzid":"Asia/Hebron"},"geometry":{"type":"Polygon","coordinates":[[[35.186803,31.721233],[35.259716,31.755247],[35.225975,31.851136],[34.990125,31.830374],[35.038634,31.90793],[34.957572,32.187333],[35.065685,32.449322],[35.242697,32.53114],[35.556328,32.357959],[35.482112,31.53591],[35.208474,31.371952],[34.898136,31.363211],[34.956657,31.598671],[35.186803,31.721233]]]}},{"type":"Feature","properties":{"tzid":"Asia/Ho_Chi_Minh"},"geometry":{"type":"MultiPolygon","coordinates":[[[[114.552484,10.101774],[114.753164,9.973711],[114.690151,9.746551],[114.483582,9.614194],[114.320149,9.779858],[114.094916,9.652468],[114.089661,9.888357],[114.327639,10.053185],[114.285787,10.350427],[114.428539,10.294795],[114.447036,10.526949],[114.686137,10.584087],[114.552484,10.101774]],[[114.552484,10.101774],[114.481985,9.709483],[114.392851,10.045144],[114.552484,10.101774]]],[[[107.467261,16.024661],[107.19644,16.144201],[107.096129,16.305171],[106.993785,16.30805],[106.848751,16.544858],[106.71048,16.433629],[106.5836,16.6038],[106.518947,16.904846],[106.549188,16.997062],[106.774739,16.944982],[107.123373,17.321321],[107.290302,17.360594],[107.491699,17.3077],[109.355251,15.411189],[109.670985,12.66055],[109.283991,9.938542],[109.21181,9.811319],[106.699124,8.443098],[104.832445,8.183141],[103.344509,9.078572],[103.052243,9.411096],[103.960899,10.074506],[103.805174,10.366955],[103.959216,10.465031],[104.106061,10.365634],[104.071012,10.154808],[104.590528,10.529667],[104.891369,10.542677],[105.083279,10.712941],[105.078837,10.943574],[105.328803,10.864965],[105.429961,10.973132],[105.776196,11.032077],[105.896109,10.845577],[106.181674,10.797152],[106.173331,11.076138],[105.864623,11.289338],[105.837126,11.637859],[105.972034,11.659909],[106.051725,11.78054],[106.430253,11.673136],[106.417212,11.965327],[106.712624,11.969012],[106.809027,12.08126],[107.002378,12.09864],[107.17093,12.279795],[107.311598,12.331905],[107.428632,12.246241],[107.533952,12.345431],[107.577347,12.687292],[107.487377,12.967573],[107.618214,13.521397],[107.344537,14.107032],[107.558521,14.697991],[107.508039,14.784422],[107.579734,14.855613],[107.467868,15.007547],[107.612547,15.047447],[107.631736,15.324065],[107.621227,15.417431],[107.378922,15.501296],[107.227145,15.7931],[107.467261,16.024661]]],[[[114.400156,11.216317],[114.145993,11.257994],[114.097291,11.397128],[114.160122,11.531689],[114.479972,11.305475],[114.400156,11.216317]]],[[[111.471754,8.666755],[111.563668,8.837076],[111.9527,8.841404],[112.10457,9.031766],[112.335902,9.130095],[112.663462,9.027698],[112.789185,8.669355],[112.16347,8.647982],[112.050086,8.489915],[111.90787,8.444946],[111.568766,8.499143],[111.471754,8.666755]]],[[[113.095773,8.227688],[113.331102,8.467791],[113.475138,8.429805],[113.553422,8.304298],[113.346871,7.915639],[113.153524,7.890184],[112.993109,7.705246],[112.844184,7.707242],[112.737351,7.810066],[112.731012,7.957463],[112.828632,8.068848],[113.023436,8.063533],[113.095773,8.227688]]],[[[114.203021,8.912868],[114.336396,8.845392],[114.386103,8.706121],[114.325411,8.571119],[114.187498,8.514227],[113.557336,8.783399],[113.454823,8.99616],[113.534895,9.120754],[113.730159,9.172334],[114.203021,8.912868]]],[[[114.453052,8.856799],[114.507947,8.994099],[114.643317,9.056596],[114.785159,9.010163],[114.85593,8.880154],[114.816942,8.737601],[114.689507,8.660459],[114.543293,8.690946],[114.453052,8.856799]]],[[[114.061329,10.087432],[114.00526,9.890713],[113.876185,9.815298],[113.729862,9.84811],[113.646623,9.97111],[113.673418,10.178809],[113.779969,10.2828],[113.975237,10.262688],[114.061329,10.087432]]]]}},{"type":"Feature","properties":{"tzid":"Asia/Hong_Kong"},"geometry":{"type":"MultiPolygon","coordinates":[[[[113.945217,22.490717],[113.940245,22.494707],[113.945559,22.500646],[113.945217,22.490717]]],[[[114.060833,22.514365],[114.433986,22.562002],[114.502444,22.148472],[113.833173,22.183333],[113.869111,22.428806],[114.060833,22.514365]]]]}},{"type":"Feature","properties":{"tzid":"Asia/Hovd"},"geometry":{"type":"Polygon","coordinates":[[[93.429497,48.424298],[93.490006,48.325802],[93.421876,48.153739],[93.182357,47.965626],[93.604268,47.676212],[93.572309,47.520229],[94.057919,47.24664],[94.306831,46.778676],[93.931596,46.724489],[93.78901,46.60478],[93.50105,46.59878],[93.624196,46.347704],[93.364394,45.862416],[93.113114,45.742503],[93.204456,45.00248],[91.690864,45.062033],[91.108653,45.210635],[90.879718,45.189479],[90.677418,45.480692],[90.715013,45.727618],[91.021993,46.022309],[90.891566,46.312701],[91.053044,46.531589],[91.039485,46.729652],[90.905685,46.946219],[90.760331,46.994685],[90.494642,47.306474],[90.349288,47.673855],[90.104113,47.751444],[90.033098,47.873944],[89.794322,47.83399],[89.551663,48.035138],[89.091365,47.986795],[88.633412,48.185047],[88.568859,48.357162],[87.964611,48.587935],[88.075333,48.69351],[87.79398,48.821926],[87.752783,48.914519],[87.891918,48.976751],[87.830875,49.148952],[88.147573,49.282453],[88.189462,49.456874],[88.5992,49.5009],[88.827338,49.444566],[88.9254,49.5447],[89.0027,49.4705],[89.116974,49.498472],[89.2197,49.5422],[89.2058,49.6367],[89.36,49.5844],[89.705,49.7234],[89.603936,49.908934],[89.986477,49.97854],[90.0023,50.0542],[90.4834,50.2282],[90.6993,50.2265],[90.7437,50.3245],[90.9696,50.4294],[91.4094,50.4506],[91.454903,50.548525],[91.799324,50.720305],[92.266693,50.728706],[92.364507,50.883489],[92.646672,50.704484],[92.8231,50.8092],[93.0231,50.7779],[92.977585,50.679021],[93.103509,50.587801],[94.240407,50.58776],[94.340183,50.502561],[94.387235,50.225663],[94.60842,50.055724],[95.497013,49.91089],[95.411682,49.717896],[95.468574,49.516215],[95.725991,49.358711],[95.574859,49.161851],[95.517548,48.870694],[95.068741,48.690644],[94.096999,48.789116],[93.740784,48.66507],[93.667831,48.529591],[93.429497,48.424298]]]}},{"type":"Feature","properties":{"tzid":"Asia/Irkutsk"},"geometry":{"type":"Polygon","coordinates":[[[115.733436,56.961914],[115.597857,56.884474],[115.559161,56.695804],[115.417727,56.623377],[115.683588,56.569459],[115.796558,56.441926],[115.694569,56.421491],[115.672356,56.322381],[115.804248,56.171533],[115.751062,56.05051],[115.893134,55.897149],[115.83474,55.815816],[115.881552,55.491683],[115.99222,55.357141],[116.389662,55.366274],[116.493639,55.219908],[116.843098,55.02947],[116.911189,54.857777],[116.742451,54.580903],[116.53213,54.468411],[116.281351,54.50665],[115.624497,54.415961],[115.179575,54.200295],[114.98526,53.997979],[113.829338,53.631418],[113.852202,53.384871],[113.947686,53.345174],[113.95908,53.243744],[114.350204,53.053596],[114.143554,52.714774],[113.609356,52.476711],[113.151961,52.453594],[112.922435,52.329729],[112.565257,52.348545],[112.410151,52.215326],[112.08219,52.283812],[111.727668,51.996066],[111.063693,51.801886],[110.710466,51.516555],[110.059825,51.62051],[109.244183,51.369715],[109.08144,51.491623],[108.625228,51.491404],[108.391778,51.274422],[108.563019,51.145797],[108.529794,51.1019],[108.326799,51.030025],[108.275611,50.840042],[108.08128,50.774762],[108.158612,50.667521],[108.688903,50.519701],[107.967478,50.321496],[107.743272,50.157838],[107.775191,49.983838],[107.249055,49.992185],[106.820841,50.295144],[106.248725,50.307432],[105.844227,50.440396],[105.27759,50.466126],[104.426268,50.307419],[104.155451,50.148524],[103.840912,50.196089],[103.71414,50.12721],[103.25629,50.192893],[103.217348,50.321015],[102.957328,50.305958],[102.658468,50.398499],[102.211017,50.83706],[102.103169,51.369454],[101.507009,51.501893],[101.40539,51.453243],[100.549766,51.737068],[99.90048,51.755922],[99.784465,51.914367],[99.269205,51.970187],[98.693232,52.284542],[98.63077,52.416916],[98.960271,52.716506],[98.851743,52.792895],[98.924019,52.925839],[99.169617,52.864592],[99.2722,52.938765],[99.033717,53.016628],[98.995115,53.112698],[98.323598,53.099129],[98.277986,53.220054],[98.03017,53.247137],[97.942204,53.348148],[97.59245,53.374667],[97.299921,53.581059],[96.894891,53.720242],[96.52522,53.673599],[96.07062,53.98558],[96.054867,54.083357],[95.658587,54.266279],[95.707201,54.40383],[95.904345,54.389845],[96.072028,54.574111],[96.525017,54.526012],[96.704396,54.877517],[96.604101,55.038473],[96.688611,55.208609],[96.917649,55.30233],[96.776845,55.772529],[96.959621,55.85316],[97.153576,56.109526],[97.359519,56.03207],[97.419925,56.154115],[97.566071,56.187517],[97.55702,56.376301],[97.879988,56.37536],[97.880297,56.521743],[97.746206,56.62958],[97.749269,56.798217],[97.540752,56.784661],[97.476173,56.860556],[97.660171,56.956088],[97.383541,57.024656],[97.959985,57.830858],[98.760901,57.79336],[98.891316,57.715111],[99.440023,57.793743],[99.703265,58.08447],[100.058822,58.07403],[100.077466,57.951322],[100.343911,57.749019],[100.4306,57.535241],[100.756835,57.400793],[100.940017,57.464484],[100.95184,57.564339],[100.819302,57.631994],[100.900202,57.759597],[100.855324,57.845449],[101.117072,57.964672],[101.108913,58.089699],[101.52235,58.238916],[101.744732,58.431608],[102.187326,58.519152],[102.523837,58.710272],[102.579708,58.78752],[102.444317,58.982288],[102.4687,59.156221],[102.811898,59.196],[103.028682,59.31476],[103.316937,59.269608],[103.359844,59.2414],[103.251519,59.191745],[103.602761,58.938276],[103.901678,58.921435],[103.985352,58.865145],[103.949987,58.722397],[104.080723,58.785015],[104.373199,58.727418],[104.481791,58.614967],[104.866128,58.71955],[104.800524,58.868098],[105.334839,59.099063],[105.334604,59.193336],[105.212929,59.288278],[105.242971,59.433459],[105.000674,59.460772],[104.769438,59.683163],[104.997437,59.765748],[104.978826,59.842216],[105.067878,59.876598],[105.465904,59.84272],[105.435864,59.938344],[105.505005,60.003026],[105.434507,60.134776],[105.497283,60.215153],[105.324678,60.299431],[104.869555,60.310077],[104.648072,60.415338],[104.522202,60.600718],[104.609365,60.722125],[104.481507,60.854247],[104.631904,60.903321],[104.624084,61.076404],[105.001556,61.189874],[104.932625,61.320797],[104.82082,61.335813],[104.907682,61.389106],[105.263814,61.422847],[105.634307,61.642528],[105.978008,61.689634],[105.930965,61.85855],[106.393259,62.042079],[106.441403,62.222401],[106.357332,62.276932],[106.7177,62.492662],[106.729767,62.647691],[106.477051,62.696658],[106.439226,62.854402],[106.189456,62.921903],[106.128971,63.058484],[106.380894,63.122042],[106.425557,63.209004],[106.357686,63.284957],[106.428736,63.361332],[106.627353,63.318768],[106.714747,63.372681],[106.484171,63.534749],[106.687449,63.660164],[106.604924,63.719255],[106.787925,63.887577],[106.619719,63.9823],[106.654012,64.020448],[107.050502,63.926427],[107.297483,63.978012],[107.42173,63.895157],[107.724729,64.009818],[108.285131,64.013765],[108.386811,64.046963],[108.283257,64.218863],[108.092278,64.245967],[108.425185,64.3215],[108.563277,64.258179],[108.545556,64.155205],[108.75854,64.017614],[108.781391,63.897133],[108.650951,63.821556],[108.301919,63.845114],[108.276448,63.699103],[108.135881,63.607747],[109.04719,63.580646],[109.423921,63.342452],[109.496768,62.982796],[109.661222,62.868351],[109.272363,62.55127],[109.48593,62.42621],[109.91093,62.437021],[109.976218,62.328178],[109.986232,62.197872],[109.866241,62.059404],[109.589229,61.918344],[109.597852,61.751678],[109.856501,61.526111],[109.7654,61.335857],[110.070559,61.286973],[110.239538,61.167933],[110.541409,61.15564],[110.494208,61.02053],[110.256918,60.827923],[110.269314,60.690125],[110.058644,60.684221],[110.130227,60.612412],[109.72391,60.236052],[109.723579,60.007067],[109.487109,59.770841],[109.500006,59.640092],[109.287804,59.489951],[109.271141,59.347985],[109.468961,59.310018],[109.627085,59.074661],[110.272656,58.993217],[110.5118,59.0696],[110.690189,59.270566],[111.175597,59.208369],[111.420486,59.290955],[111.664134,59.230443],[111.962917,59.304854],[112.297246,59.526487],[112.336859,59.439098],[112.269843,59.307977],[112.521975,59.348222],[112.636569,59.275009],[112.465576,59.17798],[112.483634,58.890577],[112.597317,58.989519],[112.511365,59.049287],[112.605654,59.107825],[112.720105,59.051271],[112.941778,59.157447],[113.289862,59.163762],[113.520662,59.339019],[113.434213,59.396333],[113.601841,59.507036],[113.589432,59.592074],[114.213659,59.783418],[114.555361,59.98831],[114.527813,60.07508],[114.606171,60.145033],[114.996385,60.221999],[115.22417,60.492763],[115.690655,60.54652],[116.581845,60.382903],[116.613782,60.300612],[116.903169,60.205386],[116.990337,60.057101],[117.34719,60.024205],[117.041665,59.9509],[117.204237,59.87589],[117.203641,59.677859],[117.123852,59.615794],[117.242167,59.520397],[117.596394,59.48191],[117.77047,59.565891],[117.807418,59.469421],[117.910902,59.450703],[118.052115,59.642408],[118.256531,59.649346],[118.388426,59.513459],[118.737944,59.435894],[118.83137,59.321504],[118.680111,59.195309],[118.737775,59.05236],[118.866686,58.987872],[118.754795,58.906598],[118.865502,58.811579],[118.783216,58.64634],[119.111813,58.518275],[119.123517,58.250742],[118.671449,58.179674],[118.246658,58.397908],[117.715988,58.414164],[117.48139,58.328472],[117.590934,58.162812],[117.442982,58.171232],[117.426452,57.942418],[117.351771,57.871974],[117.101686,57.842119],[117.151685,57.675966],[117.296717,57.639161],[117.26953,57.509854],[117.446029,57.268114],[117.768173,57.325154],[117.742164,57.228117],[117.597709,57.176539],[117.650685,57.004051],[117.54104,56.872531],[117.413367,56.850245],[117.307654,56.953167],[116.76131,56.740957],[116.342559,56.865653],[116.091832,56.8283],[115.733436,56.961914]]]}},{"type":"Feature","properties":{"tzid":"Asia/Jakarta"},"geometry":{"type":"Polygon","coordinates":[[[106.050951,-7.456589],[105.10528,-6.988454],[103.833314,-5.456361],[102.387835,-5.710119],[102.108665,-5.654269],[99.844738,-2.964457],[98.705902,-1.781805],[97.186809,0.639479],[96.86824,1.313133],[95.208059,2.886009],[95.162616,4.836192],[94.771712,5.79699],[95.006546,6.244443],[95.248227,6.228276],[95.973624,5.687362],[96.856262,5.474362],[97.602074,5.419428],[98.046416,5.042904],[98.41708,4.583718],[99.59009,3.956239],[103.00179,1.345418],[103.740448,1.12854],[104.032561,1.2627],[104.43595,1.26801],[104.57167,1.4435],[104.775339,1.341183],[105.368187,2.310653],[105.179678,2.749936],[105.443128,3.235611],[107.295481,4.219881],[107.762912,4.847821],[107.928694,4.97699],[108.131876,4.963605],[109.087185,3.131846],[109.7127,2.31472],[109.284549,2.240892],[108.961246,2.054931],[108.269431,1.04187],[108.138652,0.468988],[108.25929,-1.024289],[108.533772,-2.009073],[109.387768,-2.067155],[109.389795,-2.420267],[109.069791,-4.038794],[110.15255,-4.636698],[113.991131,-5.188271],[114.569983,-4.962731],[116.48418,-5.413892],[116.343821,-7.56011],[114.940578,-7.462796],[114.640455,-7.745848],[114.450624,-8.065869],[114.423837,-8.317852],[114.553804,-8.515231],[114.775299,-8.640124],[114.932466,-9.030136],[113.264466,-8.705804],[111.472365,-8.56663],[110.666379,-8.395478],[109.401129,-7.977381],[108.31038,-8.018844],[107.801445,-7.937547],[106.050951,-7.456589]]]}},{"type":"Feature","properties":{"tzid":"Asia/Jayapura"},"geometry":{"type":"Polygon","coordinates":[[[135.589892,-5.28083],[135.042197,-5.680382],[135.110067,-6.371024],[134.981524,-6.883678],[134.801249,-7.188323],[134.560794,-7.301139],[134.416998,-7.283192],[132.89438,-6.287156],[131.866521,-7.807124],[131.394766,-8.231999],[130.86348,-8.538836],[129.822042,-8.426275],[128.53359,-8.551349],[127.542867,-8.420645],[127.244128,-8.240152],[126.996626,-8.198886],[125.825332,-8.253802],[125.670072,-8.125473],[125.537155,-8.181186],[125.596191,-4.729002],[124.961924,-3.762846],[124.961924,-2.795617],[124.400629,-2.560815],[123.92323,-1.461553],[124.869435,-0.553412],[125.522474,0.25298],[125.526076,0.937001],[125.911966,1.740634],[127.087383,2.904694],[127.754,3.407596],[128.718789,2.782657],[128.898688,2.436434],[128.934937,1.628112],[129.274864,0.912568],[130.65577,0.745814],[131.115301,1.226815],[131.310299,1.281634],[131.425366,1.211625],[132.27168,-0.140157],[132.650878,-0.157303],[134.168526,1.093537],[134.446584,1.102157],[135.409743,-0.23947],[136.471443,-0.885499],[138.807953,-1.396741],[140.244064,-2.142926],[141.013022,-2.402204],[141,-6.322308],[140.843878,-6.609871],[140.916104,-6.870973],[141.000856,-6.890377],[141.019444,-9.135556],[140.866667,-9.383333],[139.411372,-8.487751],[138.914565,-8.63623],[137.653252,-8.657365],[137.516242,-8.593516],[137.442004,-8.459281],[137.493819,-8.154968],[138.168746,-6.402593],[137.907425,-6.11391],[137.574684,-5.539716],[136.676877,-5.089815],[136.14822,-4.873256],[135.589892,-5.28083]]]}},{"type":"Feature","properties":{"tzid":"Asia/Jerusalem"},"geometry":{"type":"Polygon","coordinates":[[[35.566401,32.601197],[35.551312,31.775008],[35.406638,31.28147],[35.456197,31.128294],[35.205857,30.585023],[35.151569,30.082613],[34.933619,29.466837],[34.27438,31.200689],[34.560595,31.529287],[34.295634,31.705435],[34.494663,32.029446],[34.728754,32.88647],[34.882567,33.172036],[35.388579,33.061178],[35.525229,33.124111],[35.563368,33.271982],[35.813197,33.31696],[35.845668,32.853098],[35.566401,32.601197]],[[35.081855,32.386758],[35.200356,32.361288],[35.120542,32.300849],[35.081855,32.386758]],[[35.045495,32.330716],[35.063312,32.317452],[35.020924,32.302264],[35.045495,32.330716]],[[35.163407,32.091605],[35.243293,32.040592],[35.106789,32.022873],[35.163407,32.091605]],[[35.247839,32.206643],[35.208682,32.244403],[35.300431,32.22566],[35.247839,32.206643]],[[34.981495,32.193065],[34.982649,32.180218],[34.960138,32.189967],[34.981495,32.193065]],[[35.40652,32.346874],[35.301465,32.257616],[35.206657,32.278464],[35.208644,32.480885],[35.356105,32.457034],[35.40652,32.346874]],[[35.116371,31.581559],[35.092541,31.568866],[35.092882,31.585947],[35.116371,31.581559]],[[35.172654,31.554556],[35.243236,31.539642],[35.207246,31.471724],[35.172654,31.554556]],[[35.14025,31.421301],[35.065053,31.3784],[35.044599,31.429904],[35.121949,31.474028],[35.14025,31.421301]],[[35.179239,31.925982],[35.220152,31.900684],[35.161999,31.896065],[35.179239,31.925982]],[[35.252745,31.699752],[35.286823,31.729823],[35.271608,31.674887],[35.252745,31.699752]],[[35.235182,31.69098],[35.210343,31.666804],[35.184163,31.719288],[35.235182,31.69098]],[[35.506187,31.844229],[35.392941,31.884532],[35.468545,31.947675],[35.506187,31.844229]],[[35.468925,31.958888],[35.462733,31.946226],[35.446699,31.944742],[35.468925,31.958888]],[[35.486086,31.971149],[35.497305,31.937694],[35.470922,31.958281],[35.486086,31.971149]],[[35.005889,31.526123],[35.10519,31.510936],[34.955252,31.403393],[35.005889,31.526123]]]}},{"type":"Feature","properties":{"tzid":"Asia/Kabul"},"geometry":{"type":"Polygon","coordinates":[[[74.153365,36.898165],[74.035946,36.827236],[73.865276,36.915173],[73.069372,36.885532],[72.246562,36.752436],[72.2091,36.665091],[71.818282,36.508044],[71.810146,36.40867],[71.673102,36.471701],[71.256843,36.133478],[71.199168,36.050868],[71.36908,35.96811],[71.53441,35.73403],[71.50758,35.64041],[71.65133,35.45091],[71.56956,35.27722],[71.65642,35.17539],[71.011032,34.533938],[71.15864,34.36401],[71.04864,34.0512],[70.46379,33.94449],[69.9243,34.03787],[69.88293,33.91724],[69.989309,33.747998],[70.13639,33.7252],[70.17141,33.53897],[70.32572,33.35094],[69.90401,33.10309],[69.614038,33.10029],[69.495923,33.012731],[69.50151,32.88347],[69.39647,32.78421],[69.42847,32.64312],[69.24499,32.43288],[69.310036,32.29766],[69.294454,31.914335],[68.93485,31.60763],[68.83286,31.60531],[68.57552,31.83424],[68.432607,31.762182],[68.54687,31.75532],[68.49809,31.74093],[68.1465,31.80447],[67.9978,31.65636],[67.58516,31.52365],[67.634316,31.406031],[67.79117,31.34096],[67.31347,31.20282],[66.941701,31.301881],[66.723729,31.196535],[66.60447,31.001949],[66.390545,30.930273],[66.288151,30.576828],[66.352563,30.398488],[66.230903,30.073397],[66.373136,29.971308],[66.268364,29.863412],[65.065071,29.52943],[64.472742,29.567703],[64.109815,29.379067],[63.576675,29.487106],[62.471042,29.389587],[60.872855,29.858546],[61.782535,30.81793],[61.829373,31.055865],[61.720451,31.361905],[60.856057,31.486519],[60.818752,32.011724],[60.882921,32.197736],[60.597884,33.095297],[60.634055,33.228141],[60.945904,33.513494],[60.626203,33.582154],[60.546894,33.73141],[60.528305,34.115377],[60.696298,34.310742],[60.882301,34.303396],[60.741861,34.510827],[60.968087,34.619934],[61.04668,34.770875],[61.098411,35.245611],[61.184906,35.291776],[61.295949,35.617435],[61.590712,35.436614],[62.035599,35.440322],[62.248911,35.302082],[62.301217,35.159657],[62.501344,35.271357],[62.739182,35.250188],[63.092579,35.420691],[63.096507,35.612011],[63.249035,35.691397],[63.111466,35.830342],[64.036312,36.013415],[64.163579,36.160437],[64.488216,36.275191],[64.636311,36.442278],[64.618753,36.634198],[64.797659,36.921782],[64.75526,37.112644],[65.123696,37.244185],[65.519161,37.236552],[65.643657,37.329439],[65.699409,37.533311],[66.322258,37.320388],[66.945062,37.398001],[67.304817,37.194039],[67.51681,37.265154],[67.740548,37.209345],[68.022476,36.925707],[68.723056,37.270556],[68.821667,37.245],[68.883889,37.334444],[69.315672,37.116117],[69.468624,37.247998],[69.36421,37.39967],[69.529756,37.591447],[69.940723,37.608061],[70.170704,37.530518],[70.302604,37.690849],[70.177776,37.898276],[70.478284,38.109631],[70.674086,38.404617],[70.997804,38.487818],[71.355096,38.271375],[71.26698,37.941177],[71.58993,37.890192],[71.431509,37.056939],[71.668214,36.675689],[71.871916,36.704549],[72.325706,36.981302],[72.677444,37.036364],[72.789685,37.208932],[73.326762,37.466143],[73.775893,37.440094],[73.773255,37.34114],[73.635437,37.282935],[73.754495,37.224009],[74.192562,37.335477],[74.240883,37.414945],[74.678643,37.392595],[74.884185,37.258631],[74.535372,37.242588],[74.482208,37.163161],[74.526254,37.000872],[74.153365,36.898165]]]}},{"type":"Feature","properties":{"tzid":"Asia/Kamchatka"},"geometry":{"type":"MultiPolygon","coordinates":[[[[168.205447,54.778864],[168.435633,54.551472],[168.424779,54.430843],[168.283561,54.328839],[168.007106,54.302223],[167.288068,54.625442],[167.073332,54.891202],[167.236426,55.054388],[167.506983,55.078964],[168.205447,54.778864]]],[[[165.73303,55.516443],[166.068053,55.557964],[166.576452,55.423402],[166.688015,55.15155],[166.971104,54.930774],[166.976106,54.585993],[166.763051,54.486566],[166.499195,54.505493],[165.511336,55.091395],[165.421746,55.349421],[165.73303,55.516443]]],[[[171.086826,62.289552],[171.25241,62.38048],[171.49453,62.30165],[172.097743,62.464769],[172.320421,62.374693],[172.568227,62.442588],[172.854532,62.347644],[173.687679,62.542968],[173.904707,62.434746],[174.152614,62.429688],[174.040809,62.28719],[174.200248,62.073274],[174.452103,62.022957],[174.491745,61.654011],[173.359451,61.214858],[172.380324,60.698916],[171.387513,60.377976],[171.018162,60.187253],[170.747442,59.850603],[170.556745,59.764342],[170.260307,59.726678],[169.899018,59.807545],[169.629077,59.959393],[169.382605,60.231086],[169.062609,60.356685],[168.326666,60.385267],[167.163591,60.073711],[164.920127,58.73363],[163.887023,58.353033],[163.693414,57.710429],[163.646722,56.685256],[163.728154,56.15617],[163.350917,55.888761],[162.446727,54.648903],[161.973009,54.359345],[160.264606,52.939949],[158.82208,52.171407],[158.13489,51.485926],[156.933603,50.743652],[156.802883,50.685637],[156.269359,51.185799],[156.166601,51.520247],[156.131232,52.160403],[155.814585,52.836619],[155.215243,55.232256],[155.3041,56.009415],[155.606696,56.678948],[155.816953,56.924084],[156.165676,57.092619],[156.136737,57.253988],[156.210496,57.362817],[156.585045,57.437282],[156.624793,57.499148],[156.401686,57.716507],[156.551974,57.918972],[156.917381,58.052089],[157.202167,58.0321],[157.563597,58.206694],[157.962971,58.184506],[158.726137,58.53338],[159.198343,58.835476],[159.527695,59.230884],[160.189857,59.680736],[160.879949,59.943613],[161.411833,60.318938],[161.075663,60.39451],[162.002116,60.866829],[162.453429,61.643263],[162.448811,61.789037],[162.288765,61.930743],[162.536275,61.999437],[162.480589,62.089679],[162.201172,62.140748],[162.786235,62.311785],[162.691615,62.558896],[162.82743,62.66117],[162.271921,62.911761],[162.304371,63.06453],[162.768446,63.190607],[162.685327,63.345361],[162.956555,63.476401],[162.982955,63.63175],[162.723658,63.819938],[162.954211,63.922905],[162.801889,64.103381],[163.002176,64.186505],[163.170933,64.157567],[163.472315,64.351998],[163.183872,64.570903],[163.264824,64.693339],[163.133958,64.770149],[163.175649,64.803514],[163.543312,64.927777],[163.886556,64.85271],[164.230443,64.935314],[164.87984,64.685433],[164.982021,64.674924],[165.013585,64.817611],[165.166271,64.844348],[165.740776,64.716267],[165.864497,64.550252],[166.166728,64.613381],[166.982466,64.535121],[167.226815,64.622387],[167.686162,64.320413],[168.484837,64.316648],[168.807197,64.168302],[168.882158,63.996731],[169.385141,63.94025],[169.423456,63.851612],[169.571695,63.807671],[169.615884,63.68173],[169.515927,63.563394],[168.838312,63.30736],[168.725279,63.178634],[168.48781,63.106477],[168.522746,63.067891],[168.919284,62.946218],[169.126646,62.975208],[169.677317,62.706219],[170.070611,62.656408],[170.002809,62.544798],[170.235389,62.292237],[171.086826,62.289552]]]]}},{"type":"Feature","properties":{"tzid":"Asia/Karachi"},"geometry":{"type":"Polygon","coordinates":[[[76.683033,34.744827],[76.494606,34.794199],[76.143074,34.635868],[76.055774,34.687764],[75.753704,34.5181],[74.360478,34.787141],[74.146845,34.658692],[73.953117,34.662688],[73.951604,34.569379],[73.760912,34.385054],[73.939008,34.336531],[74.006194,34.226309],[73.897134,34.056804],[74.27715,33.969391],[73.98216,33.734233],[73.99024,33.633623],[74.159624,33.533033],[74.186997,33.387763],[74.000296,33.236509],[74.317905,33.031944],[74.314522,32.928537],[74.483942,32.769174],[74.629564,32.753899],[74.677209,32.832456],[74.68552,32.491324],[75.071721,32.479243],[75.373167,32.23662],[75.241835,32.09392],[74.898666,32.051618],[74.518135,31.742053],[74.642937,31.436614],[74.540034,31.331571],[74.510397,31.132078],[74.695919,31.074148],[74.431021,30.94217],[73.98203,30.503973],[73.90492,30.375561],[73.951568,30.181886],[73.418043,29.953738],[73.269515,29.550428],[72.938238,29.024944],[72.366091,28.744946],[72.206632,28.394757],[71.925708,28.112853],[71.892064,27.959741],[70.857229,27.707572],[70.751458,27.732488],[70.570313,28.019106],[70.405717,28.015856],[69.586829,27.183251],[69.499329,26.768542],[69.811461,26.592441],[70.106345,26.589062],[70.178387,26.522112],[70.088519,26.047838],[70.156978,25.856224],[70.311927,25.697006],[70.67269,25.678306],[70.670522,25.415406],[71.082333,24.702225],[70.98768,24.59122],[71.02621,24.43733],[71.12263,24.40839],[71.04204,24.35105],[70.81075,24.22238],[70.64991,24.22356],[70.54967,24.41446],[70.13934,24.30286],[69.97224,24.17103],[69.74524,24.17103],[69.57133,24.28472],[69.01675,24.2262],[68.94538,24.30253],[68.8837,24.22471],[68.779871,24.302132],[68.753799,23.977536],[68.286679,23.940836],[68.165012,23.663614],[67.920118,23.438253],[67.297573,23.733383],[66.536834,24.648027],[65.21277,25.083816],[64.583669,24.948603],[61.590831,24.834521],[61.674957,25.625747],[61.821452,25.739417],[61.893165,26.233464],[62.068703,26.326613],[62.195561,26.26723],[62.308438,26.513877],[62.446431,26.567232],[63.187394,26.647012],[63.297227,27.115605],[63.198822,27.259172],[62.806725,27.230513],[62.792961,28.278904],[62.597191,28.24842],[62.408554,28.420354],[61.839248,28.62384],[61.504853,29.013267],[61.362113,29.35961],[60.888056,29.841111],[62.471042,29.389587],[63.607737,29.484157],[64.088898,29.385553],[64.260736,29.520483],[64.554605,29.589689],[65.065071,29.52943],[66.249881,29.849523],[66.357749,29.955083],[66.232079,30.063161],[66.322533,30.241617],[66.288178,30.576376],[66.38222,30.906061],[66.594059,30.991171],[66.730027,31.20768],[66.951932,31.305646],[67.050965,31.296529],[67.07004,31.21386],[67.27744,31.19837],[67.75853,31.3218],[67.796845,31.383208],[67.651104,31.392314],[67.57076,31.52162],[67.9856,31.64696],[68.1465,31.80447],[68.529968,31.728569],[68.59112,31.7531],[68.4801,31.75045],[68.552353,31.821508],[68.70855,31.77089],[68.83592,31.60793],[69.02287,31.63343],[69.298735,31.917891],[69.311954,32.299644],[69.24435,32.43705],[69.43305,32.64643],[69.40506,32.79061],[69.527824,32.870137],[69.511096,33.032933],[69.584828,33.10076],[69.92577,33.10394],[70.32416,33.34146],[70.17291,33.51837],[70.14731,33.69655],[70.002994,33.732905],[69.86341,33.92299],[69.88966,34.02021],[70.4721,33.94297],[71.05233,34.05167],[71.15735,34.31807],[71.017417,34.542741],[71.68079,35.20715],[71.555134,35.288603],[71.63773,35.46524],[71.52558,35.73643],[71.21523,36.083239],[71.571871,36.327237],[71.635208,36.454845],[71.82146,36.430122],[71.798459,36.475584],[72.19028,36.656606],[72.228142,36.739016],[73.150262,36.894167],[73.841253,36.925945],[74.107253,36.838466],[74.690685,37.084107],[74.904031,36.931367],[75.021295,37.011571],[75.368492,36.950121],[75.454624,36.722443],[75.642527,36.769719],[75.919079,36.618798],[76.048353,36.252343],[75.948883,36.059493],[76.095875,36.018301],[76.158303,35.82693],[76.598974,35.900167],[76.583543,35.792273],[76.754554,35.674738],[76.846891,35.405956],[77.021661,35.295446],[76.990624,35.210635],[77.1164,35.071461],[76.759983,34.925169],[76.683033,34.744827]]]}},{"type":"Feature","properties":{"tzid":"Asia/Kathmandu"},"geometry":{"type":"Polygon","coordinates":[[[81.034768,30.197529],[81.133392,30.015387],[81.235193,30.010395],[81.260152,30.139122],[81.39508,30.211577],[81.403853,30.407616],[82.08167,30.362086],[82.20964,30.066666],[82.543784,29.965167],[82.821657,29.694555],[83.276813,29.570064],[83.549089,29.200524],[83.646655,29.169515],[83.897418,29.318818],[84.103626,29.286291],[84.180317,29.239248],[84.224821,28.895616],[84.856808,28.570342],[85.126611,28.679579],[85.186426,28.541834],[85.113337,28.472652],[85.150388,28.33154],[85.601833,28.272457],[85.693033,28.38363],[86.025347,27.908035],[86.124494,27.941382],[86.084225,28.087943],[86.169574,28.139996],[86.220383,28.015839],[86.405346,27.915782],[86.566798,28.091292],[86.711826,28.106187],[87.156734,27.824774],[87.732176,27.809136],[87.825366,27.922673],[88.164633,27.868239],[87.989033,27.115833],[88.135144,26.985229],[88.181815,26.792135],[88.095488,26.455692],[88.027314,26.383093],[87.907598,26.463373],[87.623164,26.392855],[87.476597,26.438419],[87.353115,26.356202],[87.119555,26.429433],[87.072696,26.569897],[86.745134,26.428366],[86.306155,26.620167],[86.004716,26.656683],[85.87787,26.581259],[85.74005,26.646484],[85.734408,26.795975],[85.647427,26.851918],[85.216035,26.758704],[85.148483,26.870887],[85.05169,26.850053],[84.957322,26.960912],[84.672381,27.035105],[84.62269,27.335921],[84.319786,27.382149],[84.117317,27.518832],[83.817128,27.376151],[83.407898,27.478849],[83.308965,27.333216],[83.152978,27.456813],[82.768966,27.500775],[82.670947,27.714465],[82.465563,27.677392],[82.044544,27.924695],[81.871611,27.870551],[81.403995,28.174088],[81.315994,28.136006],[81.200588,28.362529],[80.59032,28.679733],[80.506024,28.652286],[80.518402,28.550701],[80.060423,28.892054],[80.145157,29.104685],[80.272682,29.144751],[80.310934,29.320728],[80.248393,29.406089],[80.40819,29.597069],[80.368653,29.735586],[80.864125,30.1226],[80.623716,30.422902],[80.535107,30.417148],[80.662023,30.439252],[81.034768,30.197529]]]}},{"type":"Feature","properties":{"tzid":"Asia/Khandyga"},"geometry":{"type":"Polygon","coordinates":[[[135.471132,61.600229],[135.195608,61.733396],[135.479881,61.77247],[135.631885,61.984138],[135.066443,62.468068],[134.144489,62.604401],[133.951302,62.778864],[134.017841,63.046669],[134.15943,63.061607],[134.059223,63.348875],[132.806148,63.352607],[132.548933,63.63901],[132.229042,63.68716],[132.536163,63.966872],[132.425771,64.034726],[132.924167,64.3445],[132.701475,64.589569],[132.932368,64.707673],[133.002377,64.840546],[132.899895,64.951047],[133.027718,65.17713],[133.294533,65.279617],[133.834847,65.203236],[134.258777,65.388304],[134.448321,65.362213],[134.514648,65.501118],[134.853465,65.763378],[135.679025,65.892238],[136.453931,66.190197],[136.843643,66.202763],[137.877964,65.960846],[139.259884,66.023111],[139.813099,65.847224],[140.14703,65.868998],[140.363028,65.783543],[140.177835,65.621916],[140.302963,65.569703],[140.267006,65.51542],[139.932286,65.478321],[139.363226,65.005112],[140.408285,64.57373],[140.39948,64.482917],[140.060865,64.369749],[140.781083,64.167906],[140.826879,64.096238],[140.858975,63.923848],[140.563352,63.773583],[140.650706,63.700806],[140.615108,63.504982],[140.264554,63.500435],[139.727391,63.278956],[139.622673,63.191869],[139.588991,62.998381],[139.705065,62.944787],[139.598272,62.775613],[139.853801,62.650708],[140.121689,62.711983],[140.288372,62.658852],[140.554876,62.417605],[140.313891,62.346124],[140.275923,62.044],[139.985774,61.972933],[139.927104,61.795297],[139.533994,61.471117],[139.086417,61.433381],[138.988187,61.328487],[138.734927,61.336884],[138.643036,61.292656],[138.699463,61.211524],[138.325914,61.071375],[138.333543,60.971582],[138.223371,60.873937],[138.405084,60.711874],[138.293661,60.484326],[138.3187,60.330083],[138.204185,60.234463],[138.263993,59.950645],[138.179158,59.833302],[138.267079,59.722733],[138.206213,59.643024],[138.047467,59.645564],[138.004895,59.815229],[137.601791,59.743228],[137.450033,59.542359],[136.763075,59.337242],[135.756667,59.516728],[135.462934,59.409998],[135.177755,59.111139],[134.72179,59.213147],[134.483379,59.139515],[134.042404,59.257487],[133.630898,59.232041],[133.513442,59.312382],[132.839345,59.118738],[132.74957,59.019637],[132.844055,58.981038],[132.781833,58.901427],[132.554993,58.846344],[132.483886,58.93304],[132.265006,58.834532],[132.203472,58.912868],[132.250411,59.017289],[132.145912,59.037697],[132.14026,59.121481],[131.763453,59.178039],[131.586862,59.491499],[131.65166,59.904203],[131.871601,59.862947],[132.020392,59.999829],[132.088342,60.173524],[132.039824,60.211223],[132.238123,60.296451],[132.436317,60.603946],[132.831748,60.591662],[133.133582,60.721423],[133.05959,61.071338],[133.099614,61.26124],[134.289279,61.320495],[134.708326,61.43887],[134.952836,61.403478],[135.471132,61.600229]]]}},{"type":"Feature","properties":{"tzid":"Asia/Kolkata"},"geometry":{"type":"MultiPolygon","coordinates":[[[[94.14757,13.617714],[94.280288,13.66111],[94.437494,13.583251],[94.478373,13.410912],[94.361745,13.258452],[94.20189,13.239568],[94.07773,13.336992],[94.047359,13.466149],[94.14757,13.617714]]],[[[93.86456,12.489249],[94.01849,12.426991],[94.08225,12.276624],[94.01849,12.126172],[93.86456,12.063827],[93.71063,12.126172],[93.646871,12.276624],[93.71063,12.426991],[93.86456,12.489249]]],[[[92.788999,10.81617],[92.75989,10.509381],[92.64021,10.348324],[92.853445,9.457574],[93.01597,9.262448],[92.99943,9.002227],[93.141628,8.655126],[93.399523,8.400117],[93.419376,8.656073],[93.527262,8.766008],[93.723084,8.747966],[93.830576,8.576266],[93.775354,7.884118],[93.640156,7.737186],[94.017094,7.39991],[94.148832,7.011105],[94.073451,6.707536],[93.872422,6.556401],[93.721457,6.575998],[93.613156,6.687441],[92.879587,8.230302],[92.52198,9.103587],[92.007332,10.958924],[91.994296,11.604633],[92.462173,12.573488],[92.492201,13.152116],[92.709339,13.695258],[93.012991,13.877098],[93.26943,13.686734],[93.304783,13.388433],[93.160073,12.833591],[93.179371,12.527097],[93.327459,12.146447],[93.249294,11.66309],[93.119915,11.581946],[92.966695,11.611498],[92.932032,11.095807],[92.788999,10.81617]]],[[[72.19765,12.405471],[73.138406,11.646578],[73.904706,10.837057],[73.833416,9.970589],[73.247222,8.19492],[73.086494,8.069144],[72.826684,8.191992],[72.045856,9.939957],[71.804818,11.100159],[71.524995,11.911393],[71.752206,12.560776],[71.953692,12.586937],[72.19765,12.405471]]],[[[80.862624,30.169092],[80.369357,29.732869],[80.406126,29.593282],[80.25706,29.401314],[80.29461,29.215866],[80.058623,28.912383],[80.352127,28.650879],[80.518402,28.550701],[80.506024,28.652286],[80.59032,28.679733],[81.223921,28.339202],[81.326315,28.150958],[81.423291,28.171616],[81.90208,27.853856],[82.037923,27.924855],[82.448805,27.679493],[82.705206,27.716746],[82.793444,27.498332],[83.160651,27.457265],[83.324972,27.335846],[83.441245,27.477129],[83.843961,27.36016],[84.133365,27.514672],[84.275799,27.39874],[84.635349,27.318434],[84.643731,27.051186],[85.184549,26.870071],[85.196472,26.771944],[85.628568,26.873186],[85.807676,26.611536],[86.344086,26.61672],[86.725035,26.426726],[87.043298,26.577058],[87.102837,26.441907],[87.32836,26.35636],[87.458822,26.438253],[87.595697,26.381416],[87.810946,26.462029],[87.99179,26.384094],[88.08377,26.42627],[88.188372,26.761756],[88.005221,27.143325],[88.058879,27.521725],[88.195989,27.789618],[88.135987,27.95495],[88.652211,28.096319],[88.829919,28.017717],[88.878005,27.875206],[88.772935,27.548475],[88.911062,27.298568],[88.757603,27.163565],[88.876988,27.073812],[88.872786,26.973543],[89.141178,26.808094],[89.349403,26.852484],[89.770394,26.704235],[90.190637,26.767998],[90.230026,26.858725],[90.416236,26.904046],[90.699756,26.769541],[91.691514,26.807182],[91.859349,26.913386],[92.088006,26.862698],[92.023167,27.45804],[91.630131,27.511833],[91.563403,27.638966],[91.644643,27.764196],[91.576437,27.811475],[91.903102,27.729008],[92.26896,27.885816],[92.324681,27.797515],[92.456002,27.792921],[92.702396,27.962461],[92.705855,28.158055],[93.113348,28.344188],[93.250553,28.54932],[94.019745,28.793489],[94.35244,29.012577],[94.296954,29.140427],[94.670813,29.306394],[94.804065,29.16661],[95.23655,29.085757],[95.420556,29.170355],[95.511212,29.127598],[95.808003,29.343515],[96.101486,29.3606],[96.296238,29.197199],[96.197697,29.075026],[96.367376,29.109274],[96.633027,28.699322],[96.411758,28.516862],[96.489157,28.434469],[96.538184,28.572245],[96.648269,28.610604],[96.861174,28.485312],[96.92976,28.351222],[97.119842,28.363011],[97.341372,28.215832],[97.306595,28.079326],[97.394253,28.018519],[97.379136,27.892064],[97.271272,27.902937],[96.912068,27.618658],[96.914719,27.460752],[97.138605,27.091829],[96.894136,27.174067],[96.721956,27.372103],[96.237416,27.273657],[95.72244,26.884558],[95.165098,26.624864],[95.064156,26.45328],[95.164582,26.036997],[95.019536,25.89163],[95.041154,25.742372],[94.633255,25.375976],[94.577399,25.21581],[94.725449,25.133778],[94.738599,25.007646],[94.398071,24.467433],[94.161194,23.868185],[93.827947,23.926216],[93.756605,24.006105],[93.509795,23.94627],[93.420036,24.06594],[93.335971,24.059514],[93.43583,23.680115],[93.379863,23.198088],[93.300126,23.015863],[93.124084,23.013435],[93.095278,22.67416],[93.191982,22.297667],[92.919342,21.984002],[92.732744,22.138505],[92.617101,21.978299],[92.280977,23.716515],[91.9392,23.696262],[91.966624,23.495875],[91.759553,23.286324],[91.828647,23.098032],[91.625526,22.962305],[91.416935,23.281643],[91.353196,23.097509],[91.164942,23.601634],[91.160869,23.740252],[91.419766,24.107367],[91.567859,24.074321],[91.66014,24.18269],[91.751107,24.14179],[91.749846,24.241183],[91.887755,24.135353],[91.926499,24.31983],[92.165213,24.441924],[92.296202,24.733041],[92.248372,24.873898],[92.476376,24.867885],[92.405593,25.034113],[92.07729,25.18033],[90.463324,25.15433],[89.86296,25.288184],[89.815278,25.379444],[89.882252,25.936461],[89.759916,26.139421],[89.638026,26.228793],[89.585399,25.99674],[89.343766,26.016098],[89.150058,26.153623],[89.080119,26.392468],[88.914911,26.38399],[89.062632,26.254135],[88.667603,26.263586],[88.732171,26.317709],[88.669566,26.397197],[88.376443,26.587654],[88.353225,26.450335],[88.505312,26.39764],[88.177222,26.145564],[88.104028,25.826487],[88.243269,25.809381],[88.558232,25.51348],[88.783574,25.516539],[88.867225,25.349476],[89.006011,25.299984],[88.92713,25.174211],[88.472488,25.205891],[88.3425,24.870278],[88.173346,24.950945],[88.007915,24.667824],[88.125556,24.508611],[88.724167,24.275278],[88.738889,23.93],[88.598759,23.872244],[88.570355,23.676692],[88.7875,23.503056],[88.720486,23.260094],[88.965781,23.218654],[88.84528,23.010973],[88.958742,22.860221],[88.933362,22.624693],[89.077298,22.017924],[89.035772,21.77325],[89.19566,21.36484],[87.242335,20.579219],[86.519706,19.802989],[84.705684,18.646594],[84.279982,18.172001],[83.345696,17.426916],[82.457752,16.418243],[81.31244,15.823812],[81.121488,15.58059],[80.421855,15.350084],[80.408269,14.520439],[80.550613,13.254459],[80.393117,12.518586],[79.999699,11.697395],[80.069932,10.2174],[79.870617,10.077412],[79.462114,10.110392],[79.452012,9.955279],[79.163953,9.592953],[79.136385,9.495089],[79.462391,9.474995],[79.533333,9.216667],[79.492489,8.89788],[79.079669,8.984299],[78.661738,8.896648],[78.395312,8.615024],[78.209661,8.228257],[77.51517,7.87656],[77.241172,7.934216],[76.879486,8.202641],[76.370195,8.804157],[75.828177,10.475809],[75.016334,11.920011],[74.130519,13.938587],[74.161078,14.296728],[73.256156,15.830105],[72.928232,17.529529],[72.60271,18.682628],[72.456427,19.686593],[70.363826,20.662984],[70.020602,20.900768],[68.779799,22.123948],[68.422641,23.068194],[67.971634,23.458839],[68.187512,23.695003],[68.275845,23.929725],[68.752991,23.971424],[68.81412,24.31289],[68.855075,24.217868],[68.92858,24.29302],[69.00342,24.22306],[69.59429,24.29238],[69.76101,24.17103],[70.02502,24.17103],[70.10992,24.295],[70.56578,24.42165],[70.58151,24.27338],[70.71862,24.21573],[71.11189,24.39811],[71.01501,24.44259],[70.98629,24.59557],[71.076238,24.707747],[70.888713,25.147192],[70.670966,25.390843],[70.662832,25.696907],[70.269421,25.713984],[70.106599,25.930486],[70.174284,26.551333],[69.801836,26.595306],[69.493619,26.781448],[69.573614,27.151877],[70.378838,28.012624],[70.550013,28.027268],[70.757351,27.724159],[70.864468,27.706588],[71.870621,27.953143],[72.392154,28.771598],[72.958897,29.055598],[73.280261,29.568585],[73.39054,29.925822],[73.960241,30.18856],[73.884123,30.367016],[73.928038,30.465832],[74.069849,30.522357],[74.546356,31.027452],[74.692607,31.071216],[74.510733,31.133024],[74.540902,31.332078],[74.649736,31.424471],[74.49838,31.709899],[74.57388,31.839849],[74.910674,32.052576],[75.247071,32.100671],[75.370554,32.257855],[75.070044,32.480019],[74.684355,32.491594],[74.705185,32.839763],[74.499293,32.766115],[74.328393,32.919024],[74.319155,33.022021],[74.000457,33.236454],[74.166286,33.337733],[74.188049,33.483295],[74.02757,33.59004],[73.973178,33.731509],[74.281278,33.902367],[74.25581,33.999513],[73.921177,34.037167],[74.001204,34.241184],[73.766118,34.338459],[73.989428,34.682566],[74.137949,34.660508],[74.360478,34.787141],[75.256576,34.638096],[75.364769,34.538125],[75.753704,34.5181],[76.037641,34.685746],[76.134243,34.638371],[76.50756,34.79152],[76.694689,34.749265],[76.772543,34.932768],[77.08466,35.044778],[76.947613,35.392865],[76.831467,35.420729],[76.748848,35.551357],[76.792914,35.664318],[77.4318,35.466347],[78.121376,35.495618],[78.002921,35.24277],[78.19593,34.974154],[78.2781,34.625952],[78.707602,34.525883],[78.881128,34.363755],[79.025366,34.338582],[78.924046,34.173314],[78.657088,34.057068],[78.764247,33.908189],[78.71566,33.663587],[79.436108,32.729243],[79.41459,32.536446],[79.272099,32.547757],[78.958488,32.341852],[78.798502,32.463868],[78.739819,32.695439],[78.398738,32.542594],[78.513692,32.266019],[78.775304,31.97819],[78.70422,31.791678],[78.826563,31.5875],[78.726201,31.487534],[78.771643,31.322907],[78.915823,31.313477],[79.139965,31.432947],[79.314137,31.146987],[79.573281,30.949609],[79.854105,30.975246],[80.228955,30.758147],[80.232202,30.577938],[80.662023,30.439252],[81.042268,30.212222],[80.862624,30.169092]],[[88.930236,26.302795],[88.921004,26.335092],[88.975726,26.295383],[88.930236,26.302795]],[[89.133289,26.322576],[89.13292,26.324349],[89.136577,26.322724],[89.133289,26.322576]]]]}},{"type":"Feature","properties":{"tzid":"Asia/Krasnoyarsk"},"geometry":{"type":"MultiPolygon","coordinates":[[[[82.617209,77.2655],[81.751032,77.320811],[81.310195,77.504691],[81.545699,77.661551],[82.43498,77.724747],[83.066063,77.670157],[83.582187,77.485895],[83.39741,77.340319],[82.617209,77.2655]]],[[[87.8117,77.10155],[87.988765,77.216524],[88.963491,77.473364],[91.103923,77.503557],[90.938268,77.596684],[90.965948,77.713599],[91.441111,77.83415],[92.364581,77.834748],[93.009826,77.662351],[92.918917,77.53296],[92.530605,77.436028],[91.544475,77.419033],[91.666067,77.350698],[91.622555,77.200852],[90.250338,76.794773],[88.543241,76.800557],[87.979615,76.929036],[87.8117,77.10155]]],[[[77.623681,80.722696],[77.612552,80.84242],[77.901748,80.959869],[79.22135,81.096613],[80.805197,81.025142],[81.417697,80.865126],[81.399306,80.795381],[81.066908,80.673928],[80.050163,80.558049],[78.450448,80.568354],[77.623681,80.722696]]],[[[74.986851,79.659221],[75.4281,79.827002],[76.554325,79.863779],[78.309345,79.655572],[78.590975,79.578501],[78.654209,79.4637],[77.985289,79.299681],[76.531475,79.291875],[75.485751,79.438963],[74.986851,79.659221]]],[[[92.679903,78.19718],[93.158803,78.377835],[93.987788,78.418475],[94.66668,78.313538],[94.771988,78.234693],[94.779872,78.121045],[94.328041,77.975686],[93.58951,77.944761],[92.926054,78.029823],[92.679903,78.19718]]],[[[82.568513,74.900488],[81.665964,74.908998],[80.894624,75.18644],[80.811143,75.311858],[80.868955,75.439897],[81.741002,75.682801],[81.097027,75.769714],[80.835783,75.922897],[81.324223,76.122669],[82.584011,76.186725],[83.671535,76.123025],[84.086369,75.964272],[84.014057,75.841485],[83.749126,75.760425],[82.712929,75.67626],[83.05038,75.553864],[83.138076,75.298679],[82.965269,75.186032],[82.923532,75.031562],[82.568513,74.900488]]],[[[80.090403,74.739218],[80.372596,74.559896],[80.152369,74.392056],[79.807798,74.325471],[78.907482,74.369806],[78.462968,74.569219],[78.628718,74.741607],[79.045515,74.828607],[80.090403,74.739218]]],[[[108.992439,77.095591],[109.695101,76.956638],[111.363386,76.96791],[113.114744,76.7595],[114.252287,76.452671],[114.365294,76.13921],[114.694578,75.962384],[114.739629,75.842447],[114.521005,75.577153],[114.553446,75.439576],[114.40592,75.226675],[113.662696,74.920245],[112.909269,74.870803],[112.367953,74.65168],[110.530206,74.338096],[111.851297,74.114312],[111.898518,74.008054],[110.787573,73.737156],[111.289272,73.620408],[110.879011,73.563837],[110.610748,73.420097],[110.158165,73.415394],[110.619179,73.269075],[110.372758,73.153148],[110.837399,73.161211],[110.764307,73.10712],[110.852804,73.054947],[110.660693,72.988038],[110.907869,72.941007],[110.653621,72.895389],[110.625977,72.853085],[110.727897,72.830249],[110.65915,72.757751],[110.897461,72.593963],[111.30088,72.512994],[111.024956,72.394358],[111.582341,72.316934],[111.728883,72.16128],[111.986736,72.124465],[112.000514,71.402308],[112.699261,71.258905],[112.520897,71.176169],[112.599577,71.109193],[110.526769,70.765389],[110.151585,70.638752],[110.117996,70.492028],[110.319025,70.427625],[109.597524,70.362243],[109.585219,70.261775],[109.32509,70.212642],[109.347926,70.088919],[109.545155,70.014676],[109.399524,69.951308],[109.317743,69.781939],[108.233872,69.851884],[107.920619,69.66998],[106.873451,69.528203],[106.459704,69.576057],[106.147384,69.418393],[106.890148,68.871202],[106.918935,68.277213],[106.824421,67.375436],[106.664187,67.251343],[106.508439,67.281192],[106.096931,67.167804],[105.937919,67.038264],[105.508341,67.015768],[106.063458,66.899272],[106.048164,66.789172],[106.201589,66.801373],[106.160781,66.714855],[106.258755,66.680393],[106.31861,66.482969],[106.113198,66.354594],[106.111353,66.204443],[106.348792,66.138041],[106.492315,66.006613],[106.400972,65.697742],[106.951769,65.512707],[106.800517,65.375244],[106.544959,65.380508],[106.430363,65.28267],[106.50725,65.223626],[105.980269,65.048078],[106.164392,64.892554],[105.934517,64.911744],[105.977128,64.833949],[105.878354,64.840442],[105.81063,64.670471],[105.708323,64.69011],[105.709529,64.602223],[105.751931,64.508296],[106.049491,64.526259],[106.121152,64.421609],[106.537184,64.46433],[106.604247,64.536046],[107.35823,64.263213],[107.615227,64.312832],[108.051268,64.183906],[108.219492,64.254804],[108.372856,64.066125],[107.724729,64.009818],[107.565638,63.897369],[106.638866,64.013791],[106.7619,63.846391],[106.606479,63.725413],[106.653213,63.625351],[106.49547,63.549772],[106.706317,63.368863],[106.41717,63.35741],[106.401896,63.138699],[106.132153,63.039341],[106.204784,62.920867],[106.449119,62.845904],[106.538339,62.691771],[106.78804,62.625165],[106.696157,62.581293],[106.755337,62.499498],[106.470341,62.405104],[106.350391,62.284185],[106.450284,62.261622],[106.360327,62.039952],[105.895884,61.841087],[105.968622,61.709297],[105.38784,61.548677],[105.234145,61.416845],[104.819827,61.358199],[105.026189,61.22182],[104.617342,61.056075],[104.61924,60.922409],[104.481507,60.854247],[104.609339,60.724323],[104.519795,60.60169],[104.707736,60.392677],[105.460868,60.231558],[105.486155,60.019727],[105.411774,59.952557],[105.511245,59.843858],[105.055123,59.873329],[104.991196,59.764203],[104.804177,59.708641],[104.973712,59.467956],[105.218116,59.44865],[105.188281,59.324075],[105.336237,59.194638],[105.329143,59.095098],[104.792039,58.867788],[104.890819,58.748564],[104.816424,58.680816],[104.47523,58.612089],[104.342258,58.732611],[104.055257,58.787326],[103.92139,58.734816],[103.983539,58.860497],[103.389064,59.039641],[103.241654,59.171886],[103.291003,59.275271],[103.014427,59.318049],[102.851841,59.209204],[102.496334,59.185253],[102.433003,59.107289],[102.558183,58.86637],[102.531437,58.717761],[101.106576,58.101445],[101.127939,57.965971],[100.857035,57.876437],[100.832756,57.640552],[100.951776,57.559885],[100.936933,57.461656],[100.751761,57.402884],[100.426008,57.539334],[100.36834,57.722661],[100.065365,57.976142],[100.07239,58.074038],[99.6626,58.074819],[99.456762,57.806398],[98.909755,57.711263],[98.725751,57.792101],[97.926674,57.793563],[97.344997,57.033721],[97.62487,56.965333],[97.469871,56.842174],[97.762047,56.798285],[97.748403,56.559888],[97.848638,56.533994],[97.880335,56.396402],[97.603618,56.376181],[97.54324,56.188083],[97.439895,56.179036],[97.369852,56.041461],[97.112236,56.089107],[96.990726,56.003892],[96.990814,55.871269],[96.771603,55.76643],[96.932133,55.304359],[96.681174,55.254249],[96.595271,55.032055],[96.709103,54.870887],[96.519805,54.525185],[96.065075,54.574543],[95.900076,54.390502],[95.750986,54.421895],[95.663277,54.304222],[96.076731,54.078064],[96.091472,53.984472],[96.502677,53.684992],[96.65436,53.641322],[96.881778,53.726221],[97.30553,53.584156],[97.625642,53.365193],[97.974418,53.347835],[98.051009,53.246733],[98.293307,53.22624],[98.338659,53.0972],[98.911699,53.153428],[99.051812,53.108728],[99.032309,53.017254],[99.2722,52.938765],[99.22875,52.86681],[98.925362,52.932056],[98.86572,52.850611],[98.960271,52.716506],[98.668197,52.427437],[98.65826,52.269178],[98.80837,52.276001],[98.974229,52.170917],[98.8615,52.1361],[98.7657,51.8789],[98.3886,51.739],[98.226,51.5978],[98.2436,51.4955],[97.969,51.3478],[97.826918,51.015484],[98.033343,50.864706],[98.0078,50.6756],[98.275786,50.536512],[98.300299,50.35723],[98.1768,50.1519],[97.8949,49.929],[97.7621,50.0005],[97.266016,49.749469],[96.952917,49.892988],[96.603087,49.873666],[96.531049,49.943814],[96.393761,49.888739],[95.846536,50.042941],[95.539429,49.905351],[94.900701,50.050866],[94.622271,50.035549],[94.395132,50.210434],[94.283748,50.571925],[93.116085,50.58885],[92.977585,50.679021],[92.986972,50.794339],[92.8231,50.8092],[92.646672,50.704484],[92.364507,50.883489],[92.277866,50.737825],[91.799324,50.720305],[91.416121,50.481814],[90.9431,50.4237],[90.6993,50.2265],[90.4834,50.2282],[90.020559,50.06046],[89.986477,49.97854],[89.612396,49.915912],[89.526695,50.1633],[89.331544,50.244352],[89.523951,50.4518],[89.655164,50.369729],[89.850832,50.491957],[89.081042,51.040394],[88.960349,51.243526],[88.970868,51.429117],[88.763204,51.561402],[88.666613,51.533355],[88.667246,51.387016],[88.442622,51.285908],[87.872021,51.547096],[88.103406,51.717725],[87.916641,51.835408],[88.061536,52.044389],[88.705793,52.274414],[88.728578,52.372525],[89.116895,52.591005],[89.070374,52.680773],[89.234003,52.797704],[89.079572,52.954132],[88.926963,52.983527],[89.073934,53.152382],[89.037739,53.267427],[88.887311,53.393697],[88.756904,53.372378],[89.041957,53.789021],[89.238762,53.83485],[89.014227,54.036588],[89.201621,54.179821],[89.19804,54.282282],[89.116148,54.343982],[88.976782,54.286524],[88.843976,54.419733],[88.638064,54.282446],[88.371395,54.368124],[88.515168,54.416637],[88.615134,54.69676],[88.750944,54.823174],[88.550427,55.001677],[88.45619,55.311994],[88.669801,55.513309],[89.388975,55.83589],[89.193008,56.136114],[88.88023,56.349554],[88.593416,56.430664],[88.605597,56.531252],[88.513741,56.585004],[88.72448,56.692752],[88.624413,56.719298],[88.697349,57.047894],[88.516982,57.090443],[88.734155,57.208035],[88.869036,57.476367],[89.046781,57.455806],[89.131242,57.483203],[89.130337,57.615341],[89.355248,57.615657],[89.365736,57.862438],[89.211702,57.950249],[88.137261,58.108862],[88.016988,58.214258],[87.927006,58.499976],[88.402293,58.900363],[88.807917,59.016003],[88.531795,59.288402],[87.878092,59.280789],[87.514225,59.66441],[87.174086,59.682529],[87.042903,59.884703],[86.533301,59.949131],[84.70755,59.892071],[84.586985,59.957331],[84.747627,60.40053],[84.264279,60.849474],[85.696583,61.283816],[85.640731,61.36709],[85.965282,61.459195],[85.842513,61.593921],[84.698034,61.802001],[84.52438,61.919687],[84.454744,62.153435],[85.197638,62.777212],[85.483413,62.887058],[85.59545,63.011834],[85.506092,63.134796],[85.668719,63.374778],[85.463305,63.351474],[85.343337,63.494157],[85.062519,63.574051],[85.293313,63.646109],[85.330207,63.79646],[85.483595,63.90781],[85.933765,64.045353],[86.007285,64.272085],[85.811208,64.492717],[85.901902,64.569408],[85.833713,64.784335],[85.536029,64.851614],[85.137295,64.763825],[84.923815,64.862036],[85.010996,64.916122],[84.915949,64.954289],[84.302821,64.931588],[84.393556,65.054653],[84.291664,65.106899],[84.556243,65.280189],[84.490876,65.491712],[84.19959,65.581495],[84.245962,65.683319],[83.966509,65.792251],[83.485509,65.808397],[83.527726,65.893395],[83.296758,66.032017],[83.507927,66.204403],[83.084605,66.437996],[83.09052,66.594674],[83.284086,66.644163],[83.166025,66.808708],[82.132757,67.219017],[82.354096,67.316115],[82.2367,67.404978],[82.401809,67.506146],[82.058511,67.631319],[82.06025,67.721977],[81.870423,67.785343],[81.755108,67.935999],[82.34888,67.936204],[82.341994,68.094254],[82.544318,68.165895],[82.557967,68.26484],[82.689389,68.345721],[82.625036,68.582548],[82.871476,68.679273],[82.581955,68.810407],[82.504651,68.958532],[82.350397,69.026313],[82.46617,69.152082],[81.851732,69.193543],[81.809368,69.228943],[81.917551,69.369111],[81.698258,69.452898],[81.575362,69.266823],[80.938212,69.20361],[80.766291,69.304943],[79.83563,69.352598],[79.616909,69.456517],[79.45137,69.605045],[79.504481,69.622404],[79.056677,69.692035],[79.152658,69.728654],[78.899177,69.872346],[79.203563,69.974013],[79.200586,70.042036],[79.359757,70.042279],[79.321751,70.135872],[79.541757,70.114826],[79.796004,70.28305],[79.907251,70.263333],[80.37856,70.454206],[80.780892,70.384531],[80.880652,70.424899],[80.674122,70.476385],[80.817074,70.621703],[80.641701,70.705979],[80.707593,70.77704],[80.595701,70.99892],[80.473869,71.060644],[79.175292,71.332855],[79.147475,71.375777],[79.352841,71.494961],[79.355478,71.600427],[79.96587,71.602791],[80.163812,71.679912],[80.044799,71.798046],[80.34482,71.863765],[79.881603,72.019043],[79.067947,72.060088],[78.596148,72.194091],[78.646746,72.237792],[78.434965,72.32341],[78.649882,72.470335],[78.085574,72.669512],[77.76473,73.025094],[77.729901,73.639539],[80.204198,73.759312],[82.05487,74.286977],[83.49086,74.561283],[83.462244,74.66897],[83.574787,74.763784],[84.620442,75.010002],[85.611792,75.429692],[87.655034,75.883361],[88.954941,75.89439],[91.028525,76.224499],[91.674186,76.259246],[94.605024,77.102595],[95.98889,77.349053],[98.394026,77.937074],[97.101525,78.219171],[96.984104,78.287659],[96.866713,78.649638],[96.571326,78.71072],[92.164198,78.89929],[91.421455,79.011552],[90.559208,79.318884],[89.568822,79.46543],[89.468263,79.590876],[90.040269,79.785448],[89.832197,80.040863],[89.879716,80.12445],[90.30437,80.30187],[90.382071,80.472782],[91.497526,80.834955],[89.709737,80.900519],[89.151416,80.985991],[88.868894,81.120416],[89.0114,81.262479],[89.466131,81.344764],[91.236833,81.42437],[92.620418,81.287818],[95.63371,81.474181],[97.061714,81.35088],[97.888681,81.098085],[99.162305,80.846817],[99.405205,80.692304],[98.707064,80.303396],[100.076372,80.1964],[100.862008,80.001784],[101.289712,79.806612],[103.676158,79.5196],[106.141447,78.906364],[106.368496,78.784391],[106.422073,78.668322],[108.577176,78.262558],[108.747736,78.152633],[108.68397,78.046245],[108.435388,77.943619],[108.481004,77.4479],[108.992439,77.095591]]]]}},{"type":"Feature","properties":{"tzid":"Asia/Kuala_Lumpur"},"geometry":{"type":"Polygon","coordinates":[[[103.00179,1.345418],[101.201667,2.691667],[99.957707,3.830812],[98.748534,5.615964],[98.77827,5.807071],[99.225011,6.284708],[99.456188,6.307008],[99.554019,6.50597],[99.880447,6.535885],[99.997449,6.42601],[100.134263,6.431197],[100.19915,6.722036],[100.28766,6.708068],[100.383181,6.540625],[100.660998,6.449764],[100.738302,6.510388],[100.84585,6.259144],[101.108346,6.233977],[101.118721,5.9701],[101.001976,5.826106],[101.130018,5.627092],[101.27063,5.804558],[101.576946,5.931399],[101.687852,5.781855],[101.873664,5.803245],[102.073553,6.118534],[102.158861,6.436288],[103.210021,5.910224],[103.878187,4.881638],[103.861916,3.355683],[104.331664,3.022714],[104.751177,2.440818],[104.649135,1.618174],[104.378063,1.401735],[104.403425,1.324054],[104.535126,1.380239],[104.436161,1.268153],[104.13308,1.265667],[104.057647,1.440227],[103.834167,1.473],[103.682089,1.4374],[103.566667,1.1955],[103.00179,1.345418]]]}},{"type":"Feature","properties":{"tzid":"Asia/Kuching"},"geometry":{"type":"MultiPolygon","coordinates":[[[[115.238435,5.098976],[114.928889,5.150833],[114.922229,5.267088],[115.425692,6.333534],[117.056502,7.632885],[117.415877,7.417957],[117.913965,6.919802],[117.966667,6.283333],[118.333333,6],[118.652138,6],[119.076538,5.666446],[119.177315,5.6633],[119.455,5.392213],[119.469868,5.23889],[118.999418,4.766733],[119,4.383333],[119.140887,4.383333],[119.069722,4.04334],[118.95123,3.943648],[118.31972,3.927136],[117.942526,4.161117],[117.484598,4.173282],[117.250242,4.364941],[117.011001,4.320255],[116.555355,4.385495],[116.445113,4.292947],[116.377689,4.373108],[116.180278,4.382551],[116.070195,4.278794],[115.909205,4.390222],[115.7062,4.199426],[115.586235,3.942322],[115.640828,3.42587],[115.537791,3.362007],[115.495659,3.029842],[115.359659,2.980037],[115.285465,3.049621],[115.118446,2.839338],[115.09275,2.620352],[115.237481,2.528042],[114.958588,2.368621],[114.928777,2.272984],[114.816035,2.266434],[114.792653,2.05757],[114.865121,1.903952],[114.739963,1.867325],[114.572863,1.441259],[114.428772,1.502623],[113.948025,1.437597],[113.639906,1.221596],[113.536767,1.322517],[113.443289,1.28397],[113.322833,1.375438],[112.985644,1.407859],[113.034902,1.566017],[112.501027,1.58372],[112.236106,1.458674],[112.143305,1.141842],[111.941442,1.121649],[111.849741,1.001166],[111.651615,1.032935],[111.523124,0.955829],[111.473141,1.035716],[111.241141,1.08014],[110.558858,0.860501],[110.307085,1.003288],[109.661613,1.622028],[109.684096,1.770117],[109.546629,1.885671],[109.702044,2.277384],[110.430323,1.995677],[111.244579,3.035422],[113.008448,3.541941],[113.863493,4.794773],[114.051111,4.727222],[114.073611,4.595833],[114.283572,4.463798],[114.316422,4.263983],[114.420763,4.25316],[114.671079,4.015185],[114.87706,4.354427],[114.771748,4.72112],[115.001506,4.884655],[115.106723,4.376368],[115.358376,4.329473],[115.143333,4.926667],[115.238435,5.098976]]],[[[114.247267,7.535228],[114.027111,7.431654],[113.886201,7.188784],[113.65953,7.259451],[113.591919,7.644743],[113.755658,7.815351],[113.765758,8.09933],[114.097009,8.297448],[114.313575,8.199621],[114.680716,8.378714],[114.952675,8.252557],[114.991609,8.063235],[114.897257,7.948806],[114.647209,7.882397],[114.344403,8.037328],[114.238011,7.929356],[114.359211,7.717663],[114.247267,7.535228]]]]}},{"type":"Feature","properties":{"tzid":"Asia/Kuwait"},"geometry":{"type":"Polygon","coordinates":[[[47.636874,28.628004],[47.442141,29.001515],[46.552684,29.100273],[46.866469,29.4373],[47.155586,30.000328],[47.338836,30.091036],[48.151703,30.01705],[48.564942,29.6583],[48.712601,29.010656],[48.932156,28.965071],[49.00336,28.841002],[48.430363,28.534302],[47.705617,28.524366],[47.636874,28.628004]]]}},{"type":"Feature","properties":{"tzid":"Asia/Macau"},"geometry":{"type":"MultiPolygon","coordinates":[[[[113.5404,22.135678],[113.547415,22.136113],[113.541101,22.123502],[113.5404,22.135678]]],[[[113.533444,22.211221],[113.630139,22.108861],[113.570972,22.076667],[113.533444,22.211221]]]]}},{"type":"Feature","properties":{"tzid":"Asia/Magadan"},"geometry":{"type":"MultiPolygon","coordinates":[[[[157.517805,61.496511],[157.176776,61.391018],[156.964425,61.068246],[156.436319,60.892567],[156.203755,60.566325],[155.176403,60.185368],[154.903793,59.974944],[154.975269,59.701122],[155.960733,59.417962],[155.988502,59.301683],[155.794427,59.04854],[154.103623,58.850024],[153.623542,58.952842],[153.294982,58.883717],[152.971577,58.708946],[152.40509,58.763928],[151.302373,58.638712],[150.672338,58.806167],[148.926496,58.914888],[148.577642,59.051459],[147.469763,59.039732],[146.949863,59.151093],[146.939305,59.373135],[147.08495,59.406274],[147.165679,59.636214],[147.191919,59.768329],[147.107047,59.890188],[146.979611,59.953933],[146.78037,59.918328],[146.69094,60.074037],[146.361291,60.249137],[145.850359,60.176807],[145.577375,60.310362],[145.660723,60.37151],[145.532055,60.42134],[145.652333,60.560592],[146.11445,60.734452],[146.397005,60.664097],[146.533121,60.8419],[146.501937,60.937341],[146.702971,60.948713],[146.736807,61.382796],[146.594204,61.626395],[146.348886,61.836556],[145.950813,62.005117],[145.650628,62.058035],[145.454226,61.949297],[144.739245,62.073221],[145.202017,62.298957],[145.150743,62.467328],[145.446894,62.533127],[145.259019,63.240878],[145.393119,63.308217],[145.475629,63.531573],[145.670637,63.687975],[145.598564,63.805212],[146.143322,63.926935],[146.36966,64.187688],[146.987208,64.134036],[147.273123,64.023415],[147.365409,64.11979],[147.621529,64.175858],[147.777232,63.963473],[147.980334,63.936979],[148.16463,64.021042],[148.289517,64.218608],[148.062037,64.399739],[148.327615,64.528079],[148.727875,64.403684],[149.34367,64.377335],[149.871263,64.56237],[150.146529,64.461032],[150.026917,64.364858],[150.092778,64.281811],[150.63199,64.171091],[150.68078,64.253534],[150.591927,64.296996],[150.68364,64.336722],[151.410216,64.330624],[151.522972,64.42938],[151.966168,64.488587],[152.1834,64.356607],[152.434543,64.387944],[152.372837,64.507835],[152.846737,64.699968],[152.522488,64.924349],[152.665504,65.17324],[153.494728,65.346883],[153.583128,65.398262],[153.455505,65.470038],[153.56863,65.685245],[153.518973,65.786491],[153.769873,65.868166],[154.026469,65.865819],[154.136718,65.778504],[154.286904,65.82278],[154.407081,65.918533],[154.382758,66.019017],[154.231454,66.042498],[154.521154,66.218694],[154.907017,66.109827],[155.249186,66.181601],[155.752914,66.160752],[156.041109,66.053976],[156.415749,66.040305],[156.670186,66.189074],[157.083926,65.914601],[157.340963,65.892614],[157.736418,66.097817],[158.476838,66.091734],[158.441348,66.248228],[158.511585,66.328249],[159.206208,66.235212],[159.247032,66.142495],[158.926682,65.888878],[158.964923,65.726437],[160.079996,65.5059],[160.541622,65.17219],[161.317704,65.148491],[161.712952,65.004467],[161.826558,64.830638],[162.640394,64.741773],[162.776416,64.661888],[163.262802,64.694586],[163.179146,64.57959],[163.459286,64.377165],[163.255132,64.292853],[163.183708,64.164848],[162.817886,64.139108],[162.951632,63.931238],[162.757271,63.843031],[162.725636,63.749505],[162.965298,63.639488],[162.966674,63.48652],[162.658213,63.384581],[162.784129,63.306275],[162.759517,63.179893],[162.304371,63.06453],[162.271921,62.911761],[162.621199,62.785522],[162.5712,62.761218],[162.658592,62.697728],[162.818305,62.692865],[162.704812,62.596047],[162.744766,62.280339],[162.192398,62.173382],[162.524472,62.083215],[162.453929,61.945103],[162.293713,61.941515],[162.440993,61.809303],[162.453429,61.643263],[162.002116,60.866829],[161.188218,60.448611],[160.13689,60.372254],[159.82687,60.452562],[159.408359,60.852102],[159.332652,61.224082],[159.202008,61.517263],[159.072847,61.613803],[157.517805,61.496511]]],[[[152.117214,47.357025],[152.574649,47.099869],[152.539029,47.02585],[151.962116,46.600958],[151.721908,46.574783],[151.489648,46.685832],[151.414177,46.83778],[151.461141,46.94918],[152.117214,47.357025]]],[[[146.660099,44.653696],[146.884446,44.943998],[147.210059,45.074157],[147.284041,45.244077],[147.502664,45.32956],[147.757754,45.601944],[148.02973,45.624422],[148.225222,45.502858],[148.463809,45.687526],[148.7309,45.755876],[149.113483,45.644888],[149.794464,46.217718],[150.176282,46.400255],[150.455017,46.422476],[150.521879,46.563464],[150.425378,46.769899],[150.548471,46.900337],[150.920294,46.892724],[151.199192,46.583937],[151.150926,46.409199],[150.90095,46.248487],[150.846641,46.120355],[149.83598,45.463083],[149.547392,45.371606],[149.173479,45.455555],[149.016563,45.178548],[148.431816,45.022461],[148.030449,44.78234],[147.838469,44.748928],[147.12764,44.268498],[146.753719,44.257579],[146.231332,44.023465],[145.829515,43.656881],[146.777859,44.086969],[147.073374,44.01146],[147.191485,43.800464],[147.08155,43.655475],[146.285963,43.230258],[145.931525,43.148249],[145.793674,43.444597],[145.694112,43.541363],[145.531462,43.508376],[145.274534,43.723072],[145.252783,43.867859],[145.971656,44.673708],[146.660099,44.653696]]]]}},{"type":"Feature","properties":{"tzid":"Asia/Makassar"},"geometry":{"type":"Polygon","coordinates":[[[115.570006,-9.020404],[114.932466,-9.030136],[114.775299,-8.640124],[114.553804,-8.515231],[114.423837,-8.317852],[114.421833,-8.105776],[114.640455,-7.745848],[114.940578,-7.462796],[116.340288,-7.559675],[116.48418,-5.413892],[114.569983,-4.962731],[113.991131,-5.188271],[114.362196,-3.329915],[114.545949,-3.067736],[114.547914,-2.906222],[114.929525,-2.449794],[115.405567,-2.058132],[115.441908,-1.948461],[115.307526,-1.8412],[115.378444,-1.5556],[115.469105,-1.431051],[115.741932,-1.321127],[115.8445,-1.13989],[115.554453,-0.859839],[115.357249,-0.863574],[115.289568,-0.788825],[115.370114,-0.560987],[115.225091,-0.31324],[115.294889,-0.052504],[115.07136,-0.148038],[114.986275,-0.274622],[114.902913,-0.045728],[114.710769,0.069538],[114.895253,0.308839],[115.119535,0.370424],[114.962227,0.755472],[114.679647,0.702379],[114.436865,0.544048],[114.22533,0.530238],[114.090862,0.698275],[113.84687,0.659884],[113.926845,1.059955],[114.132141,1.178715],[114.156576,1.368169],[114.423273,1.508283],[114.565252,1.427473],[114.724656,1.842692],[114.860523,1.900672],[114.802992,2.238264],[115.237481,2.528042],[115.085032,2.61064],[115.149392,2.783495],[115.095094,2.818073],[115.266203,3.012069],[115.495659,3.029842],[115.567061,3.161953],[115.528044,3.289789],[115.63491,3.457169],[115.558352,3.919186],[115.644597,3.975016],[115.688824,4.172749],[115.813636,4.23127],[115.870931,4.366262],[116.044052,4.292336],[116.217827,4.381611],[116.434038,4.301932],[116.535689,4.374368],[117.224486,4.368631],[117.457621,4.181891],[117.942526,4.161117],[118.142038,4.063587],[118.317922,3.928565],[118.823028,2.351437],[119.17523,1.931547],[120.220695,1.234135],[120.864738,1.576362],[123.116735,1.248638],[124.228429,1.348189],[124.554146,1.857425],[124.962415,2.7892],[125.117774,4.25594],[125.268887,4.791341],[126.461301,5.725825],[126.696875,5.735362],[127.333169,4.830011],[127.362602,4.59895],[127.093109,3.835457],[127.754,3.407596],[127.087383,2.904694],[125.911966,1.740634],[125.526076,0.937001],[125.522474,0.25298],[124.869435,-0.553412],[123.92323,-1.461553],[124.400629,-2.560815],[124.961924,-2.795617],[124.961924,-3.762846],[125.596191,-4.729002],[125.502832,-8.200013],[125.361253,-8.402447],[124.9965,-8.536714],[124.941059,-8.983909],[124.978769,-9.062684],[125.103107,-8.983961],[125.184697,-9.03633],[125.142217,-9.173502],[124.98265,-9.225294],[125.233365,-9.603147],[125.159427,-9.754785],[124.604072,-10.28166],[122.890027,-11.208567],[121.837813,-10.839889],[121.220421,-11.022912],[120.401127,-10.519798],[120.022911,-10.520444],[118.950926,-9.867705],[118.371023,-9.105955],[117.008025,-9.309844],[115.570006,-9.020404]],[[124.476323,-9.174208],[124.331605,-9.486142],[124.228358,-9.373871],[124.095953,-9.406366],[124.080212,-8.908103],[124.404396,-8.818486],[124.497222,-8.947219],[124.476323,-9.174208]]]}},{"type":"Feature","properties":{"tzid":"Asia/Manila"},"geometry":{"type":"MultiPolygon","coordinates":[[[[115.298755,8.493266],[115.40733,8.369296],[115.369791,8.262009],[115.095417,8.267997],[115.077496,8.474647],[115.298755,8.493266]]],[[[114.184558,11.562655],[114.30824,11.646949],[114.457136,11.624951],[114.549903,11.508747],[114.535827,11.361801],[114.455861,11.331707],[114.184558,11.562655]]],[[[115.119986,10.906618],[115.087985,10.762714],[114.963869,10.679821],[114.815761,10.703614],[114.724973,10.821011],[114.851478,11.18589],[114.971927,11.273699],[115.120924,11.256097],[115.216669,11.142732],[115.119986,10.906618]]],[[[115.634008,10.726447],[115.691522,10.886324],[115.821783,10.959501],[115.967579,10.924568],[116.048866,10.800675],[116.012656,10.591333],[115.851838,10.480582],[115.671067,10.555938],[115.634008,10.726447]]],[[[114.4487,10.547829],[114.261638,10.548011],[114.163062,10.659517],[114.276315,10.895813],[114.124996,11.021636],[114.155427,11.205292],[114.400156,11.216317],[114.487773,10.908162],[114.707594,10.814836],[114.712345,10.621971],[114.4487,10.547829]]],[[[115.768766,9.975158],[115.964076,9.984324],[116.076292,9.826086],[116.028709,9.572473],[115.870473,9.458493],[115.725475,9.495432],[115.64584,9.620497],[115.768766,9.975158]]],[[[119.177961,5.663146],[119.076538,5.666446],[118.652138,6],[118.333333,6],[117.966667,6.283333],[117.930037,6.903599],[117.415877,7.417957],[116.742779,7.736281],[116.702526,8.057295],[117.314144,9.020453],[118.449561,10.112215],[119.649498,12.387071],[119.811091,13.888828],[119.545388,15.923243],[119.578102,16.361602],[120.135829,17.622182],[120.376299,18.588375],[121.029013,19.276429],[121.746322,21.193329],[121.852453,21.301658],[122.004166,21.314581],[122.156821,21.187837],[122.371176,19.99432],[122.736357,17.107906],[122.460757,16.31075],[123.118906,14.66257],[124.429103,14.249981],[125.228885,12.806267],[125.753761,12.1844],[126.364133,9.875948],[126.76973,7.749183],[126.798564,7.247694],[126.363287,6.168845],[125.631764,5.26822],[125.453997,5.170527],[125.263533,5.18904],[124.184962,5.962828],[122.319079,6.231811],[122.072477,5.890978],[120.805038,5.036756],[119.579735,4.383333],[119,4.383333],[118.999418,4.766733],[119.466118,5.192355],[119.457293,5.379702],[119.177961,5.663146]]]]}},{"type":"Feature","properties":{"tzid":"Asia/Muscat"},"geometry":{"type":"MultiPolygon","coordinates":[[[[56.224107,25.263211],[56.276054,25.337299],[56.344231,25.263878],[56.224107,25.263211]],[[56.271977,25.284737],[56.284567,25.266651],[56.271918,25.261182],[56.271977,25.284737]]],[[[56.060668,24.869518],[55.980164,24.894492],[56.136417,24.738916],[56.37464,24.980424],[56.585204,25.006413],[56.838956,24.577352],[57.277384,24.116075],[57.672443,23.986497],[58.140622,24.068117],[58.71636,23.795511],[58.945238,23.62149],[59.577456,22.796096],[59.950796,22.678123],[60.046665,22.48108],[60.019749,22.18113],[59.539768,21.347765],[59.048714,20.969463],[59.190592,20.498039],[58.933307,20.132393],[58.675223,19.957308],[58.27765,20.13266],[58.070745,20.124368],[57.926488,19.592077],[58.052186,19.061241],[58.017618,18.882941],[57.743907,18.743028],[57.108483,18.667514],[56.841836,18.488852],[56.744028,18.046916],[56.569195,17.865763],[56.605859,17.464835],[56.535347,17.350984],[55.481287,17.237355],[55.357534,17.016746],[55.071852,16.805868],[54.829333,16.737614],[54.504824,16.832407],[54.177828,16.807784],[53.672445,16.567481],[53.194831,16.467043],[52.827137,17.253787],[52.745833,17.294444],[52.782175,17.349733],[52,19],[54.98862,19.996219],[55.666685,22.000015],[55.221465,22.689822],[55.230209,23.094621],[55.571214,23.662073],[55.538357,23.972451],[56.017398,24.066467],[55.954447,24.222568],[55.790062,24.225682],[55.834147,24.39231],[55.767575,24.57258],[55.85162,24.965534],[56.010374,24.994769],[56.060668,24.869518]]],[[[56.278657,25.630159],[56.158441,25.687375],[56.164774,26.040835],[55.888369,26.151722],[56.198322,26.521247],[56.546245,26.702678],[56.746712,26.555477],[56.762933,26.119296],[56.566255,25.715997],[56.278657,25.630159]]]]}},{"type":"Feature","properties":{"tzid":"Asia/Nicosia"},"geometry":{"type":"Polygon","coordinates":[[[33.902404,35.077071],[34.230518,35.176645],[34.325075,34.906959],[34.083796,34.752253],[33.944512,34.928598],[33.746716,34.928468],[33.835736,34.740144],[33.704568,34.632945],[33.267732,34.499291],[33.119217,34.612985],[33.005918,34.515016],[32.782134,34.605659],[32.691702,34.438671],[32.221417,34.619096],[32.022795,35.066182],[32.127398,35.273006],[32.471669,35.368093],[32.598526,35.179118],[32.560064,35.389209],[32.62472,35.398534],[32.826175,35.092725],[33.390686,35.201163],[33.457937,35.024666],[33.902404,35.077071]]]}},{"type":"Feature","properties":{"tzid":"Asia/Novokuznetsk"},"geometry":{"type":"MultiPolygon","coordinates":[[[[86.803772,53.341559],[86.758039,53.330325],[86.749862,53.346927],[86.803772,53.341559]]],[[[84.917986,55.098051],[84.840738,55.215428],[84.916377,55.325019],[84.631197,55.39613],[84.782042,55.524161],[84.749985,55.619881],[84.548065,55.718945],[84.607771,55.799646],[84.496987,55.878822],[84.48076,55.955324],[84.564865,55.999013],[84.468672,56.019691],[84.501826,56.058625],[84.894759,56.161052],[85.00516,56.110391],[85.228729,56.221524],[85.669907,56.212905],[85.585041,56.262589],[85.626498,56.316471],[86.115687,56.500949],[86.247515,56.630249],[86.426621,56.549077],[86.67819,56.643265],[87.087475,56.535906],[87.188658,56.562746],[87.146073,56.652015],[87.596665,56.663656],[87.65431,56.543607],[88.350086,56.809432],[88.648622,56.820321],[88.626678,56.729194],[88.736076,56.714701],[88.663149,56.619767],[88.500879,56.62189],[88.605597,56.531252],[88.593416,56.430664],[89.040333,56.300755],[89.037126,56.205904],[89.280138,56.058667],[89.283631,55.915815],[89.372897,55.871603],[89.332331,55.779287],[88.677167,55.518021],[88.45619,55.311994],[88.556292,55.015183],[88.753418,54.80661],[88.601632,54.687546],[88.569722,54.491685],[88.395621,54.39793],[88.635993,54.281463],[88.843976,54.419733],[88.938367,54.320394],[89.129307,54.344582],[89.203874,54.27165],[89.159697,54.135923],[89.015799,54.081575],[89.240647,53.826126],[89.040515,53.787389],[88.786875,53.382874],[89.03918,53.274777],[88.945706,52.96205],[89.2339,52.816738],[89.077984,52.709128],[89.1155,52.620827],[88.682952,52.34303],[88.706087,52.254308],[88.40885,52.165213],[88.402039,52.44573],[88.25208,52.399897],[87.924832,52.536472],[87.621757,52.436733],[87.11888,52.598563],[87.167343,52.701842],[87.068933,52.69513],[86.912424,52.846971],[87.04883,53.015657],[86.64395,53.181412],[86.929877,53.47321],[86.392016,53.598497],[86.300385,53.829952],[86.185598,53.81122],[86.124254,53.980896],[85.913941,54.025414],[85.748616,54.163264],[85.417784,54.185544],[84.931165,54.608772],[85.001544,54.674786],[84.895124,54.728533],[85.088096,54.81637],[84.836142,55.008599],[84.917986,55.098051]]]]}},{"type":"Feature","properties":{"tzid":"Asia/Novosibirsk"},"geometry":{"type":"Polygon","coordinates":[[[77.957211,53.580373],[77.940798,53.499129],[78.07184,53.473564],[77.838684,53.327907],[76.537831,53.999853],[76.434915,54.122572],[76.756466,54.161826],[76.870511,54.297601],[76.788078,54.360039],[76.935638,54.415691],[76.874799,54.44829],[76.645675,54.336778],[76.25729,54.359271],[75.689282,54.122864],[75.690831,54.548148],[75.804489,54.540884],[75.824846,54.666423],[75.685818,54.674207],[75.651422,54.785556],[75.45963,54.914084],[75.354901,54.903732],[75.407364,54.991455],[75.134364,55.364616],[75.321737,55.49805],[75.140769,55.583898],[75.233735,55.625288],[75.104415,55.756425],[75.369374,55.740665],[75.321274,55.895495],[75.735762,56.099768],[76.303592,56.18131],[76.078125,56.297772],[76.078834,56.447698],[75.832441,56.414631],[76.289144,56.69712],[76.094728,57.235314],[76.92142,57.15837],[78.447513,57.165387],[78.432083,57.117342],[79.588576,56.92316],[80.260894,56.432612],[81.200191,56.535181],[81.573403,56.241888],[82.75407,56.4053],[82.817584,56.518067],[83.063528,56.537419],[83.288374,56.442797],[83.144219,56.375943],[83.182524,56.338315],[83.06484,56.230477],[83.196463,56.217654],[83.132915,56.129501],[83.273664,56.114154],[83.233748,56.056269],[83.377024,55.917896],[83.24997,55.715402],[83.445489,55.723099],[83.422492,55.676653],[83.523203,55.695337],[83.590507,55.616268],[83.807646,55.901964],[84.026525,56.023335],[84.571196,56.004842],[84.48076,55.955324],[84.607771,55.799646],[84.537552,55.727067],[84.741694,55.64171],[84.781169,55.540578],[84.620791,55.404216],[84.911635,55.326731],[84.815393,55.227678],[84.92385,55.136965],[84.836142,55.008599],[85.088096,54.81637],[84.931447,54.76216],[85.004051,54.679859],[84.931165,54.608772],[85.115957,54.43783],[84.649611,54.283067],[84.502641,54.152845],[83.587713,54.11011],[83.349197,53.934281],[83.306101,54.064866],[83.166364,54.050383],[82.714469,53.777518],[82.760353,53.749963],[82.514641,53.502987],[81.791775,53.71889],[81.798798,53.960298],[81.569604,53.908791],[81.613804,54.020344],[81.165196,54.110426],[80.899229,54.363335],[80.83474,54.34858],[80.863689,54.24618],[80.536902,54.170222],[80.517297,54.10529],[80.095745,54.055893],[79.816809,53.822997],[79.422323,53.678316],[78.640443,53.641711],[78.644647,53.524198],[78.381004,53.485869],[78.263333,53.489086],[78.179906,53.622647],[77.957211,53.580373]]]}},{"type":"Feature","properties":{"tzid":"Asia/Omsk"},"geometry":{"type":"MultiPolygon","coordinates":[[[[70.760325,55.929522],[70.702431,55.953126],[70.794906,55.95507],[70.760325,55.929522]]],[[[70.805579,55.984619],[70.754708,56.032833],[70.822172,56.046006],[70.805579,55.984619]]],[[[70.764573,56.376381],[70.819894,56.390106],[70.808114,56.361873],[70.764573,56.376381]]],[[[75.517602,54.903778],[75.528608,54.806083],[75.633059,54.80857],[75.836886,54.63909],[75.804489,54.540884],[75.690831,54.548148],[75.689282,54.122864],[75.375108,54.069969],[75.410296,53.959513],[75.046288,53.792666],[74.788442,53.828117],[74.634885,53.668046],[74.457114,53.6911],[74.486833,53.576022],[74.393545,53.459396],[74.287373,53.560321],[73.900866,53.651226],[73.362268,53.467588],[73.39763,53.521859],[73.238533,53.567274],[73.452278,53.876186],[73.661882,53.860029],[73.762765,54.041405],[73.627372,54.070136],[73.537452,53.952381],[73.275814,53.942662],[72.978488,54.049464],[72.994133,54.098518],[72.60836,54.137051],[72.532725,54.043559],[72.719211,53.999822],[72.486688,53.900754],[72.387299,53.935416],[72.435479,54.04642],[72.369583,54.083348],[72.491258,54.113345],[72.192975,54.357821],[72.032698,54.36647],[72.136123,54.305079],[72.089083,54.227043],[72.218467,54.181884],[72.184306,54.120593],[71.751968,54.253761],[71.721148,54.107894],[71.296101,54.184945],[71.122355,54.129279],[70.998572,54.336079],[71.198688,54.311703],[71.172732,54.529508],[71.293092,54.662309],[71.095265,54.701193],[70.975553,54.878718],[71.004325,55.053086],[70.798881,55.271488],[70.478014,55.272552],[70.487407,55.442696],[70.754709,55.583144],[70.54187,55.736888],[70.824089,55.833628],[70.543015,55.836094],[70.480815,55.899477],[70.851308,55.945393],[70.887905,56.133481],[70.734114,56.250962],[70.931944,56.3043],[70.828733,56.428648],[70.735458,56.424589],[71.053721,56.508961],[71.075766,56.691085],[71.553729,56.670291],[71.666198,56.798127],[71.609666,56.925146],[70.953068,57.383203],[70.796551,57.364556],[70.702876,57.201683],[70.384271,57.322922],[70.418236,57.415114],[70.685693,57.515541],[70.558242,57.717425],[70.400739,57.781063],[70.386176,57.940713],[70.895787,58.528295],[71.294018,58.397356],[71.207993,58.12655],[71.25194,58.053913],[71.983347,58.115545],[72.161215,58.018619],[72.808928,57.99688],[73.128288,58.155304],[74.249162,58.149466],[75.068849,58.554543],[75.371576,58.456707],[75.10151,58.357018],[75.224657,58.216143],[75.092677,58.127684],[75.565762,57.934585],[75.554379,57.666834],[76.078155,57.25661],[76.288271,56.701236],[75.836084,56.4513],[76.115904,56.438296],[76.09903,56.300998],[76.274233,56.195759],[76.226433,56.145236],[75.731579,56.112635],[75.295046,55.8711],[75.369374,55.740665],[75.104415,55.756425],[75.245422,55.638263],[75.151277,55.593549],[75.312352,55.537966],[75.091537,55.376634],[75.370589,55.068434],[75.407364,54.991455],[75.333838,54.918199],[75.517602,54.903778]],[[71.192629,56.301396],[71.192793,56.316864],[71.269255,56.31643],[71.192629,56.301396]],[[71.068497,56.327293],[71.021415,56.352802],[71.091926,56.330897],[71.068497,56.327293]]]]}},{"type":"Feature","properties":{"tzid":"Asia/Oral"},"geometry":{"type":"Polygon","coordinates":[[[53.914356,51.191577],[54.149298,51.09174],[54.284972,50.906169],[54.497539,50.853525],[54.430002,50.603905],[54.565237,50.51646],[54.364014,50.319676],[54.433651,50.100652],[54.571323,50.036029],[54.496307,49.77417],[54.267483,49.58818],[53.853414,49.599168],[53.633424,49.522911],[53.687611,49.467566],[53.601436,49.213897],[53.385096,49.099194],[53.422139,49.061459],[52.707538,48.995901],[52.713969,48.783278],[52.600495,48.740814],[52.553486,48.523263],[51.814921,48.574343],[51.592942,48.721394],[51.064819,48.682933],[50.914764,48.543888],[50.225906,48.280816],[50.001042,48.108875],[49.413757,48.043431],[49.464912,47.948086],[48.867433,48.089531],[47.201489,48.25177],[46.493218,48.432558],[46.779165,48.951414],[47.028725,49.089209],[46.996186,49.232396],[46.782242,49.339877],[46.869309,49.735767],[46.929524,49.874686],[47.182462,49.934959],[47.316916,50.060923],[47.3233,50.316725],[47.618809,50.458721],[48.106294,50.088136],[48.228175,49.876014],[48.419747,49.814284],[48.745624,49.921321],[48.879785,50.0042],[48.780596,50.100774],[48.636436,50.650451],[48.839083,50.605259],[49.42572,50.852649],[49.393635,51.080928],[49.775808,51.107109],[50.35757,51.326483],[50.338199,51.382011],[50.546865,51.46504],[50.585182,51.645835],[50.8073,51.5851],[50.767267,51.730786],[51.242058,51.684159],[51.380236,51.612732],[51.254303,51.56316],[51.342986,51.487012],[51.640005,51.538452],[51.629825,51.47496],[51.738729,51.465168],[51.894121,51.674189],[52.121559,51.671285],[52.359421,51.776124],[52.552283,51.458927],[52.765766,51.520605],[52.944809,51.456499],[53.330374,51.499853],[53.567126,51.433103],[53.673159,51.226614],[53.914356,51.191577]]]}},{"type":"Feature","properties":{"tzid":"Asia/Phnom_Penh"},"geometry":{"type":"Polygon","coordinates":[[[106.190087,10.79003],[105.944167,10.91674],[105.883577,10.850086],[105.76,11.028083],[105.31092,10.873786],[105.062197,10.935772],[105.074703,10.707991],[104.886673,10.538529],[104.589345,10.528918],[104.071012,10.154808],[104.094809,10.397065],[103.974807,10.475143],[103.810238,10.347106],[103.960899,10.074506],[103.052243,9.411096],[102.68728,9.889491],[102.587755,11.146457],[102.911378,11.743995],[102.710265,12.151517],[102.769614,12.444115],[102.511999,12.669825],[102.521857,12.996832],[102.366456,13.257113],[102.337286,13.547908],[102.618568,13.607901],[102.560778,13.680005],[102.733049,13.78085],[103.077987,14.290768],[103.543263,14.426588],[103.940186,14.331019],[104.880957,14.411588],[104.978535,14.38652],[105.065292,14.213225],[105.19163,14.346102],[105.362466,14.106438],[105.602235,14.147773],[105.785384,14.084335],[105.907454,13.932265],[106.059975,13.918844],[106.181742,14.050648],[105.996634,14.327601],[106.186541,14.35097],[106.250919,14.481257],[106.40466,14.449967],[106.545125,14.591967],[106.813893,14.313711],[106.96064,14.314753],[107.037053,14.443784],[107.173839,14.422531],[107.336619,14.586496],[107.417141,14.533011],[107.531966,14.686022],[107.350146,14.10138],[107.61761,13.528867],[107.631226,13.360403],[107.495636,13.027155],[107.584703,12.600391],[107.54633,12.356189],[107.436695,12.256767],[107.315694,12.32271],[107.174376,12.280594],[107.001692,12.101275],[106.81027,12.080698],[106.712756,11.969103],[106.416138,11.972806],[106.451296,11.693409],[106.027148,11.77525],[105.955542,11.643994],[105.855915,11.664117],[105.869437,11.315258],[106.18153,11.06154],[106.190087,10.79003]]]}},{"type":"Feature","properties":{"tzid":"Asia/Pontianak"},"geometry":{"type":"Polygon","coordinates":[[[113.841838,0.657745],[114.139889,0.683808],[114.146502,0.594677],[114.270487,0.529794],[114.524458,0.562795],[114.679647,0.702379],[114.95577,0.761823],[115.130253,0.38337],[114.902594,0.317721],[114.73734,0.031041],[114.874047,-0.015867],[115.00411,-0.269936],[115.160214,-0.094259],[115.298159,-0.081506],[115.230841,-0.333176],[115.378256,-0.636305],[115.302731,-0.805482],[115.349942,-0.891193],[115.528875,-0.861947],[115.62298,-1.013554],[115.844633,-1.129311],[115.741932,-1.321127],[115.469105,-1.431051],[115.378444,-1.5556],[115.306218,-1.838549],[115.434617,-1.939672],[115.296438,-2.216409],[115.048385,-2.340942],[114.603434,-2.814544],[114.357648,-3.32197],[113.991131,-5.188271],[110.15255,-4.636698],[109.069791,-4.038794],[109.389795,-2.420267],[109.387768,-2.067155],[108.533772,-2.009073],[108.25929,-1.024289],[108.138652,0.468988],[108.269431,1.04187],[108.961246,2.054931],[109.284549,2.240892],[109.7127,2.31472],[109.549253,1.928211],[109.689924,1.605515],[110.193532,1.180551],[110.279356,1.005704],[110.583178,0.857379],[110.810021,0.899929],[110.923796,1.030461],[111.221691,1.079293],[111.518338,0.965779],[111.65415,1.034903],[111.851501,1.002575],[111.944505,1.121158],[112.144047,1.146952],[112.241006,1.456841],[112.511044,1.577666],[112.99584,1.578233],[113.017623,1.405889],[113.114082,1.435799],[113.6776,1.233966],[113.95346,1.441562],[114.153356,1.452763],[114.13803,1.186317],[113.900066,1.058476],[113.92161,0.832215],[113.841838,0.657745]]]}},{"type":"Feature","properties":{"tzid":"Asia/Pyongyang"},"geometry":{"type":"Polygon","coordinates":[[[130.572553,42.468093],[130.883333,42.15],[130.232895,41.863058],[129.955987,41.568664],[130.070137,41.405817],[129.995052,41.16253],[130.025778,40.913521],[129.774639,40.537062],[129.642213,40.456507],[129.384437,40.45519],[128.814137,40.02914],[127.854468,39.663499],[127.788575,39.47216],[127.887589,39.300274],[128.00136,39.195518],[128.291772,39.131408],[128.365111,38.944173],[128.57436,38.799725],[128.633885,38.661069],[128.34288,38.608215],[128.262438,38.422444],[128.086727,38.318204],[127.11632,38.297875],[126.690985,37.957737],[126.616126,37.777515],[126.237508,37.831655],[126.016671,37.658327],[125.750007,37.714709],[125.244443,37.58333],[124.866667,37.766667],[124.85,38],[124.418258,38.05],[124.411815,38.198227],[124.600737,38.363455],[124.51418,38.487707],[124.529316,38.634732],[125.031442,39.188873],[124.791936,39.076237],[124.589034,39.095112],[124.312118,39.501578],[124.135307,39.598938],[124.215024,39.885833],[124.518047,40.226668],[124.900577,40.481886],[125.655066,40.764036],[125.7689,40.891479],[126.009199,40.895555],[126.429477,41.348912],[126.530359,41.353408],[126.565621,41.597799],[126.682518,41.737543],[126.77462,41.69622],[126.935793,41.808166],[127.151127,41.59734],[127.113679,41.55938],[127.302173,41.477833],[128.123425,41.380039],[128.300155,41.610291],[128.145274,41.736981],[128.084436,42.020423],[128.929061,42.016026],[129.165813,42.163715],[129.233235,42.368568],[129.356696,42.455557],[129.53285,42.367633],[129.70761,42.430493],[129.851428,42.961559],[129.932964,43.008588],[130.268084,42.876432],[130.244443,42.72985],[130.423695,42.56156],[130.509832,42.619536],[130.572553,42.468093]]]}},{"type":"Feature","properties":{"tzid":"Asia/Qatar"},"geometry":{"type":"MultiPolygon","coordinates":[[[[52.378334,24.900336],[52.240327,24.829744],[52.106809,24.863362],[52.017458,24.969838],[52.053726,25.157496],[52.193747,25.231561],[52.351827,25.202224],[52.455827,25.017168],[52.345961,24.997718],[52.378334,24.900336]]],[[[52.2179,25.782894],[52.478334,25.873423],[52.605158,25.782552],[52.625371,25.60597],[52.495733,25.481909],[52.34067,25.476284],[52.192483,25.613367],[52.2179,25.782894]]],[[[50.811725,24.744546],[50.573209,25.541395],[50.81,25.535],[50.923365,26.267215],[51.146852,26.424618],[51.301403,26.425749],[51.809347,26.063161],[51.761425,25.607422],[51.870545,25.357034],[51.836145,24.784248],[51.139752,24.476483],[50.934264,24.541517],[50.811725,24.744546]]]]}},{"type":"Feature","properties":{"tzid":"Asia/Qostanay"},"geometry":{"type":"Polygon","coordinates":[[[60.353629,51.687508],[60.480975,51.767422],[60.144821,51.906886],[60.058908,51.870145],[60.002009,51.95494],[61.055758,52.342806],[60.711907,52.764361],[61.215756,53.02489],[61.960761,52.950151],[62.135846,53.014839],[62.119306,53.111815],[61.673926,53.265659],[61.568191,53.218471],[61.177036,53.311756],[61.249537,53.499359],[61.506719,53.473348],[61.553065,53.593052],[60.934281,53.624609],[60.895929,53.667893],[61.042426,53.653013],[61.227176,53.795613],[61.136899,53.904515],[60.993495,53.906975],[61.029357,53.955111],[61.262298,53.926293],[61.250185,54.023399],[61.381999,54.08483],[61.570112,53.986805],[61.86867,54.015903],[61.981156,53.949272],[62.043865,53.948456],[62.050265,54.040863],[62.402735,54.046622],[62.494006,54.032625],[62.420081,54.007491],[62.491253,53.922736],[62.588189,54.064123],[63.086962,54.106188],[63.199966,54.188843],[63.7944,54.27179],[64.004505,54.211381],[64.019783,54.306639],[64.956087,54.417224],[65.221956,54.334286],[65.212465,54.531772],[65.464698,54.566447],[65.530516,54.649518],[65.74729,54.607419],[65.981779,54.717041],[65.964186,54.637817],[66.075413,54.640493],[66.176895,54.293461],[66.031682,54.251457],[66.317728,54.102019],[65.963115,53.999051],[66.047507,53.803239],[66.179261,53.805575],[66.110903,53.502714],[66.249266,53.503392],[66.257283,53.239738],[66.402139,53.089514],[66.050509,53.060725],[66.070705,52.98159],[66.321358,52.969936],[66.307907,52.886252],[66.118381,52.893548],[66.12868,52.764401],[66.01877,52.760916],[65.998646,52.204637],[65.868951,52.140868],[65.768507,51.920512],[65.352417,51.793489],[65.383141,51.6849],[65.577328,51.628161],[65.461513,51.440078],[65.546696,51.403486],[65.38801,51.326762],[65.481588,51.24315],[65.426058,51.203373],[65.632958,51.082366],[65.604629,50.830898],[65.808353,50.874812],[65.861935,50.96438],[65.994442,50.949347],[66.315597,50.685432],[66.724494,50.6115],[66.990896,50.658193],[67.110798,50.622153],[67.131889,50.383921],[68.008922,50.53809],[68.09202,50.464906],[67.964178,50.317178],[67.63019,50.236498],[67.63818,50.118809],[67.39912,49.915454],[66.651436,49.456682],[66.542177,49.270411],[66.07309,48.993151],[65.815011,48.986633],[65.753296,48.886737],[65.48613,48.828328],[64.745805,48.937745],[64.698019,48.675664],[64.468672,48.674727],[64.545296,48.528922],[64.227456,48.461781],[64.28285,48.347707],[64.056031,48.199092],[63.770803,48.453998],[63.078707,48.682438],[63.04927,48.758066],[63.125459,48.835562],[63.020385,48.929403],[62.845444,48.848813],[62.36143,49.200801],[62.547452,49.253269],[62.338612,49.477543],[62.367337,49.577772],[62.473174,49.562053],[62.43796,49.683664],[62.637693,49.88542],[62.739589,49.940186],[62.896478,49.882728],[62.947993,49.969758],[62.501305,50.490009],[62.439803,50.688706],[62.229542,50.676022],[62.235709,50.78559],[62.430261,50.852835],[62.208493,51.013043],[62.275578,51.041156],[62.131163,51.138759],[61.994738,51.089337],[61.870904,51.303024],[61.689785,51.255963],[61.500527,51.409259],[60.99581,51.473549],[60.924661,51.590376],[60.353629,51.687508]]]}},{"type":"Feature","properties":{"tzid":"Asia/Qyzylorda"},"geometry":{"type":"Polygon","coordinates":[[[63.90218,46.822937],[65.140843,46.476547],[65.550627,46.236068],[67.136845,46.143307],[67.175252,45.93417],[67.356352,45.775346],[67.167364,45.343649],[67.516214,45.147768],[67.462029,44.367757],[67.733382,44.271978],[68.039847,44.032834],[67.92163,43.88645],[67.968916,43.742266],[67.823925,43.743664],[67.813837,43.56305],[67.664055,43.383074],[67.658746,43.331117],[67.79358,43.329253],[67.825685,43.180881],[67.224276,42.951245],[66.070676,42.337941],[66.096693,42.938138],[65.844156,42.858255],[65.559258,43.289475],[65.184862,43.495162],[65.002156,43.715397],[64.534861,43.570687],[63.349076,43.650485],[62.006226,43.505507],[61.138082,44.22485],[61.107596,44.360495],[59.097302,45.321844],[59.030602,46.007044],[60.129609,46.894867],[60.474422,46.910811],[60.495002,47.121809],[60.923499,47.110337],[61.359797,47.818785],[61.924863,47.827727],[62.212529,47.545556],[62.605726,47.328445],[62.581169,47.242345],[63.407087,47.113482],[63.207827,47.031274],[63.90218,46.822937]]]}},{"type":"Feature","properties":{"tzid":"Asia/Riyadh"},"geometry":{"type":"Polygon","coordinates":[[[52.016837,19.00563],[50.783333,18.788889],[49.116667,18.616667],[48.183333,18.166667],[47.6,17.449999],[47.466667,17.116667],[47.183333,16.95],[47,16.95],[46.75,17.283333],[46.1,17.25],[45.4,17.333333],[45.216667,17.433333],[44.366111,17.433333],[43.842417,17.339417],[43.379444,17.555389],[43.226434,17.427121],[43.326,17.328361],[43.201722,17.258806],[43.158028,17.114056],[43.239701,17.047399],[43.143694,16.924639],[43.258806,16.755306],[43.236417,16.667028],[43.120722,16.528583],[42.958167,16.502528],[42.956472,16.402139],[42.15,16.404111],[41.680149,16.29],[41.22499,16.804857],[40.59484,17.973377],[40.460605,18.427896],[39.963143,18.893711],[39.724062,19.640372],[39.294263,20.181745],[38.824553,21.037746],[38.531142,21.834553],[38.635811,22.361175],[38.398663,22.71151],[38.38914,22.978272],[37.846912,23.54233],[37.513185,24.015943],[36.987047,24.267955],[36.654638,25.124138],[36.273909,25.567847],[36.27775,25.964505],[35.589538,26.847968],[35.332708,27.319863],[34.97272,27.635956],[34.533414,27.711259],[34.477073,27.789704],[34.461476,28.001761],[34.884437,29.375196],[36.072812,29.183401],[36.437147,29.420729],[36.783652,29.866288],[37.496062,29.998489],[37.656274,30.315191],[37.997146,30.500661],[37.013648,31.493687],[39.006312,32.00063],[39.179189,32.135387],[39.412755,32.119209],[40.42723,31.940393],[41.422279,31.383679],[42.074232,31.116292],[44.706547,29.204921],[47.442141,29.001515],[47.584698,28.835613],[47.602017,28.666122],[47.766794,28.525484],[48.430363,28.534302],[48.692598,28.631935],[49.100162,28.360068],[49.606921,27.774409],[49.784305,27.9195],[50.327654,27.886545],[50.403293,27.781412],[50.362181,27.663519],[50.201677,27.578435],[50.041962,27.616827],[50.01306,27.544949],[50.430054,27.046199],[50.487138,26.590015],[50.341743,26.373346],[50.304243,25.879181],[50.615226,25.478381],[50.706589,24.947472],[50.928351,24.54682],[51.128204,24.475231],[51.586122,24.664189],[51.416071,24.393194],[51.589825,24.26588],[51.635401,24.074033],[52.579546,22.941011],[55.238286,22.663824],[55.666685,22.000015],[55.000719,20.002164],[52.016837,19.00563]]]}},{"type":"Feature","properties":{"tzid":"Asia/Sakhalin"},"geometry":{"type":"MultiPolygon","coordinates":[[[[140.947393,46.362462],[141.127754,46.478774],[141.341561,46.479026],[141.523671,46.364707],[141.556177,46.214439],[141.417396,46.06449],[141.160312,46.027509],[140.941491,46.159277],[140.947393,46.362462]]],[[[141.84525,50.182124],[141.719313,50.814691],[141.924026,51.06364],[141.769464,51.356043],[141.415715,51.620122],[141.59004,52.12662],[141.523373,52.428287],[141.636707,53.163288],[141.708374,53.238288],[141.494121,53.548876],[142.314148,53.845742],[141.94938,54.216882],[141.9725,54.417902],[142.598401,54.617841],[142.853156,54.606634],[143.000837,54.540076],[143.331913,54.114343],[143.240215,53.856734],[143.531804,53.361836],[143.666187,52.82358],[143.473252,52.098698],[143.740963,51.558812],[144.05939,50.454392],[144.534811,49.5564],[144.595151,49.27982],[144.971282,48.937283],[145.049778,48.632419],[144.803789,48.339024],[144.503797,48.318754],[144.342933,48.434761],[144.339125,48.735642],[143.894729,49.076773],[143.564169,49.116794],[143.264894,49.042876],[143.274383,48.852302],[143.031836,48.480291],[142.823431,47.796042],[143.269703,47.355298],[143.361111,47.041995],[143.601208,47.015849],[143.763754,46.866481],[143.905314,46.375635],[143.685649,45.952721],[143.54964,45.843828],[143.19708,45.890276],[143.051433,46.358421],[142.906208,46.413364],[142.628245,46.414739],[142.45234,45.96515],[142.495809,45.727663],[142.327838,45.605572],[141.874898,45.753281],[141.638157,46.016358],[141.519595,46.599882],[141.758166,47.128712],[141.670789,47.300373],[141.666602,47.63311],[141.87795,48.052513],[141.839691,48.290323],[141.585779,48.6128],[141.548501,48.801661],[141.712484,49.056944],[141.831678,49.535809],[141.84525,50.182124]]]]}},{"type":"Feature","properties":{"tzid":"Asia/Samarkand"},"geometry":{"type":"Polygon","coordinates":[[[60.156821,41.858297],[59.933553,41.976019],[60.038236,42.063693],[59.929984,42.2755],[59.436521,42.291573],[59.173344,42.531],[59.01638,42.523542],[58.664806,42.770369],[58.599885,42.660775],[58.180891,42.639208],[58.512731,42.289375],[58.395614,42.286966],[58.337912,42.43972],[58.070074,42.50863],[57.929169,42.43972],[57.943142,42.250383],[57.859762,42.185356],[57.320432,42.144782],[57.135279,41.937975],[56.966913,41.889147],[57.043703,41.45204],[57.189607,41.350211],[57.030954,41.240937],[55.998553,41.32221],[55.99892,45.000136],[58.587941,45.590678],[61.066861,44.371739],[61.137011,44.229331],[62.004055,43.505401],[63.349076,43.650485],[64.534861,43.570687],[65.002156,43.715397],[65.184862,43.495162],[65.559258,43.289475],[65.844156,42.858255],[66.096693,42.938138],[65.99871,41.937179],[66.533107,41.876947],[66.760133,41.12304],[66.643363,41.111816],[66.647963,40.898053],[66.771026,40.766413],[66.661228,40.495712],[66.894803,40.438857],[66.884813,40.278525],[67.09595,39.940553],[67.407309,39.924983],[67.527863,39.809738],[67.382149,39.74085],[67.496266,39.581878],[67.40595,39.533012],[67.473254,39.346803],[67.358742,39.264733],[67.661985,39.14394],[67.703983,39.00031],[68.115776,39.013174],[68.184452,38.943017],[68.174894,38.84182],[68.079852,38.816293],[68.081609,38.426052],[68.404131,38.187521],[68.376596,38.086967],[68.277819,37.921133],[68.130567,37.91613],[68.004393,37.69691],[67.868556,37.639101],[67.796326,37.202199],[67.474254,37.259764],[67.246187,37.189022],[66.970971,37.389662],[66.528516,37.371957],[66.584764,37.470107],[66.548225,37.791774],[66.685275,37.947007],[66.646241,37.98472],[65.920544,38.273716],[65.510151,38.31694],[64.330592,38.995261],[64.09497,39.007408],[62.493006,39.948533],[62.349376,40.429475],[62.136064,40.564435],[61.889533,41.097841],[61.459064,41.286063],[61.330455,41.147812],[61.042936,41.255673],[60.459934,41.228022],[60.077486,41.448678],[60.172315,41.576077],[60.061651,41.769625],[60.297919,41.752274],[60.156821,41.858297]]]}},{"type":"Feature","properties":{"tzid":"Asia/Seoul"},"geometry":{"type":"MultiPolygon","coordinates":[[[[131.872303,37.449401],[132.085506,37.369423],[132.131195,37.17509],[132.007392,37.065995],[131.760063,37.05367],[131.608143,37.159085],[131.585998,37.268316],[131.702015,37.412931],[131.872303,37.449401]]],[[[131.205905,37.473942],[131.091013,37.328946],[130.874083,37.253126],[130.596859,37.34693],[130.516205,37.536683],[130.67585,37.705961],[130.964584,37.749544],[131.193752,37.614776],[131.205905,37.473942]]],[[[124.977552,37.687367],[124.784036,37.566614],[124.575001,37.59751],[124.416062,37.742699],[124.379716,38.05],[124.85,38],[124.866667,37.766667],[124.977552,37.687367]]],[[[126.01284,33.516782],[126.056785,33.660068],[125.060806,33.85217],[124.901504,33.941367],[124.836426,34.109182],[124.963679,34.789607],[125.776023,35.449742],[125.847992,35.678229],[125.750885,36.014949],[125.288282,36.591607],[125.517064,37.059329],[125.712981,37.181098],[125.867803,37.40942],[125.552419,37.445337],[125.427282,37.645505],[125.750007,37.714709],[126.003779,37.661025],[126.160745,37.717501],[126.206094,37.823248],[126.616126,37.777515],[126.691253,37.8394],[126.672458,37.948881],[127.11632,38.297875],[128.072918,38.310561],[128.285667,38.445165],[128.309716,38.593947],[128.653787,38.617702],[128.890228,38.190435],[129.570007,37.361699],[129.674162,37.11376],[129.730463,36.77584],[129.659464,36.321779],[129.832649,35.99273],[129.669034,35.39998],[129.465637,35.140968],[129.266581,35.13371],[129.174114,35.041729],[128.792723,34.509953],[128.816275,34.343261],[127.999062,34.123301],[127.722587,33.853311],[126.91532,33.759199],[127.215229,33.541639],[127.123107,33.297263],[126.929168,33.119151],[126.355103,32.920687],[126.143092,32.938431],[125.901947,33.310734],[126.01284,33.516782]]]]}},{"type":"Feature","properties":{"tzid":"Asia/Shanghai"},"geometry":{"type":"MultiPolygon","coordinates":[[[[117.50311,15.211667],[117.597184,15.383482],[117.797278,15.416751],[117.992273,15.285062],[118.05144,15.095424],[117.938674,14.934832],[117.678029,14.913467],[117.543229,15.015424],[117.50311,15.211667]]],[[[114.094916,9.652468],[114.320149,9.779858],[114.450066,9.596087],[114.271625,9.515817],[114.094916,9.652468]]],[[[114.512969,9.709456],[114.392851,10.045144],[114.552484,10.101774],[114.512969,9.709456]]],[[[114.061329,10.087432],[114.02102,10.219164],[114.084902,10.352867],[114.285787,10.350427],[114.327639,10.053185],[114.155672,9.987374],[114.061329,10.087432]]],[[[115.768766,9.975158],[115.599826,9.679634],[115.450428,9.695437],[115.308181,9.834004],[115.310546,9.982001],[115.448184,10.122933],[115.598295,10.116459],[115.768766,9.975158]]],[[[114.105274,11.143982],[114.253065,10.903308],[114.150612,10.721072],[114.050655,10.708259],[113.918764,10.778981],[113.872376,10.919342],[113.96038,11.097628],[114.105274,11.143982]]],[[[113.046217,9.410956],[112.810945,9.348677],[112.672315,9.541493],[112.830339,9.786691],[113.01502,9.86171],[113.155502,9.809364],[113.221002,9.676411],[113.046217,9.410956]]],[[[112.789185,8.669355],[112.701159,9.017667],[112.89326,9.054572],[113.00827,8.960414],[113.02635,8.813908],[112.937615,8.695133],[112.789185,8.669355]]],[[[112.192821,15.695485],[112.196391,15.738498],[112.292409,15.729464],[112.192821,15.695485]]],[[[112.858454,16.836937],[112.94751,16.616175],[112.798509,16.026188],[112.679013,15.879075],[111.251042,15.579204],[111.021651,15.661634],[110.982179,15.804018],[111.249763,17.151955],[111.345945,17.266172],[111.563099,17.3148],[112.338658,17.18052],[112.858454,16.836937]]],[[[113.53634,15.574764],[113.772567,15.694511],[113.976887,16.029858],[114.216677,16.143357],[114.820581,16.33524],[114.992886,16.13606],[114.655143,15.592188],[114.354692,15.544171],[114.185177,15.377046],[113.887022,15.360556],[113.53634,15.574764]]],[[[89.179799,27.376248],[88.992648,27.21277],[88.908977,27.273788],[88.770384,27.558931],[88.878658,27.880989],[88.822541,28.021217],[88.643694,28.10571],[88.121856,27.8776],[87.849598,27.948568],[87.70959,27.81156],[87.18293,27.82234],[86.722899,28.10562],[86.594174,28.103159],[86.443089,27.909614],[86.247727,27.975932],[86.19193,28.16697],[86.088651,28.047987],[86.112485,27.950805],[85.97472,27.92588],[85.683634,28.382455],[85.642073,28.282737],[85.117619,28.338019],[85.19457,28.617057],[85.11906,28.684291],[84.948341,28.580349],[84.474829,28.747486],[84.374995,28.865473],[84.229932,28.892246],[84.202402,29.236222],[83.976304,29.328452],[83.582065,29.177381],[83.188323,29.608334],[82.821657,29.694555],[82.551952,29.959873],[82.16653,30.075893],[82.110713,30.335161],[81.619859,30.446794],[81.55058,30.380086],[81.404761,30.412306],[81.39508,30.211577],[81.260909,30.151582],[81.250622,30.015085],[81.149729,30.011757],[80.997189,30.265889],[80.223419,30.578524],[80.238638,30.762319],[79.856256,30.975817],[79.573281,30.949609],[79.314137,31.146987],[79.139965,31.432947],[78.803181,31.305734],[78.721379,31.504014],[78.838022,31.59744],[78.702198,31.807091],[78.775253,31.989331],[78.506423,32.269329],[78.405312,32.554792],[78.729261,32.682403],[78.806475,32.446494],[78.971809,32.337368],[79.311149,32.560112],[79.400961,32.525264],[79.442781,32.722094],[79.171794,32.996802],[79.130636,33.199697],[78.706686,33.630988],[78.761985,33.824253],[78.661189,34.082475],[78.895387,34.148456],[78.977108,34.359911],[78.703236,34.527391],[78.269401,34.635359],[78.202275,34.954787],[78.004389,35.264613],[78.114767,35.474931],[77.458385,35.468431],[76.957573,35.596266],[76.583543,35.792273],[76.555835,35.927243],[76.177801,35.824194],[76.097586,36.000464],[75.954095,36.052928],[76.060208,36.225084],[75.871468,36.662059],[75.675804,36.764054],[75.436191,36.749324],[75.409625,36.945542],[75.11032,37.007967],[74.926714,36.945011],[74.841108,37.05709],[74.574345,37.030937],[74.494326,37.090986],[74.542788,37.249327],[74.737741,37.286012],[74.808381,37.215249],[75.12185,37.315837],[75.126069,37.450919],[74.916118,37.632581],[74.988984,37.804448],[74.916467,38.022828],[74.711444,38.212737],[74.65039,38.446176],[74.12872,38.639348],[73.976574,38.536643],[73.800989,38.61609],[73.709643,38.897331],[73.844033,38.9901],[73.511106,39.374649],[73.62362,39.468768],[73.872684,39.482773],[73.945387,39.613294],[73.837642,39.77088],[73.937802,40.022075],[74.160057,40.115545],[74.355607,40.098748],[74.710814,40.349575],[74.902943,40.342636],[74.79209,40.444842],[74.862725,40.512848],[75.199787,40.447719],[75.592318,40.663394],[75.719191,40.464836],[75.69912,40.280776],[76.258952,40.423631],[76.325402,40.358742],[76.538321,40.475665],[76.750831,40.942982],[76.866312,41.019062],[77.691648,41.006074],[77.816155,41.136948],[78.116334,41.227934],[78.199117,41.394646],[78.640505,41.470811],[79.295356,41.791387],[79.777663,41.899283],[79.90953,42.040513],[80.211299,42.047285],[80.16523,42.188632],[80.286477,42.254204],[80.17713,42.671616],[80.274608,42.834196],[80.572503,42.888229],[80.41084,42.986951],[80.419205,43.059873],[80.796856,43.173509],[80.702449,43.31825],[80.753317,43.45941],[80.396238,44.110114],[80.349877,44.459712],[80.404897,44.600118],[80.166736,44.832525],[80.020629,44.799528],[79.943759,44.937822],[80.109696,45.047135],[80.858654,45.125445],[81.767478,45.377095],[81.913999,45.237858],[82.553594,45.201602],[82.587726,45.34472],[82.279959,45.535138],[82.286084,45.702954],[83.02515,47.201702],[83.361789,47.177994],[83.919312,46.975557],[84.73609,47.005229],[84.943009,46.863262],[85.231609,47.049564],[85.525356,47.051582],[85.683082,47.254876],[85.539207,48.000318],[85.586779,48.191826],[85.78743,48.417453],[86.222999,48.432191],[86.584172,48.537452],[86.754102,48.707611],[86.809527,48.827737],[86.737467,49.00006],[86.881465,49.129394],[87.421646,49.073992],[87.80488,49.170117],[87.885218,48.989075],[87.75408,48.914693],[88.049841,48.720839],[88.003364,48.566271],[88.569925,48.350304],[88.654904,48.172411],[89.059596,47.991731],[89.572306,48.033388],[89.749901,47.854616],[90.051498,47.874648],[90.076175,47.774752],[90.362635,47.661312],[90.559788,47.205167],[90.893412,46.959929],[91.043554,46.70221],[91.052721,46.524237],[90.908887,46.288015],[91.021313,46.030048],[90.744583,45.765986],[90.669308,45.552886],[90.864547,45.204098],[91.122238,45.214054],[91.656624,45.065822],[92.49047,45.000053],[92.881584,45.046537],[93.531425,44.956341],[94.211365,44.667726],[94.723754,44.339049],[94.994415,44.254539],[95.425632,44.28061],[95.328196,44.036509],[95.522808,44.005056],[95.907773,43.236271],[96.363049,42.898692],[96.387409,42.724526],[97.171582,42.794571],[99.503313,42.566343],[100.318122,42.687395],[100.877645,42.665942],[101.793845,42.504084],[102.057581,42.212444],[102.742445,42.129182],[103.399587,41.885538],[103.917704,41.795824],[104.523668,41.873404],[104.517016,41.659575],[104.91643,41.652489],[105.002346,41.582836],[105.696938,41.930908],[107.453178,42.456661],[107.918793,42.402268],[109.441437,42.451313],[110.41568,42.769218],[110.996117,43.314171],[111.572907,43.490772],[111.959731,43.7256],[111.88308,43.919216],[111.409287,44.344635],[111.739548,44.944046],[111.980904,45.086868],[112.437271,45.066605],[112.756813,44.862572],[113.606682,44.746994],[114.125603,44.961857],[114.597612,45.405161],[115.356003,45.389411],[115.689734,45.458652],[116.205949,45.716938],[116.257953,45.942551],[116.598251,46.302972],[116.861053,46.376898],[117.368466,46.360481],[117.415131,46.580458],[117.829204,46.528734],[118.322878,46.736077],[118.785133,46.687448],[118.896858,46.775786],[119.331615,46.611225],[119.679037,46.593475],[119.906069,46.688409],[119.908146,46.890607],[119.694037,47.199999],[119.322418,47.433987],[119.354477,47.47263],[119.142807,47.542367],[119.128677,47.623714],[118.754822,47.77208],[118.560913,47.987915],[117.816728,48.016081],[117.375183,47.640041],[116.819771,47.894871],[116.256383,47.877609],[115.935331,47.681231],[115.570512,47.919093],[115.52037,48.152904],[115.810616,48.254886],[115.786523,48.522533],[116.057169,48.793834],[116.036339,48.867382],[116.713701,49.845663],[117.0614,49.6856],[117.792856,49.520222],[118.651262,49.949668],[119.052916,49.985414],[119.268143,50.108953],[119.379122,50.320407],[119.147682,50.379282],[119.481707,50.741279],[119.582596,50.969183],[119.75753,51.096085],[120.0503,51.630347],[120.633844,51.920422],[120.763545,52.11766],[120.751631,52.255407],[120.618136,52.344724],[120.716071,52.52634],[120.462726,52.641227],[120.088892,52.584201],[120.028126,52.758718],[120.883548,53.292295],[121.212247,53.278586],[122.349666,53.500296],[122.872477,53.459075],[123.505877,53.555033],[124.127032,53.346433],[124.243767,53.374718],[124.431644,53.216727],[124.872549,53.097006],[124.928575,53.180844],[125.137893,53.201716],[125.51884,53.048466],[125.614337,53.078048],[125.72768,52.943965],[125.657585,52.878371],[125.82954,52.895372],[125.928684,52.769625],[126.084163,52.77994],[125.961738,52.650395],[125.996767,52.589962],[126.152121,52.563503],[126.339958,52.395943],[126.389413,52.302925],[126.296796,52.22453],[126.556576,52.120094],[126.43829,52.025466],[126.705589,51.728201],[126.66954,51.598724],[126.827588,51.536273],[126.781292,51.435072],[126.923771,51.362781],[126.811504,51.289087],[126.912785,51.254076],[126.9454,51.333511],[126.917419,51.06902],[127.28462,50.756541],[127.356014,50.591632],[127.339409,50.322902],[127.599405,50.201224],[127.488934,50.012711],[127.556631,49.790365],[127.902667,49.573133],[128.788386,49.581245],[128.743189,49.483099],[128.961846,49.458668],[129.098138,49.35286],[129.35208,49.351694],[129.457645,49.433279],[129.5593,49.289463],[129.744365,49.264375],[129.913791,49.042492],[130.210285,48.876325],[130.662689,48.879707],[130.531902,48.643487],[130.607968,48.506968],[130.758197,48.497286],[130.830086,48.293195],[130.653706,48.107718],[130.863971,47.936225],[130.973748,47.705657],[131.424849,47.743379],[131.621976,47.656885],[132.589792,47.729685],[132.652127,47.935596],[132.815792,47.935005],[133.084688,48.105311],[133.522473,48.121542],[134.22234,48.385944],[134.758197,48.366066],[134.55205,48.007516],[134.766757,47.710782],[134.565315,47.48287],[134.292627,47.418304],[134.161148,47.288063],[134.220861,47.147655],[133.843683,46.457603],[133.940165,46.399516],[133.910707,46.263482],[133.688002,46.15563],[133.735593,46.054084],[133.461656,45.835693],[133.475102,45.678805],[133.179913,45.490743],[133.098243,45.120378],[132.921459,45.030494],[131.881933,45.339631],[131.522851,45.011233],[130.980499,44.865842],[131.295611,44.069484],[131.204965,43.561063],[131.310602,43.397125],[131.098057,43.024631],[131.120308,42.925766],[130.428856,42.749452],[130.616631,42.62348],[130.55833,42.505264],[130.626733,42.432166],[130.517643,42.607566],[130.427223,42.551326],[130.235647,42.730545],[130.259729,42.878334],[129.932964,43.008588],[129.849652,42.952856],[129.711108,42.436657],[129.618904,42.461052],[129.561051,42.377652],[129.322173,42.42477],[129.206204,42.321264],[129.219142,42.217132],[128.900067,42.014432],[128.056396,42.007261],[128.149968,41.728295],[128.29971,41.600405],[128.116999,41.366721],[127.941076,41.447915],[127.342205,41.461719],[127.097621,41.543126],[127.048115,41.74027],[126.898625,41.793291],[126.797059,41.695398],[126.707757,41.746609],[126.607159,41.666465],[126.532096,41.36958],[126.120624,41.089467],[126.050867,40.94783],[125.77535,40.890737],[125.631396,40.762909],[125.018257,40.529667],[125.040741,40.48325],[124.89098,40.476978],[124.373235,40.102558],[124.130316,39.622919],[123.3772,39.51],[123.299933,39.317],[123.474499,39.067],[123.389821,38.888],[122.978835,38.84865],[122.713893,38.731766],[122.53408,38.815949],[122.465995,38.952],[122.259876,38.934],[122.169897,38.881],[122.390626,38.768665],[122.354892,38.540098],[122.067612,38.487193],[121.906375,38.665804],[121.862213,38.473664],[121.688885,38.37565],[121.490942,38.409163],[121.38384,38.571104],[121.137504,38.523511],[121.18288,38.379889],[121.08891,38.201],[121.212774,37.903],[121.793988,37.658],[122.079936,37.774],[122.371121,37.652],[122.742894,37.639],[122.955448,37.420642],[122.703856,36.76103],[121.052467,35.745442],[120.219687,34.99001],[121.828794,33.137375],[122.446393,31.536128],[123.388089,30.769392],[123.163644,30.104245],[122.482334,28.805189],[121.321162,27.35827],[120.129192,25.329364],[119.640101,24.840829],[118.388601,24.01489],[117.858399,23.406441],[117.311032,23.01815],[114.058469,21.62705],[112.489257,21.286145],[111.451357,19.865439],[110.677321,18.563833],[109.809956,18.011264],[109.532096,17.96143],[109.085926,18.046376],[108.492443,18.418246],[108.392071,19.231378],[108.488817,19.488264],[109.013714,19.972938],[108.998969,20.814148],[108.21809,21.164912],[108.076093,21.499035],[107.878492,21.633618],[107.394726,21.615225],[107.304943,21.73778],[107.037534,21.816046],[107.036639,21.935908],[106.729002,21.992695],[106.68628,22.270004],[106.566567,22.344182],[106.564529,22.437122],[106.608953,22.58041],[106.71116,22.580452],[106.83021,22.793552],[106.710501,22.881197],[106.527445,22.945064],[106.354261,22.85776],[106.163657,22.986368],[105.896341,22.938253],[105.58269,23.067453],[105.565138,23.164706],[105.300071,23.370347],[104.832165,23.115595],[104.843988,22.930729],[104.735358,22.830117],[104.587679,22.852009],[104.384323,22.702409],[104.269259,22.824508],[104.119332,22.811915],[103.979873,22.50775],[103.665608,22.777686],[103.523177,22.597231],[103.330063,22.809083],[103.033541,22.444136],[102.859053,22.611916],[102.457464,22.762367],[102.254987,22.451503],[101.902909,22.38677],[101.744642,22.496242],[101.551952,22.230474],[101.832662,21.626872],[101.75447,21.5841],[101.732138,21.336622],[101.837795,21.235016],[101.726096,21.145642],[101.564573,21.246959],[101.225464,21.230353],[101.110561,21.749321],[100.877881,21.67964],[100.603114,21.463634],[100.435849,21.532546],[100.252201,21.468252],[100.121479,21.526608],[100.135854,21.693733],[99.994428,21.703495],[99.959201,22.037865],[99.194522,22.135368],[99.248924,22.391599],[99.368201,22.488513],[99.325572,22.725473],[99.438951,22.93322],[99.56202,22.943133],[99.512747,23.081756],[98.908396,23.187869],[98.909506,23.435024],[98.808074,23.525412],[98.88028,23.592096],[98.797718,23.77517],[98.697941,23.786756],[98.706558,23.938325],[98.881127,24.151512],[98.097543,24.088674],[97.655722,23.862812],[97.528964,23.945909],[97.737203,24.154546],[97.67318,24.451305],[97.553067,24.488034],[97.548609,24.736073],[97.772106,24.83076],[97.718768,25.002288],[97.820123,25.231439],[97.944186,25.217615],[98.148423,25.411945],[98.18239,25.591291],[98.394968,25.597905],[98.511471,25.820029],[98.646111,25.808649],[98.703675,25.88861],[98.580644,26.101968],[98.713867,26.126068],[98.672149,26.24452],[98.772456,26.582753],[98.706578,27.556383],[98.445219,27.666777],[98.39574,27.531478],[98.307574,27.547622],[98.141148,28.1422],[97.886805,28.365901],[97.795029,28.332848],[97.659393,28.53976],[97.570826,28.547066],[97.517196,28.33363],[97.3026,28.228908],[97.131398,28.357842],[96.92976,28.351222],[96.861174,28.485312],[96.663293,28.602162],[96.446031,28.489625],[96.450571,28.591765],[96.62959,28.709891],[96.508176,28.946503],[96.323034,29.101343],[96.196014,29.084279],[96.282959,29.206713],[96.093586,29.364744],[95.838883,29.353088],[95.708829,29.204005],[95.612146,29.234811],[95.272569,29.093933],[94.827871,29.17307],[94.629299,29.296016],[94.313732,29.154054],[94.322151,28.993416],[94.020132,28.795328],[93.270214,28.556231],[93.070113,28.31361],[92.692423,28.150109],[92.708645,27.964006],[92.461796,27.794174],[92.324681,27.797515],[92.26896,27.885816],[91.903102,27.729008],[91.580197,27.832207],[91.592888,27.907237],[91.342587,28.058901],[91.058402,27.872937],[90.87572,27.858507],[90.773611,28.050358],[90.380303,28.061711],[90.174587,28.182599],[90.026086,28.14152],[89.80894,28.23824],[89.50634,28.086999],[89.244839,27.802145],[89.095837,27.499333],[89.179799,27.376248]],[[118.138312,24.374898],[118.138347,24.374849],[118.138197,24.374712],[118.138312,24.374898]],[[118.138127,24.374715],[118.138167,24.374693],[118.138111,24.374651],[118.138127,24.374715]],[[118.138049,24.374622],[118.138084,24.374609],[118.13799,24.374592],[118.138049,24.374622]],[[118.138647,24.374932],[118.138873,24.374656],[118.138194,24.374473],[118.138647,24.374932]],[[113.547415,22.136113],[113.546963,22.127403],[113.540173,22.135452],[113.547415,22.136113]],[[113.533416,22.211308],[113.630139,22.108861],[113.570972,22.076667],[113.533416,22.211308]],[[113.941834,22.494731],[113.945781,22.500069],[113.94634,22.491402],[113.941834,22.494731]],[[114.062547,22.515496],[114.433986,22.562002],[114.502444,22.148472],[113.833173,22.183333],[113.869111,22.428806],[114.062547,22.515496]],[[119.957861,26.081185],[119.957965,26.081033],[119.957772,26.080941],[119.957861,26.081185]],[[120.403727,26.156006],[120.402767,26.158305],[120.406074,26.155305],[120.403727,26.156006]],[[120.077009,26.386327],[120.094111,26.384626],[120.078229,26.378343],[120.077009,26.386327]],[[118.239444,24.207778],[118.2525,24.115278],[118.188889,24.142222],[118.239444,24.207778]],[[120.213611,26.404167],[120.289722,26.325278],[120.177778,26.284167],[120.213611,26.404167]],[[120.202307,26.249401],[120.202189,26.248891],[120.202038,26.249227],[120.202307,26.249401]],[[120.202467,26.251614],[120.202285,26.251806],[120.20265,26.251777],[120.202467,26.251614]],[[120.490833,26.437222],[120.5775,26.359444],[120.461667,26.287222],[120.416111,26.351944],[120.490833,26.437222]],[[119.965972,26.091871],[119.96558,26.091322],[119.96521,26.091909],[119.965972,26.091871]],[[119.965412,26.085646],[119.960485,26.085503],[119.961123,26.088309],[119.965412,26.085646]],[[119.941111,26.295555],[120.075556,26.255278],[119.9275,26.083611],[119.856111,26.176667],[119.941111,26.295555]],[[119.938889,26.037778],[120.050278,25.966667],[120.004167,25.9025],[119.877778,25.942778],[119.938889,26.037778]],[[119.461667,25.055278],[119.509722,24.933056],[119.401944,24.956667],[119.385833,25.031667],[119.461667,25.055278]],[[118.259417,24.495379],[118.449444,24.528612],[118.546111,24.426945],[118.464444,24.322223],[118.225,24.312223],[118.146944,24.410001],[118.259417,24.495379]],[[130.246168,42.842823],[130.243279,42.846169],[130.245518,42.844769],[130.246168,42.842823]],[[130.237808,42.778842],[130.236092,42.798223],[130.250103,42.784099],[130.237808,42.778842]],[[130.241654,42.75606],[130.242689,42.756249],[130.242544,42.755678],[130.241654,42.75606]],[[130.243177,42.763599],[130.243939,42.761949],[130.242888,42.760582],[130.243177,42.763599]],[[130.235305,42.734206],[130.23553,42.732862],[130.235037,42.732868],[130.235305,42.734206]],[[130.241592,42.725387],[130.241716,42.725515],[130.241885,42.725257],[130.241592,42.725387]],[[130.296601,42.682021],[130.29496,42.68414],[130.294849,42.686241],[130.296601,42.682021]],[[130.339693,42.639898],[130.340122,42.639892],[130.340326,42.639661],[130.339693,42.639898]],[[130.339082,42.640282],[130.339737,42.64009],[130.339644,42.639999],[130.339082,42.640282]],[[130.337978,42.640587],[130.339547,42.639753],[130.338798,42.639961],[130.337978,42.640587]],[[130.335733,42.641407],[130.33713,42.641125],[130.337391,42.640596],[130.335733,42.641407]],[[130.356131,42.632909],[130.357933,42.632641],[130.358276,42.631299],[130.356131,42.632909]],[[130.517968,42.599444],[130.517455,42.602528],[130.519601,42.603288],[130.517968,42.599444]],[[130.477104,42.61307],[130.476481,42.614914],[130.477667,42.614985],[130.477104,42.61307]],[[130.46244,42.601071],[130.463162,42.598506],[130.461354,42.597047],[130.46244,42.601071]],[[130.474518,42.57374],[130.474239,42.575317],[130.475226,42.575206],[130.474518,42.57374]],[[130.424699,42.55557],[130.42509,42.555234],[130.424843,42.555147],[130.424699,42.55557]],[[130.430165,42.550899],[130.443922,42.546868],[130.4334,42.548283],[130.430165,42.550899]],[[130.371714,42.616739],[130.376003,42.612063],[130.372066,42.613668],[130.371714,42.616739]],[[130.536195,42.530556],[130.546189,42.524936],[130.547158,42.508685],[130.536195,42.530556]]]]}},{"type":"Feature","properties":{"tzid":"Asia/Singapore"},"geometry":{"type":"MultiPolygon","coordinates":[[[[103.586414,1.269411],[103.703428,1.450885],[103.803602,1.476693],[104.077676,1.431339],[104.13308,1.265667],[103.740448,1.12854],[103.573642,1.194674],[103.586414,1.269411]]],[[[104.535126,1.380239],[104.345933,1.321372],[104.46564,1.500108],[104.554825,1.465173],[104.535126,1.380239]]]]}},{"type":"Feature","properties":{"tzid":"Asia/Srednekolymsk"},"geometry":{"type":"MultiPolygon","coordinates":[[[[153.691266,65.845929],[153.50247,65.770344],[153.578629,65.701054],[153.450854,65.490112],[153.583144,65.418204],[153.549232,65.377557],[152.669143,65.1758],[152.521029,64.98257],[152.549844,64.886151],[152.847283,64.701393],[152.367287,64.521463],[152.447717,64.394346],[152.140931,64.352269],[151.93455,64.478387],[151.492222,64.424245],[151.418285,64.346633],[150.647427,64.337392],[150.659589,64.181217],[150.557189,64.167126],[150.196246,64.226865],[150.032101,64.34732],[150.141015,64.451895],[149.874067,64.562013],[149.305688,64.377036],[148.693245,64.410915],[148.357026,64.529236],[148.07043,64.421062],[148.135762,64.289034],[148.280848,64.237587],[148.155891,64.018861],[147.815316,63.949458],[147.692492,64.010523],[147.65099,64.164259],[147.386383,64.126793],[147.2789,64.021318],[146.997946,64.135142],[146.160553,64.211802],[145.805471,64.420028],[145.327004,64.436191],[145.15023,64.53788],[144.733194,64.572821],[144.535983,64.655924],[144.694297,64.770559],[144.37181,64.887267],[144.231632,65.036998],[143.011058,65.158764],[142.783362,65.328105],[140.223975,65.591954],[140.211573,65.676528],[140.363028,65.783543],[140.064007,65.905283],[140.099498,66.017859],[139.853998,66.094055],[139.6991,66.265334],[140.224697,66.392086],[140.429453,66.33544],[140.54098,66.45375],[140.363254,66.478285],[140.336439,66.604962],[139.854941,66.826248],[139.541278,66.875992],[139.414988,67.073003],[138.796871,67.13326],[138.716819,67.234221],[138.888923,67.285758],[138.938988,67.393786],[138.744079,67.443456],[138.68508,67.586374],[139.162948,67.547264],[140.008457,67.876713],[141.325646,67.799419],[141.073937,67.873424],[141.018899,68.08906],[141.141186,68.178129],[140.898016,68.373298],[141.438918,68.609441],[141.440763,68.68953],[141.808357,68.761681],[141.491994,69.186923],[141.77838,69.276188],[142.673659,69.296187],[142.369623,69.582419],[142.082449,69.640513],[142.138548,69.752009],[142.260552,69.776204],[142.14206,69.878866],[141.608912,69.856186],[141.250812,69.996974],[140.987723,69.995565],[140.756047,70.147847],[141.726265,70.648673],[141.633884,70.735436],[142.601404,71.121944],[142.470703,71.245018],[142.688241,71.642779],[143.128338,71.695606],[143.077588,71.775811],[143.436245,71.981497],[143.423681,72.062112],[144.119158,72.184089],[144.288812,72.277968],[144.529771,72.247317],[145.217507,72.761219],[147.152481,72.517289],[148.587085,72.509265],[149.892705,72.319012],[150.45671,72.134807],[150.831947,71.81615],[151.719996,71.659071],[152.812151,71.017457],[156.072208,71.276209],[157.972034,71.217869],[158.916009,71.104134],[159.823033,70.893763],[159.951823,71.03267],[160.241841,71.101741],[160.965857,71.057407],[161.562409,71.127822],[161.938701,71.064609],[162.274404,70.850454],[162.828412,70.810396],[163.094052,70.680837],[162.962244,70.509824],[162.419235,70.420832],[161.434497,70.475687],[161.005185,70.617904],[160.42846,70.602929],[160.686251,70.259414],[160.53749,70.099124],[160.654293,69.922731],[162.53106,69.869038],[162.463932,69.62754],[162.363648,69.608161],[162.356622,69.415648],[162.790174,69.181716],[162.513162,69.069405],[162.817328,68.851196],[162.587312,68.761272],[162.751685,68.583955],[162.567095,68.486033],[162.523509,68.323544],[162.428268,68.282928],[161.439218,68.376677],[160.94466,68.272214],[159.849987,68.253587],[159.786452,68.185004],[159.637041,68.223031],[158.328476,68.060507],[158.087613,67.880188],[158.32679,67.753309],[157.818631,67.678836],[157.743941,67.545207],[157.903213,67.422674],[157.818395,67.304189],[158.723685,67.03141],[158.932271,66.771106],[158.387668,66.434719],[158.519171,66.3535],[158.438414,66.223034],[158.466235,66.082705],[157.776274,66.097658],[157.423822,65.988417],[157.407438,65.912182],[157.140433,65.902325],[156.699932,66.181354],[156.435038,66.035954],[156.071707,66.049509],[155.785578,66.156128],[155.175488,66.181882],[154.929204,66.112758],[154.537392,66.217347],[154.237855,66.057047],[154.403894,65.955838],[154.269097,65.810999],[153.691266,65.845929]]],[[[152.220022,47.310442],[152.117214,47.357025],[152.156505,47.4547],[152.502465,47.57502],[152.899647,47.981017],[152.877116,48.173155],[153.011314,48.430347],[153.309574,48.496929],[153.531532,48.392054],[153.56875,47.982057],[153.376436,47.846575],[153.31446,47.635038],[153.031457,47.361388],[152.595291,47.104719],[152.220022,47.310442]]],[[[153.68238,48.79649],[153.284766,48.814444],[153.172072,49.025174],[153.457408,49.191958],[154.148827,49.13826],[154.376965,49.504701],[154.099126,49.679007],[154.081021,49.799117],[154.183872,49.947041],[154.554977,50.005698],[155.196648,49.702446],[155.227965,49.583585],[155.112649,49.225933],[154.809208,48.95317],[154.533176,48.86957],[154.071676,48.397281],[153.842523,48.327656],[153.600197,48.409263],[153.541489,48.526269],[153.68238,48.79649]]],[[[156.419906,51.00425],[156.802883,50.685637],[156.548824,50.390135],[155.603657,49.850251],[155.244799,49.815004],[154.785604,50.021473],[154.648171,50.159732],[154.76243,50.36189],[155.476627,50.576805],[155.14704,50.843684],[155.274028,51.068259],[155.6079,51.118317],[155.982943,50.965779],[156.383257,51.059308],[156.419906,51.00425]]]]}},{"type":"Feature","properties":{"tzid":"Asia/Taipei"},"geometry":{"type":"MultiPolygon","coordinates":[[[[118.138312,24.374898],[118.138347,24.374849],[118.138197,24.374712],[118.138312,24.374898]]],[[[118.138127,24.374715],[118.138167,24.374693],[118.138111,24.374651],[118.138127,24.374715]]],[[[118.138049,24.374622],[118.138084,24.374609],[118.13799,24.374592],[118.138049,24.374622]]],[[[118.138647,24.374932],[118.138873,24.374656],[118.138194,24.374473],[118.138647,24.374932]]],[[[114.346505,10.326766],[114.285787,10.350427],[114.351111,10.439722],[114.426944,10.398889],[114.346505,10.326766]]],[[[118.138569,24.374653],[118.138594,24.374629],[118.138535,24.374605],[118.138569,24.374653]]],[[[119.957861,26.081185],[119.957965,26.081033],[119.957772,26.080941],[119.957861,26.081185]]],[[[119.965972,26.091871],[119.96558,26.091322],[119.96521,26.091909],[119.965972,26.091871]]],[[[120.403727,26.156006],[120.402767,26.158305],[120.406074,26.155305],[120.403727,26.156006]]],[[[119.965412,26.085646],[119.960485,26.085503],[119.961123,26.088309],[119.965412,26.085646]]],[[[120.202307,26.249401],[120.202189,26.248891],[120.202038,26.249227],[120.202307,26.249401]]],[[[120.202467,26.251614],[120.202285,26.251806],[120.20265,26.251777],[120.202467,26.251614]]],[[[120.077009,26.386327],[120.094111,26.384626],[120.078229,26.378343],[120.077009,26.386327]]],[[[118.239444,24.207778],[118.2525,24.115278],[118.188889,24.142222],[118.239444,24.207778]]],[[[119.938889,26.037778],[120.050278,25.966667],[120.004167,25.9025],[119.877778,25.942778],[119.938889,26.037778]]],[[[119.461667,25.055278],[119.509722,24.933056],[119.401944,24.956667],[119.385833,25.031667],[119.461667,25.055278]]],[[[119.941111,26.295555],[120.075556,26.255278],[119.9275,26.083611],[119.856111,26.176667],[119.941111,26.295555]]],[[[120.213611,26.404167],[120.289722,26.325278],[120.177778,26.284167],[120.213611,26.404167]]],[[[120.490833,26.437222],[120.5775,26.359444],[120.461667,26.287222],[120.416111,26.351944],[120.490833,26.437222]]],[[[118.259417,24.495379],[118.449444,24.528612],[118.546111,24.426945],[118.464444,24.322223],[118.225,24.312223],[118.146944,24.410001],[118.259417,24.495379]]],[[[116.685503,20.85476],[116.884751,20.848115],[116.968633,20.747588],[116.872435,20.525258],[116.621766,20.575337],[116.579721,20.69675],[116.685503,20.85476]]],[[[122.1791,24.7943],[121.7348,23.4531],[121.8226,21.8892],[121.665,21.7443],[120.8789,21.5625],[120.656,21.6343],[120.191,22.1918],[119.2626,23.0518],[119.1011,23.313],[119.1196,23.4932],[119.3924,23.9341],[120.8846,25.1806],[122.0552,25.8318],[122.2789,25.7285],[122.3283,25.5119],[122.1791,24.7943]]]]}},{"type":"Feature","properties":{"tzid":"Asia/Tashkent"},"geometry":{"type":"MultiPolygon","coordinates":[[[[72.175305,40.988094],[72.370628,41.041373],[72.592208,40.871899],[73.114492,40.844299],[73.189503,40.770518],[72.79303,40.674127],[72.655525,40.510756],[72.368649,40.604149],[72.416177,40.429272],[72.172986,40.495476],[71.979467,40.25847],[71.746285,40.173645],[71.664108,40.271047],[71.580004,40.214235],[71.206045,40.339276],[70.908891,40.219413],[70.5951,40.213126],[70.538786,40.355692],[70.348023,40.42553],[70.794814,40.734565],[70.451633,41.038553],[70.34697,40.886484],[69.70558,40.6283],[69.559266,40.760819],[69.378216,40.787301],[69.346457,40.591312],[69.24136,40.562349],[69.339006,40.329779],[69.259866,40.297215],[69.299654,40.202103],[68.9476,40.219749],[68.530798,40.11841],[69.000441,40.152716],[69.008453,40.099133],[68.861069,40.051987],[68.886232,39.864568],[68.837523,39.955834],[68.793861,39.864313],[68.640096,39.854038],[68.618508,39.644871],[68.524534,39.532772],[68.36652,39.530708],[67.710464,39.659554],[67.517546,39.580277],[67.380322,39.738146],[67.526563,39.808253],[67.492153,39.845289],[67.033414,39.984324],[67.054595,40.074398],[66.879697,40.290807],[66.87493,40.488553],[66.670879,40.472709],[66.771259,40.730772],[66.647963,40.898053],[66.643363,41.111816],[67.965538,41.148967],[67.98541,41.049722],[68.114508,41.054771],[68.007561,40.81085],[68.610425,40.577098],[68.648669,40.676266],[68.526521,41.020325],[68.734057,40.974253],[68.755444,41.077669],[69.024117,41.224521],[69.05237,41.368675],[69.171443,41.440705],[69.458267,41.465719],[69.439177,41.556569],[69.950408,41.730823],[70.363999,42.058391],[70.511885,42.088604],[70.630825,42.015361],[70.743791,42.187109],[71.07235,42.287219],[71.260888,42.207101],[71.241469,42.158703],[70.860759,42.048291],[70.855936,41.952956],[70.664961,41.906951],[70.171369,41.520222],[70.504557,41.402948],[70.696284,41.467627],[70.786333,41.194854],[71.257469,41.18636],[71.275084,41.113326],[71.439812,41.144541],[71.465347,41.295755],[71.646679,41.357202],[71.601593,41.476798],[71.69349,41.528088],[71.696351,41.423458],[71.792086,41.439477],[71.890616,41.321946],[71.886365,41.167813],[72.136966,41.16235],[72.175305,40.988094]],[[70.550356,40.989911],[70.567095,41.005796],[70.65672,40.926639],[70.550356,40.989911]]],[[[71.040589,40.242232],[71.039936,40.226576],[71.044077,40.258712],[71.040589,40.242232]]],[[[71.660527,40.201301],[71.660698,40.20795],[71.671997,40.198477],[71.660527,40.201301]]],[[[71.818539,39.999629],[71.847876,39.958321],[71.711768,39.967866],[71.818539,39.999629]]],[[[71.096534,39.902093],[71.114368,40.00203],[71.01358,40.042727],[71.046068,40.184106],[71.107522,40.047884],[71.201335,40.036796],[71.135747,39.95823],[71.196387,39.897131],[71.096534,39.902093]]]]}},{"type":"Feature","properties":{"tzid":"Asia/Tbilisi"},"geometry":{"type":"Polygon","coordinates":[[[41.628643,41.491662],[41.29944,41.612],[41.505101,41.878035],[41.234388,42.592739],[40.982225,42.64857],[40.739622,42.892652],[40.151037,43.018091],[39.898795,43.215715],[40.097797,43.56549],[40.686453,43.549661],[41.698866,43.218852],[42.423851,43.254273],[42.649802,43.145499],[42.845113,43.176925],[43.198861,42.934784],[43.777243,42.758214],[43.753345,42.599648],[43.946105,42.550129],[44.562972,42.755492],[44.715028,42.738865],[44.803788,42.61473],[44.88194,42.740409],[45.123756,42.708181],[45.363467,42.526662],[45.750169,42.483077],[45.738333,42.293453],[45.63906,42.275416],[45.640183,42.193114],[45.931758,42.036856],[46.417794,41.920713],[46.180653,41.7265],[46.213735,41.627233],[46.735674,41.286406],[46.649054,41.113955],[46.506923,41.066485],[46.265654,41.187363],[45.803276,41.226833],[45.637892,41.379128],[45.260034,41.467393],[44.962075,41.262222],[44.820112,41.301315],[44.899346,41.21324],[44.208374,41.234694],[43.753537,41.111606],[43.251832,41.177406],[43.159951,41.315493],[42.809978,41.492629],[42.794374,41.588498],[42.577819,41.56637],[42.491268,41.443983],[41.628643,41.491662]]]}},{"type":"Feature","properties":{"tzid":"Asia/Tehran"},"geometry":{"type":"MultiPolygon","coordinates":[[[[56.685604,26.892672],[56.581643,26.731005],[55.543019,26.284495],[55.452337,26.097234],[55.18293,26.05874],[55.265448,25.876472],[55.178837,25.717351],[54.923969,25.69891],[54.809175,25.855296],[54.651925,25.713403],[54.441315,25.705412],[53.964395,26.29441],[53.129804,26.605338],[51.302887,27.685422],[49.464301,29.789578],[48.88098,29.815728],[48.449089,30.009136],[48.407515,30.202336],[48.025441,30.50135],[48.034824,30.990731],[47.687582,31.043269],[47.685287,31.394825],[47.856123,31.804563],[47.559259,32.115148],[47.43775,32.412376],[47.149805,32.469279],[46.415413,32.941534],[46.119994,32.968885],[46.139373,33.04547],[46.057076,33.090288],[46.188745,33.247332],[46.011309,33.484239],[45.863003,33.493148],[45.959275,33.567105],[45.884247,33.63354],[45.774864,33.602428],[45.430189,33.948449],[45.581594,34.14613],[45.585698,34.291206],[45.456279,34.428027],[45.527003,34.57922],[45.722437,34.539211],[45.689303,34.813786],[45.875143,34.936263],[45.921987,35.095489],[46.060094,35.038153],[46.174721,35.102484],[46.129088,35.326329],[45.997384,35.474445],[46.031902,35.698019],[46.344477,35.803335],[45.773072,35.813314],[45.540775,35.999019],[45.349334,35.977803],[45.270878,36.388675],[45.09527,36.420279],[45.004785,36.531704],[45.049423,36.711629],[44.865419,36.779873],[44.89589,36.996064],[44.748611,37.118194],[44.814751,37.282218],[44.580404,37.447],[44.620623,37.72702],[44.223903,37.8875],[44.510353,38.344748],[44.311983,38.379299],[44.294854,38.841764],[44.192688,38.936197],[44.211598,39.124347],[44.094586,39.214419],[44.061056,39.406182],[44.40799,39.412435],[44.467197,39.684102],[44.609337,39.779054],[44.903586,39.576759],[45.149436,39.212961],[45.347652,39.171053],[45.4404,39.003296],[46.186999,38.843148],[46.574592,38.891411],[46.845263,39.139562],[47.989796,39.707615],[48.364187,39.386181],[48.139969,39.274422],[48.317124,39.005237],[48.019223,38.912026],[48.020703,38.83789],[48.340923,38.599963],[48.459293,38.607688],[48.662272,38.392955],[49.136868,38.451572],[49.262093,37.791071],[49.467749,37.686339],[49.946884,37.673129],[50.301768,37.563558],[50.628632,37.180284],[51.112908,36.941528],[51.761306,36.789067],[53.693399,37.089651],[53.660194,37.338587],[54.219601,37.322078],[54.678473,37.43974],[54.799604,37.529859],[54.860168,37.758122],[55.427778,38.0775],[56.327075,38.080826],[56.319487,38.17462],[56.446928,38.261473],[56.758069,38.283735],[57.058611,38.193611],[57.203012,38.276489],[57.445556,37.9425],[58.155062,37.793617],[58.382119,37.630677],[58.813889,37.691944],[59.36883,37.50502],[59.393515,37.337754],[59.551138,37.142041],[60.001528,37.041905],[60.331893,36.650068],[61.166587,36.61058],[61.149698,36.318768],[61.219469,36.185353],[61.124486,35.968257],[61.262222,35.819722],[61.218964,35.668338],[61.278113,35.531525],[61.189484,35.308052],[61.09658,35.27134],[61.14242,35.086968],[60.99925,34.655814],[60.739083,34.518086],[60.896177,34.325554],[60.686496,34.310708],[60.521095,34.100958],[60.616854,33.599823],[60.945904,33.513494],[60.634055,33.228141],[60.597884,33.095297],[60.879197,32.208809],[60.815967,32.026539],[60.854993,31.491869],[61.698617,31.376935],[61.828246,31.008863],[61.786467,30.821651],[60.872855,29.858546],[61.370567,29.342729],[61.636148,28.817046],[61.904465,28.570327],[62.403375,28.423106],[62.587418,28.258302],[62.792961,28.278904],[62.80764,27.228932],[63.201137,27.254809],[63.332056,27.120917],[63.196307,26.838293],[63.201,26.674222],[62.372402,26.539457],[62.19118,26.26688],[62.05962,26.328029],[61.928451,26.257087],[61.86017,26.17597],[61.837583,25.762889],[61.686248,25.663044],[61.584026,24.87663],[61.384896,24.859772],[60.576124,25.072407],[58.050963,25.357806],[57.190258,25.615844],[56.979495,25.966624],[56.839796,26.35714],[56.8501,26.631413],[56.685604,26.892672]]],[[[49.983443,27.881804],[49.950235,28.035962],[50.029822,28.15137],[50.2249,28.189261],[50.36802,28.096507],[50.366892,27.887085],[49.983443,27.881804]]]]}},{"type":"Feature","properties":{"tzid":"Asia/Thimphu"},"geometry":{"type":"Polygon","coordinates":[[[88.786153,27.18276],[88.969747,27.306515],[89.037912,27.585951],[89.500337,28.077244],[89.789547,28.234401],[90.168718,28.185748],[90.380303,28.061711],[90.720962,28.06931],[90.869354,27.857629],[91.056009,27.873],[91.312779,28.045649],[91.454113,28.008702],[91.608759,27.896267],[91.591814,27.546834],[92.022834,27.459063],[92.115821,27.293009],[92.031577,27.083533],[92.117569,26.913064],[92.019609,26.849926],[91.859349,26.913386],[91.724285,26.813905],[90.691098,26.771764],[90.372956,26.90208],[90.073516,26.736098],[89.660611,26.722132],[89.349403,26.852484],[89.141178,26.808094],[88.886813,26.958263],[88.786153,27.18276]]]}},{"type":"Feature","properties":{"tzid":"Asia/Tokyo"},"geometry":{"type":"MultiPolygon","coordinates":[[[[140.33033,29.993259],[140.487433,29.949018],[140.571546,29.813476],[140.514351,29.660768],[140.36577,29.594704],[140.166262,29.664275],[140.111894,29.802989],[140.185314,29.940143],[140.33033,29.993259]]],[[[139.906163,32.088194],[140.064061,32.045761],[140.152053,31.918701],[140.098969,31.758501],[139.957097,31.689568],[139.790459,31.71845],[139.687926,31.840434],[139.719954,31.997192],[139.906163,32.088194]]],[[[140.037738,31.641867],[140.193758,31.600774],[140.287006,31.459366],[140.226848,31.303287],[140.062505,31.238368],[139.904286,31.282091],[139.817156,31.421176],[139.872857,31.572246],[140.037738,31.641867]]],[[[140.836605,27.449194],[140.992347,27.425521],[141.094199,27.31342],[141.081467,27.158801],[140.95329,27.05517],[140.787794,27.058722],[140.660263,27.180361],[140.672774,27.338746],[140.836605,27.449194]]],[[[129.730958,34.596689],[129.685666,34.415514],[129.023116,33.930543],[129.264474,34.66853],[129.599528,34.89174],[129.731874,34.732091],[129.730958,34.596689]]],[[[128.003733,27.944259],[128.115074,28.062324],[128.278217,28.079118],[128.417112,27.991048],[128.457839,27.823896],[128.370742,27.700628],[128.159405,27.67169],[128.024097,27.771946],[128.003733,27.944259]]],[[[141.065697,24.744998],[141.132304,24.948237],[141.323546,25.012705],[141.4789,24.954377],[141.56794,24.780088],[141.50359,24.638959],[141.2854,24.545308],[141.130046,24.603829],[141.065697,24.744998]]],[[[141.45827,24.445022],[141.628308,24.38381],[141.692657,24.242235],[141.625116,24.085786],[141.455078,24.025859],[141.299724,24.084621],[141.235375,24.226371],[141.302917,24.386427],[141.45827,24.445022]]],[[[122.893295,24.248673],[122.7232,24.392938],[122.746524,24.554117],[122.931361,24.670249],[123.183317,24.617434],[123.262367,24.492252],[123.216469,24.336937],[123.077386,24.246557],[122.893295,24.248673]]],[[[141.051872,25.429469],[141.117339,25.581495],[141.281471,25.648155],[141.445763,25.585669],[141.513624,25.437108],[141.449913,25.285766],[141.280514,25.219482],[141.12516,25.277684],[141.051872,25.429469]]],[[[135.853686,20.42357],[135.916083,20.564676],[136.101596,20.629106],[136.260024,20.563513],[136.322421,20.422406],[136.253252,20.273124],[136.102612,20.214581],[135.916083,20.282334],[135.853686,20.42357]]],[[[131.491631,25.801714],[131.406485,25.669937],[131.201114,25.615038],[131.060244,25.678543],[130.991881,25.812329],[131.093784,26.062293],[131.2745,26.160423],[131.521692,26.055893],[131.491631,25.801714]]],[[[139.516969,32.445128],[139.565499,32.59134],[139.721928,32.6711],[139.928959,32.617167],[140.016015,32.487185],[139.975745,32.336083],[139.768947,32.243116],[139.601124,32.298162],[139.516969,32.445128]]],[[[140.054633,30.471841],[140.152887,30.652313],[140.32723,30.69467],[140.4836,30.625635],[140.547161,30.478093],[140.473156,30.333456],[140.309847,30.273109],[140.147484,30.320249],[140.054633,30.471841]]],[[[139.751013,32.857777],[139.499545,32.986465],[139.446509,33.189989],[139.607467,33.327509],[139.933456,33.351524],[140.060481,33.238848],[140.08969,33.03008],[139.944477,32.869057],[139.751013,32.857777]]],[[[142.034395,27.339787],[141.872572,27.766464],[142.019548,27.922308],[142.184132,27.931796],[142.396091,27.698843],[142.444428,27.484044],[142.360045,27.336649],[142.476902,27.0911],[142.344373,26.863656],[142.452162,26.498989],[142.283311,26.362404],[142.058939,26.35833],[141.903427,26.561845],[141.900204,26.769132],[142.005443,26.895404],[141.940191,27.152698],[142.034395,27.339787]]],[[[131.170232,24.671829],[131.326036,24.63027],[131.412532,24.498188],[131.361012,24.335353],[131.220508,24.263678],[131.066162,24.29472],[130.967779,24.422912],[131.00415,24.59096],[131.170232,24.671829]]],[[[153.787525,24.404178],[153.930753,24.487367],[154.11092,24.453744],[154.201653,24.328612],[154.174433,24.166112],[154.023429,24.081529],[153.85039,24.112884],[153.754473,24.244138],[153.787525,24.404178]]],[[[124.454892,24.776871],[124.647607,24.957176],[124.811716,24.930171],[124.915446,24.811347],[125.083856,25.083686],[125.392865,25.177885],[125.540901,25.093694],[125.702885,24.695389],[125.554398,24.534099],[125.239729,24.513571],[124.936826,24.73665],[124.858365,24.486587],[124.54944,24.479263],[124.38763,24.199457],[123.874498,23.859786],[123.664406,23.868656],[123.36357,24.094353],[123.36681,24.295248],[123.702898,24.648399],[123.955927,24.635058],[124.274369,24.813902],[124.454892,24.776871]]],[[[127.462144,26.644765],[127.852548,27.245679],[128.07367,27.297576],[128.240105,27.193412],[128.32148,27.274038],[128.354225,27.527483],[128.661429,27.638702],[128.687019,27.970946],[128.904678,28.136541],[128.913649,28.303411],[129.022546,28.449842],[129.559249,28.700397],[129.560494,28.818059],[129.675099,28.936809],[129.942204,28.897535],[130.006127,28.754947],[129.935746,28.613731],[130.224331,28.477178],[130.239759,28.274204],[130.050074,28.094961],[129.767583,28.142596],[129.263523,27.768403],[129.146612,27.528987],[128.936842,27.461359],[128.888286,27.3076],[128.656409,27.143959],[128.678671,26.982436],[128.564193,26.847957],[128.546058,26.678603],[128.067812,26.016235],[127.707397,25.876664],[127.221784,25.948294],[127.015169,26.117617],[126.695836,26.102537],[126.495571,26.297013],[126.507695,26.45267],[126.74521,26.779695],[126.99929,26.728785],[127.259613,26.800327],[127.462144,26.644765]]],[[[143.75686,42.4684],[143.64054,42.340289],[143.497347,41.825479],[143.311936,41.719739],[141.587376,42.414665],[141.340242,42.280171],[141.456159,41.80618],[141.41569,41.69802],[140.873095,41.692182],[139.861751,41.15688],[139.207106,41.322121],[139.072871,41.474355],[139.152006,42.253879],[139.594663,42.723755],[140.111937,43.453935],[141.045246,43.841997],[141.012442,44.388362],[140.676251,45.459774],[140.721413,45.612885],[140.868109,45.694266],[141.184621,45.711205],[142.432748,45.429941],[143.288868,44.650369],[143.683737,44.431336],[144.391215,44.282859],[144.545387,44.124641],[144.679135,44.131894],[145.235448,44.533353],[145.461193,44.523052],[145.593269,44.434811],[145.588669,44.224571],[145.267555,43.892303],[145.251737,43.768714],[145.511191,43.53178],[145.814565,43.430094],[145.916033,43.152585],[145.656494,42.991513],[144.924141,42.750985],[144.231868,42.780557],[143.75686,42.4684]]],[[[130.303253,30.074965],[129.798306,29.321848],[129.592763,29.24502],[129.535385,29.094942],[129.253464,28.928603],[129.1635,28.652216],[128.968493,28.593129],[128.809062,28.659107],[128.761797,28.877908],[128.999967,29.036729],[128.98559,29.249011],[129.355583,29.481711],[129.29666,29.706191],[129.346257,30.03482],[130.059969,30.259973],[129.970197,30.349486],[130.142767,30.540847],[130.291662,30.49249],[130.784907,30.700987],[130.811698,30.799874],[131.259977,30.942905],[131.312933,30.665331],[131.147215,30.221764],[130.586437,30.032127],[130.303253,30.074965]]],[[[128.322372,32.251717],[128.561847,32.213121],[128.656542,32.077901],[128.61133,31.931732],[128.369975,31.78582],[128.199993,31.827433],[128.111952,31.957877],[128.151912,32.145531],[128.322372,32.251717]]],[[[139.96634,34.706135],[139.55651,34.503936],[139.521252,34.343778],[139.785354,34.185111],[139.865682,33.822406],[139.773476,33.695335],[139.558681,33.654969],[139.423905,33.480159],[139.220779,33.461902],[139.085767,33.55914],[139.095895,33.759389],[139.291718,33.851837],[139.124669,33.982995],[138.90103,33.755183],[138.607897,33.844106],[138.610129,34.051424],[138.803655,34.161082],[138.922967,34.344573],[137.663153,34.467809],[136.448613,33.701554],[135.949547,33.275199],[135.682525,33.243843],[135.211206,33.458043],[134.629459,33.436252],[134.284664,33.062324],[133.301538,32.860232],[133.239182,32.641309],[133.113934,32.538529],[132.593021,32.504604],[131.851723,32.262445],[131.717291,31.94797],[131.687486,31.570844],[131.562559,31.434243],[130.35959,30.689113],[130.095984,30.69906],[129.851035,30.577208],[129.331188,30.645527],[129.192088,30.802973],[129.18737,31.215418],[129.504244,31.831261],[128.805204,32.370875],[128.445958,32.458994],[128.360611,32.61134],[128.357648,32.767631],[128.596444,33.289912],[128.83337,33.484682],[129.120795,33.505261],[129.638776,33.91117],[129.79027,34.046103],[129.888944,34.390798],[131.049067,34.987509],[132.136636,35.222572],[132.460441,35.580323],[132.976187,35.78351],[132.760241,35.933427],[132.698709,36.079826],[133.103897,36.505376],[133.384168,36.53751],[133.638041,36.280904],[133.535945,36.043828],[133.172693,35.808755],[133.810664,35.701705],[134.456411,35.862389],[134.903302,35.881006],[136.232729,36.555903],[136.499118,36.876298],[136.427437,37.224253],[136.754373,38.0078],[138.023891,38.195243],[138.383685,38.522609],[139.046298,38.658854],[139.268107,39.23081],[139.428773,40.002171],[139.235614,40.513836],[139.292605,40.659664],[139.603363,40.930835],[140.876294,41.599429],[141.617528,41.600969],[141.735723,41.435253],[141.661134,41.173553],[141.67653,40.781088],[142.22605,40.090178],[142.315936,39.431421],[141.799204,38.167402],[141.274887,37.763965],[141.232497,36.971345],[140.991007,36.682747],[140.826956,36.250106],[141.105057,35.796785],[141.086281,35.596027],[140.721244,35.47779],[140.556838,35.045618],[139.96634,34.706135]]]]}},{"type":"Feature","properties":{"tzid":"Asia/Tomsk"},"geometry":{"type":"Polygon","coordinates":[[[83.354814,55.933082],[83.229571,56.012006],[83.302146,56.095592],[83.12939,56.120356],[83.210712,56.178084],[83.088379,56.216049],[83.192988,56.327988],[83.144675,56.360276],[83.288374,56.442797],[83.108747,56.550308],[82.813465,56.517593],[82.751323,56.403875],[81.611582,56.250132],[81.220274,56.537593],[80.260894,56.432612],[79.588576,56.92316],[78.432083,57.117342],[78.447513,57.165387],[76.101532,57.237834],[75.872968,57.38756],[75.704125,57.624997],[75.554379,57.666834],[75.565762,57.934585],[75.071473,58.116793],[75.221196,58.19211],[75.065015,58.332522],[75.376835,58.454101],[75.133819,58.56495],[75.131298,58.663889],[75.686535,58.956101],[75.638128,59.211711],[75.840339,59.280959],[75.898194,59.400331],[75.987835,59.382552],[76.177166,59.530001],[76.664888,59.571174],[76.767944,59.948444],[76.713994,60.115036],[76.857014,60.242998],[76.770654,60.398594],[77.033265,60.506509],[77.060687,60.60071],[76.962992,60.626314],[77.097546,60.70529],[77.110482,60.85852],[77.961599,60.743998],[79.221014,60.824531],[79.408082,60.637356],[80.18244,60.675263],[80.75687,60.797644],[81.052447,60.755725],[81.144268,60.638342],[81.853308,60.639784],[82.167305,60.51634],[82.383422,60.600347],[82.423843,60.727028],[83.087158,61.000015],[83.449855,61.035213],[83.949694,60.836217],[84.26311,60.862518],[84.382394,60.766939],[84.791487,60.352366],[84.623419,60.171569],[84.576695,59.968432],[84.676621,59.902313],[86.844335,59.916336],[87.078048,59.879074],[87.237723,59.67839],[87.498629,59.665657],[87.878092,59.280789],[88.583711,59.292326],[88.82866,59.022605],[88.390959,58.896891],[87.944976,58.528808],[88.008511,58.240305],[88.106659,58.112772],[88.858954,57.955186],[89.29641,57.948955],[89.365447,57.877309],[89.360753,57.628809],[89.138513,57.613122],[89.142535,57.497959],[89.05312,57.454812],[88.871427,57.477818],[88.734155,57.208035],[88.518617,57.120692],[88.701583,57.092768],[88.524681,56.769014],[88.375821,56.825112],[87.70234,56.551836],[87.596665,56.663656],[87.36458,56.592957],[87.403373,56.62706],[87.138251,56.658066],[87.205789,56.584607],[87.118012,56.535604],[86.693904,56.634418],[86.426621,56.549077],[86.188942,56.616781],[86.115687,56.500949],[85.597514,56.299503],[85.671802,56.234237],[85.20188,56.216867],[84.993018,56.108283],[84.89294,56.160479],[84.342563,55.980996],[83.950245,56.015056],[83.617007,55.711014],[83.604941,55.605838],[83.422492,55.676653],[83.445489,55.723099],[83.226711,55.725173],[83.382134,55.852681],[83.354814,55.933082]]]}},{"type":"Feature","properties":{"tzid":"Asia/Ulaanbaatar"},"geometry":{"type":"Polygon","coordinates":[[[116.5776,46.288706],[116.263919,45.961391],[116.279982,45.770654],[116.189429,45.699138],[115.356003,45.389411],[114.737201,45.437315],[114.541132,45.384536],[114.456177,45.206078],[114.133377,44.96666],[113.663513,44.75906],[112.770813,44.859016],[112.437271,45.066605],[112.008911,45.091835],[111.808411,45.003029],[111.414078,44.367653],[111.622543,44.094524],[111.894119,43.905506],[111.953147,43.707454],[111.55278,43.487076],[111.029699,43.332237],[110.422157,42.771809],[109.426018,42.450081],[108.852219,42.400761],[107.496162,42.454979],[105.73391,41.942806],[105.013053,41.581103],[104.91643,41.652489],[104.517016,41.659575],[104.523668,41.873404],[104.05896,41.789065],[103.411109,41.881288],[102.766945,42.125474],[102.024563,42.22416],[101.805185,42.498768],[100.863901,42.668671],[100.318122,42.687395],[99.450527,42.569873],[97.171582,42.794571],[96.430581,42.728289],[96.28017,42.959443],[95.877824,43.277356],[95.522808,44.005056],[95.366621,44.024395],[95.409783,44.293821],[94.998663,44.25088],[93.639769,44.9206],[93.232979,44.995003],[93.098847,45.630469],[93.185129,45.766341],[93.362544,45.844451],[93.648326,46.393365],[93.546487,46.635305],[93.794714,46.607301],[93.931596,46.724489],[94.306831,46.778676],[94.024729,47.274081],[93.791698,47.348209],[93.508583,47.566163],[93.605162,47.632992],[93.182357,47.965626],[93.397911,48.118298],[93.484985,48.300869],[93.429497,48.424298],[93.667831,48.529591],[93.757859,48.673444],[94.096999,48.789116],[95.042038,48.688272],[95.501197,48.849965],[95.556122,49.121512],[95.725991,49.358711],[95.482461,49.495414],[95.411682,49.717896],[95.505432,49.907293],[95.778074,49.963866],[95.805888,50.034462],[96.243077,49.980188],[96.417126,49.876889],[96.555887,49.939059],[96.990955,49.893313],[97.252897,49.749719],[97.510376,49.814667],[97.554838,49.922624],[97.7691,49.9989],[97.8522,49.9188],[98.0306,50.0346],[98.328051,50.476294],[98.0252,50.6551],[97.9497,50.8081],[97.995738,50.883918],[97.839765,50.999863],[97.9577,51.3387],[98.073,51.4585],[98.2311,51.4675],[98.3886,51.739],[98.7469,51.8609],[98.9111,52.1496],[99.327635,51.955551],[99.81713,51.898477],[99.935701,51.747067],[100.528886,51.750055],[101.365111,51.461441],[101.522129,51.496226],[102.08689,51.373412],[102.169087,51.305966],[102.1136,51.237312],[102.237995,50.974896],[102.214075,50.823542],[102.347908,50.662927],[102.525429,50.594644],[102.642828,50.413599],[102.941875,50.305491],[103.196572,50.333117],[103.308115,50.189795],[104.149316,50.148204],[104.411989,50.309887],[105.327213,50.473133],[106.018275,50.41138],[106.298683,50.300416],[106.627678,50.332012],[106.979515,50.208929],[107.252886,49.989676],[107.9299,49.9372],[107.9603,49.6593],[108.5584,49.3299],[109.1808,49.353],[109.5508,49.2225],[110.234,49.1607],[110.3905,49.2515],[110.807,49.1802],[111.3582,49.3506],[112.8431,49.5307],[113.484263,49.969463],[114.3388,50.2827],[114.9647,50.1821],[115.2125,49.9965],[115.5277,49.9047],[115.758173,49.892157],[116.2355,50.0356],[116.6216,49.9311],[116.706811,49.851927],[116.036339,48.867382],[116.072725,48.81651],[115.791148,48.528045],[115.812533,48.255586],[115.547706,48.161439],[115.567971,47.92308],[115.917435,47.693502],[116.228334,47.867855],[116.796056,47.893951],[117.375183,47.640041],[117.849457,48.021061],[118.554932,47.993462],[118.754822,47.77208],[119.10968,47.667912],[119.141007,47.549553],[119.357643,47.479595],[119.322418,47.433987],[119.699563,47.197554],[119.927811,46.722237],[119.688564,46.591756],[119.086204,46.659489],[118.896858,46.775786],[118.789591,46.685662],[118.291742,46.732551],[117.831619,46.528336],[117.415131,46.580458],[117.331012,46.362096],[116.845633,46.382374],[116.5776,46.288706]]]}},{"type":"Feature","properties":{"tzid":"Asia/Urumqi"},"geometry":{"type":"Polygon","coordinates":[[[74.564626,37.030852],[74.461408,37.134402],[74.499603,37.225797],[74.741052,37.286128],[74.910758,37.23503],[75.125578,37.316746],[75.126069,37.450919],[74.931526,37.584473],[74.988984,37.804448],[74.916467,38.022828],[74.711444,38.212737],[74.690889,38.4151],[74.12872,38.639348],[73.976574,38.536643],[73.800989,38.61609],[73.709643,38.897331],[73.844033,38.9901],[73.511106,39.374649],[73.62362,39.468768],[73.872684,39.482773],[73.945387,39.613294],[73.837642,39.77088],[73.937802,40.022075],[74.160057,40.115545],[74.355607,40.098748],[74.710814,40.349575],[74.902943,40.342636],[74.79209,40.444842],[74.862725,40.512848],[75.199787,40.447719],[75.592318,40.663394],[75.719191,40.464836],[75.69912,40.280776],[76.258952,40.423631],[76.417952,40.385586],[76.653491,40.628224],[76.750831,40.942982],[76.866312,41.019062],[77.691648,41.006074],[77.816155,41.136948],[78.116334,41.227934],[78.199117,41.394646],[78.640505,41.470811],[79.295356,41.791387],[79.777663,41.899283],[79.90953,42.040513],[80.211299,42.047285],[80.16523,42.188632],[80.286477,42.254204],[80.17713,42.671616],[80.274608,42.834196],[80.572503,42.888229],[80.41084,42.986951],[80.419205,43.059873],[80.796856,43.173509],[80.702449,43.31825],[80.753317,43.45941],[80.396238,44.110114],[80.349877,44.459712],[80.404897,44.600118],[80.166736,44.832525],[80.020629,44.799528],[79.943759,44.937822],[80.109696,45.047135],[80.858654,45.125445],[81.767478,45.377095],[81.913999,45.237858],[82.553594,45.201602],[82.587726,45.34472],[82.279959,45.535138],[82.286084,45.702954],[83.02515,47.201702],[83.361789,47.177994],[83.919312,46.975557],[84.73609,47.005229],[84.943009,46.863262],[85.231609,47.049564],[85.525356,47.051582],[85.683082,47.254876],[85.539207,48.000318],[85.586779,48.191826],[85.78743,48.417453],[86.222999,48.432191],[86.584172,48.537452],[86.754102,48.707611],[86.809527,48.827737],[86.737467,49.00006],[86.881465,49.129394],[87.421646,49.073992],[87.80488,49.170117],[87.885218,48.989075],[87.75408,48.914693],[88.049841,48.720839],[88.003364,48.566271],[88.569925,48.350304],[88.654904,48.172411],[89.059596,47.991731],[89.572306,48.033388],[89.749901,47.854616],[90.051498,47.874648],[90.076175,47.774752],[90.362635,47.661312],[90.559788,47.205167],[90.893412,46.959929],[91.043554,46.70221],[91.052721,46.524237],[90.908887,46.288015],[91.021313,46.030048],[90.744583,45.765986],[90.669308,45.552886],[90.864547,45.204098],[91.122238,45.214054],[91.656624,45.065822],[92.49047,45.000053],[92.881584,45.046537],[93.531425,44.956341],[94.211365,44.667726],[94.723754,44.339049],[94.994415,44.254539],[95.425632,44.28061],[95.328196,44.036509],[95.522808,44.005056],[95.907773,43.236271],[96.363049,42.898692],[96.387409,42.724526],[96.101704,42.603136],[95.977764,42.435494],[96.17775,42.216695],[96.075783,42.148642],[96.137581,42.053117],[96.024306,41.916761],[95.570068,41.793784],[95.306869,41.572275],[95.109415,41.766767],[94.533577,41.504721],[94.008121,41.112857],[93.808308,40.878608],[93.759416,40.664836],[92.927288,40.572012],[92.639408,39.514971],[92.33865,39.237364],[92.381234,38.9994],[90.622367,38.667699],[90.398963,38.490203],[90.139861,38.491664],[90.139797,38.360671],[90.279207,38.238029],[90.529017,38.319555],[90.516545,37.728825],[91.069143,37.476741],[91.278513,37.162701],[91.276192,37.012627],[90.857357,36.919088],[90.704613,36.685844],[90.763313,36.583645],[91.027786,36.537014],[91.107217,36.094229],[90.883389,36.025534],[90.653287,36.135524],[90.24483,36.1591],[90.032184,36.27614],[89.946319,36.098387],[89.748998,36.080805],[88.902544,36.36201],[88.765006,36.292424],[88.451229,36.480734],[87.545433,36.34281],[87.401954,36.417037],[86.219781,36.139629],[86.088102,35.879326],[85.659091,35.73446],[85.597637,35.647296],[85.286844,35.775834],[85.013044,35.745746],[84.451126,35.548351],[84.449837,35.47876],[84.205231,35.38155],[83.990692,35.422157],[83.619411,35.336886],[83.123726,35.399189],[82.996239,35.485298],[82.964722,35.668182],[82.728638,35.638565],[82.46582,35.71796],[82.29644,35.545582],[82.078392,35.465302],[81.992989,35.324451],[81.672325,35.234623],[81.46183,35.337757],[81.216896,35.320084],[81.095612,35.410755],[80.950829,35.313564],[80.438976,35.427806],[80.287857,35.357776],[80.363874,35.210002],[80.061149,35.065833],[79.818678,34.492905],[79.051523,34.429426],[79.034964,34.359944],[78.905218,34.353317],[78.674998,34.531663],[78.275817,34.627527],[78.187562,34.979506],[78.004389,35.264613],[78.114767,35.474931],[77.458385,35.468431],[76.957573,35.596266],[76.583543,35.792273],[76.555835,35.927243],[76.177801,35.824194],[76.097586,36.000464],[75.954095,36.052928],[76.060208,36.225084],[75.871468,36.662059],[75.675804,36.764054],[75.436191,36.749324],[75.409625,36.945542],[75.11032,37.007967],[74.926714,36.945011],[74.841108,37.05709],[74.663337,37.080774],[74.564626,37.030852]]]}},{"type":"Feature","properties":{"tzid":"Asia/Ust-Nera"},"geometry":{"type":"Polygon","coordinates":[[[140.880919,62.50921],[140.584663,62.41428],[140.518827,62.522537],[140.137053,62.711668],[139.826181,62.653746],[139.572029,62.799212],[139.680589,62.902676],[139.588991,62.998381],[139.622673,63.191869],[140.241348,63.494656],[140.641072,63.501737],[140.584574,63.824227],[140.864768,63.884359],[140.794961,64.155868],[140.079694,64.355508],[140.393879,64.483629],[140.404201,64.559338],[139.363226,65.005112],[139.932286,65.478321],[140.812975,65.552831],[142.783362,65.328105],[143.011058,65.158764],[144.263245,65.022505],[144.353732,64.905078],[144.676101,64.78016],[144.536669,64.662041],[145.1436,64.543442],[145.327004,64.436191],[145.76692,64.43492],[146.120035,64.222924],[146.371536,64.191726],[146.161744,63.927112],[145.609999,63.831494],[145.671037,63.69284],[145.480096,63.537598],[145.393014,63.310124],[145.257862,63.242875],[145.283248,63.02435],[145.399059,62.877705],[145.361371,62.782774],[145.437043,62.730861],[145.389298,62.607923],[145.468829,62.548009],[145.178246,62.489459],[145.1742,62.273395],[144.731389,62.091803],[144.538866,61.84368],[144.204254,61.736361],[143.954927,61.755508],[143.913677,61.995792],[143.649522,61.857715],[143.588081,62.034941],[143.332546,62.034158],[143.213513,62.113781],[142.96165,61.903727],[142.715718,61.972957],[142.424012,61.880302],[142.170227,62.057858],[141.877013,62.016994],[141.551282,62.173252],[141.294773,62.40803],[140.880919,62.50921]]]}},{"type":"Feature","properties":{"tzid":"Asia/Vientiane"},"geometry":{"type":"Polygon","coordinates":[[[106.33703,14.443],[106.019688,14.352863],[106.182394,14.066779],[106.060475,13.918823],[105.907454,13.932265],[105.788544,14.078929],[105.560275,14.159483],[105.370153,14.102981],[105.260059,14.206887],[105.234334,14.346077],[105.452216,14.453315],[105.537821,14.585732],[105.518108,14.820189],[105.590143,14.952703],[105.472209,15.166057],[105.583673,15.311771],[105.483235,15.330927],[105.584607,15.414352],[105.63541,15.660105],[105.391835,15.806592],[105.357038,16.025775],[105.05507,16.099939],[105.016142,16.241031],[104.740926,16.53404],[104.793065,17.405422],[104.265923,17.88203],[103.991556,18.316583],[103.309592,18.432626],[103.044229,17.984623],[102.938442,18.001604],[102.628022,17.832565],[102.575053,17.963975],[102.093,18.21822],[101.916009,18.045919],[101.773092,18.060348],[101.725287,17.91343],[101.398133,17.730595],[101.164848,17.478598],[100.986807,17.566626],[101.02142,17.893841],[101.172011,18.085463],[101.180425,18.32723],[101.05972,18.420956],[101.272742,18.688609],[101.251695,18.86822],[101.352349,19.041523],[101.187518,19.396516],[101.286321,19.565456],[100.910076,19.626711],[100.757975,19.50247],[100.501037,19.538212],[100.411488,19.769821],[100.551184,20.174819],[100.32176,20.398807],[100.175414,20.250004],[100.089135,20.339462],[100.283573,20.773443],[100.635612,20.871866],[100.52074,20.932257],[100.71839,21.29178],[101.206524,21.562955],[101.163998,21.368047],[101.284974,21.176783],[101.528502,21.248781],[101.716498,21.144053],[101.837099,21.207006],[101.728522,21.348175],[101.831675,21.61263],[101.746819,21.737303],[101.776182,21.835667],[101.623916,21.968255],[101.549206,22.242709],[101.668253,22.456646],[101.75859,22.506927],[101.858059,22.398343],[102.121291,22.436053],[102.619905,21.905338],[102.673878,21.661174],[102.809183,21.718096],[102.810911,21.819521],[102.877817,21.705036],[102.969643,21.746458],[102.991456,21.597589],[102.874639,21.434107],[102.921507,21.452714],[102.897375,21.305984],[102.814427,21.254838],[102.907388,21.231449],[103.111069,20.899386],[103.462055,20.82542],[103.711838,20.666354],[103.887169,20.894839],[104.109096,20.975635],[104.637978,20.671323],[104.3792,20.447027],[104.449166,20.379393],[104.672946,20.449553],[104.61164,20.262291],[104.975812,20.098155],[104.836189,19.795355],[104.549345,19.617349],[104.419689,19.693503],[104.091746,19.666872],[104.070422,19.441544],[103.926656,19.283042],[104.529467,18.985511],[104.675806,18.837832],[105.143169,18.705103],[105.191264,18.61456],[105.106299,18.453205],[105.187029,18.336906],[105.364662,18.16367],[105.488563,18.176905],[105.748634,17.684819],[106.20099,17.273208],[106.275369,17.292864],[106.462765,16.993316],[106.546204,17.008674],[106.551297,16.694344],[106.690666,16.451974],[106.878779,16.525066],[106.968408,16.306813],[107.120796,16.287921],[107.175234,16.15793],[107.349861,16.061753],[107.445506,16.085931],[107.40024,15.894401],[107.213635,15.828064],[107.39555,15.493579],[107.598501,15.414477],[107.63255,15.321149],[107.606232,15.073991],[107.475351,14.974879],[107.587405,14.876308],[107.447875,14.542629],[107.30775,14.587929],[106.96998,14.319046],[106.821411,14.310869],[106.523474,14.59167],[106.33703,14.443]]]}},{"type":"Feature","properties":{"tzid":"Asia/Vladivostok"},"geometry":{"type":"MultiPolygon","coordinates":[[[[143.045556,56.483113],[143.233404,56.594785],[143.509447,56.600503],[143.723981,56.487997],[143.749826,56.365497],[143.540907,56.218941],[143.261569,56.213703],[143.032799,56.350534],[143.045556,56.483113]]],[[[141.056492,67.886885],[141.343456,67.804575],[140.033155,67.877683],[139.162948,67.547264],[138.68508,67.586374],[138.909434,67.405041],[138.918651,67.31028],[138.680579,67.264675],[138.776036,67.153379],[139.414988,67.073003],[139.552458,66.901647],[140.31354,66.627419],[140.317968,66.492948],[140.54098,66.45375],[140.450873,66.371642],[140.074124,66.402986],[139.6991,66.265334],[139.853998,66.094055],[140.084262,66.035961],[140.038558,65.931678],[140.14703,65.868998],[139.813099,65.847224],[139.297586,66.018812],[137.877964,65.960846],[136.862869,66.197395],[136.346392,66.183718],[135.679025,65.892238],[134.853465,65.763378],[134.514648,65.501118],[134.448321,65.362213],[134.307592,65.400141],[133.994392,65.316032],[133.881356,65.205599],[133.201052,65.27259],[132.96092,65.111424],[132.899122,64.958895],[132.999973,64.847332],[132.932368,64.707673],[132.734349,64.597028],[132.279792,64.654016],[132.341841,64.79175],[132.077997,65.139408],[131.529466,65.402663],[131.492769,65.455415],[131.722126,65.70313],[131.393747,65.692606],[131.114691,65.946786],[130.526705,66.084028],[130.428304,66.194993],[130.099244,66.207326],[130.088074,66.502697],[129.913168,66.611889],[129.976699,66.855971],[130.254325,66.908877],[130.344222,67.08902],[131.039202,67.132189],[131.111463,67.164069],[131.13434,67.366467],[131.335264,67.473726],[131.392737,67.594518],[131.73527,67.536969],[131.780892,67.667506],[132.029156,67.74226],[132.320011,67.709554],[132.35434,67.807372],[132.66427,67.926313],[132.903686,68.158503],[133.4082,68.35271],[133.227053,68.392199],[133.480338,68.467556],[133.01541,68.588765],[133.013308,68.658219],[132.595346,68.919133],[132.315377,69.011533],[132.575777,69.127369],[132.809086,69.507612],[133.149834,69.66192],[133.511696,69.718107],[132.990875,69.948613],[133.249097,69.996907],[133.103807,70.029045],[133.201042,70.177242],[133.131573,70.299637],[132.031631,70.382581],[132.012748,70.490873],[132.140808,70.607257],[132.025451,70.793575],[132.180011,70.942343],[131.234656,71.272688],[131.378093,71.300077],[131.69051,71.738282],[132.155116,72.045265],[132.955105,72.166254],[133.537384,72.125654],[133.965533,71.888055],[133.706083,71.715491],[134.231836,71.575643],[134.67916,71.717706],[135.489606,71.829618],[137.264339,71.812053],[138.291558,72.122634],[138.73897,72.474605],[139.922837,72.900387],[139.709038,73.035826],[140.846983,73.113261],[144.369079,72.91806],[144.381426,72.840603],[145.217507,72.761219],[144.529771,72.247317],[144.290625,72.278582],[144.171591,72.181539],[143.475695,72.079564],[143.379736,72.043301],[143.467777,71.997228],[143.077588,71.775811],[143.109627,71.707625],[142.677791,71.637575],[142.475571,71.281955],[142.601875,71.112771],[141.836315,70.834205],[141.630558,70.714887],[141.68733,70.678306],[141.544412,70.544452],[140.756047,70.147847],[141.005588,69.990236],[141.250812,69.996974],[141.608912,69.856186],[142.14206,69.878866],[142.29144,69.80348],[142.138548,69.752009],[142.082449,69.640513],[142.351357,69.582688],[142.665922,69.307374],[142.62888,69.249612],[141.528288,69.223721],[141.587764,68.996914],[141.800753,68.785965],[141.448612,68.703411],[141.384474,68.57012],[140.914088,68.410217],[141.161366,68.200305],[141.045206,68.110246],[141.056492,67.886885]]],[[[143.025004,61.947042],[143.135308,62.102249],[143.234566,62.113835],[143.408642,62.021927],[143.609126,62.036011],[143.66925,61.861245],[143.923494,61.993299],[143.944683,61.754986],[144.197829,61.733028],[144.858928,62.06004],[145.476601,61.957687],[145.708435,62.035465],[145.965803,62.003381],[146.32466,61.84992],[146.596613,61.624524],[146.578916,61.532831],[146.723235,61.479447],[146.746789,61.117737],[146.661491,61.061142],[146.748585,61.008621],[146.509523,60.942774],[146.532163,60.846621],[146.397005,60.664097],[146.06337,60.727456],[145.566349,60.515785],[145.52881,60.430701],[145.660723,60.37151],[145.569873,60.330579],[145.839705,60.180641],[146.401072,60.243322],[146.538755,60.106463],[146.689965,60.084714],[146.773604,59.924024],[147.023169,59.949921],[147.200475,59.722165],[147.115495,59.424512],[146.970252,59.389481],[146.949863,59.151093],[146.127172,58.94584],[145.767326,58.977644],[145.393753,59.185954],[143.957005,59.203922],[142.51797,58.973858],[141.847735,58.479528],[141.061251,58.164056],[140.819151,57.749132],[140.547585,57.594733],[140.2458,57.546971],[140.138662,57.315606],[139.383545,57.079467],[138.948211,56.813284],[138.861335,56.659363],[138.652911,56.558182],[138.506006,56.296264],[138.262339,56.21989],[137.83754,55.920488],[138.591841,55.264076],[140.074077,54.479875],[140.205116,54.276251],[140.585569,54.085683],[140.84404,53.767181],[141.491718,53.556524],[141.708374,53.238288],[141.636707,53.163288],[141.523373,52.428287],[141.59004,52.12662],[141.416706,51.62162],[141.006946,51.171056],[140.958494,50.914605],[140.801811,50.740149],[140.830659,50.27578],[140.997906,50.086691],[140.804558,49.877159],[140.844206,49.514519],[140.676028,48.908166],[140.508613,48.72118],[140.454357,48.378057],[139.583332,47.74524],[139.25815,47.234221],[138.817226,46.933491],[138.61831,46.47883],[138.402991,46.299045],[138.346065,46.131593],[137.871329,45.653557],[137.123721,45.112145],[136.35614,44.362833],[136.065238,44.2086],[135.67377,43.666422],[135.352582,43.376016],[133.831381,42.623048],[130.918877,42.122712],[130.668173,42.313769],[130.564171,42.532607],[130.591072,42.656512],[130.407268,42.714203],[130.673438,42.846334],[131.115959,42.92016],[131.296497,43.385844],[131.309193,43.483004],[131.203908,43.568631],[131.268812,44.159362],[131.104477,44.707526],[130.957581,44.844592],[131.128701,44.939674],[131.448063,44.961595],[131.910795,45.336413],[132.072548,45.236566],[133.037478,45.056405],[133.195568,45.501407],[133.423591,45.611642],[133.459711,45.82875],[133.720115,46.033832],[133.684404,46.132451],[133.906404,46.258848],[133.862715,46.336794],[133.927422,46.41954],[133.861402,46.496426],[134.004902,46.654308],[134.058126,46.964278],[134.206442,47.101402],[134.194356,47.342177],[134.533087,47.46792],[134.767818,47.751032],[134.546042,47.981538],[134.749257,48.329063],[134.663925,48.411675],[134.045048,48.346752],[133.464488,48.10912],[133.065261,48.107219],[132.81989,47.939925],[132.666225,47.955878],[132.556588,47.717263],[132.309187,47.756778],[131.952136,47.662394],[131.594433,47.656518],[131.452666,47.74309],[130.993733,47.696167],[130.863971,47.936225],[130.656152,48.095251],[130.819682,48.319717],[130.73473,48.512397],[130.610867,48.497452],[130.522084,48.625846],[130.681226,48.852384],[130.640159,48.88324],[130.859835,48.991763],[131.008718,48.96871],[131.103033,49.205293],[131.395392,49.256067],[131.516731,49.414958],[131.506404,49.616491],[131.372807,49.669228],[131.515053,49.755361],[131.512991,49.889408],[131.38775,49.971729],[131.397569,50.270641],[131.132551,50.422466],[130.949019,50.376262],[130.878514,50.449589],[130.992146,50.554906],[130.967905,50.64771],[130.654891,50.657575],[130.878086,50.885619],[130.766088,50.987725],[130.909076,51.031214],[131.042859,51.239123],[131.256198,51.354613],[131.491839,51.356676],[131.392762,51.590034],[131.439942,51.670204],[132.268153,51.800108],[132.413335,51.858332],[132.398969,51.962037],[132.49169,51.960451],[132.574845,52.081626],[132.854423,52.18104],[133.391638,52.225614],[133.431604,52.257087],[133.26228,52.424155],[133.278986,52.684361],[134.603193,52.427106],[134.611407,52.54806],[134.746792,52.669519],[134.640037,52.743077],[134.621273,52.923546],[134.86055,53.09418],[134.835019,53.183687],[134.908625,53.248707],[134.790229,53.333614],[134.880751,53.439456],[134.538466,53.621623],[134.031309,53.446769],[133.55119,53.540563],[132.830059,53.23301],[132.279676,53.255438],[131.924144,53.143824],[131.8152,53.241619],[131.461345,53.219183],[131.517121,53.351789],[131.396655,53.757914],[131.102676,53.821175],[130.906202,53.774998],[130.851788,53.847801],[130.413925,53.912149],[130.511178,54.122416],[130.671594,54.247593],[131.124103,54.363226],[131.217745,54.542595],[131.167744,54.63295],[132.004419,54.928698],[132.078529,54.99571],[131.979317,55.013703],[132.073451,55.049659],[132.424728,55.084882],[132.359281,55.221657],[132.607413,55.235089],[132.676698,55.347283],[132.9694,55.415984],[132.770083,55.455431],[132.645064,55.542197],[132.657926,55.627464],[132.437382,55.742944],[131.146727,55.647208],[130.959614,55.72947],[130.873881,55.90717],[130.970343,56.13179],[131.123547,56.259795],[131.104096,56.405371],[131.269906,56.518484],[131.439268,56.460953],[131.492097,56.565878],[131.725008,56.470715],[131.669892,56.64561],[131.827638,56.75733],[131.508624,57.097419],[131.155756,57.229646],[131.27637,57.331888],[131.362044,57.275046],[131.614591,57.333067],[131.723706,57.567114],[132.058259,57.677084],[131.457821,58.16845],[131.70549,58.201191],[132.131193,58.078668],[132.003818,58.149687],[132.228288,58.331068],[132.152985,58.507961],[132.404915,58.512293],[132.560809,58.874505],[132.752793,58.879948],[132.818111,59.094613],[133.187202,59.245915],[133.484402,59.310077],[133.673014,59.23117],[134.042404,59.257487],[134.483379,59.139515],[134.714578,59.216636],[135.177755,59.111139],[135.451688,59.405523],[135.689987,59.508543],[136.741569,59.346503],[137.484496,59.552643],[137.451245,59.642704],[137.6216,59.749609],[137.884115,59.742917],[138.019435,59.818106],[138.061024,59.643584],[138.211797,59.649842],[138.176912,59.822122],[138.262422,60.068806],[138.203326,60.245242],[138.3192,60.341745],[138.270331,60.47753],[138.400615,60.663357],[138.231154,60.835176],[138.3451,60.979142],[138.327179,61.074078],[138.665011,61.204615],[138.71543,61.327966],[138.967761,61.315708],[139.111574,61.431136],[139.564459,61.491453],[139.94082,61.80944],[139.970687,61.950987],[140.257826,62.031003],[140.315179,62.333781],[140.437417,62.412392],[140.647625,62.408849],[140.805358,62.522615],[141.043085,62.492593],[141.110767,62.411366],[141.312814,62.416207],[141.552173,62.167965],[141.889926,62.020223],[142.140302,62.072812],[142.471235,61.884235],[142.710241,61.968371],[142.954134,61.896761],[143.025004,61.947042]]]]}},{"type":"Feature","properties":{"tzid":"Asia/Yakutsk"},"geometry":{"type":"MultiPolygon","coordinates":[[[[147.7864,76.758688],[148.416189,76.899512],[149.387177,76.954741],[150.007098,76.918062],[150.353658,76.78997],[150.312493,76.689245],[149.971102,76.535661],[149.307846,76.432364],[147.843467,76.503854],[147.632412,76.603266],[147.63139,76.675321],[147.7864,76.758688]]],[[[157.719922,76.602127],[157.154819,76.784724],[157.344127,76.923449],[157.927572,76.996066],[158.652834,76.955866],[158.996524,76.836139],[158.942678,76.714522],[158.619458,76.620998],[157.719922,76.602127]]],[[[155.608784,77.125381],[155.993146,77.265921],[156.646942,77.309937],[157.274169,77.244122],[157.529974,77.094476],[157.477306,77.011004],[157.186906,76.921505],[156.446001,76.872984],[155.772736,76.951096],[155.625702,77.012892],[155.608784,77.125381]]],[[[151.662713,75.758945],[152.311351,75.915334],[151.738932,76.091907],[151.759661,76.21489],[152.047576,76.324491],[153.132061,76.37438],[153.532286,76.300295],[153.672409,76.17254],[153.642613,76.056425],[153.475798,75.970703],[152.868409,75.891476],[153.267346,75.748827],[153.210975,75.633348],[153.018654,75.565746],[152.060158,75.534592],[151.731531,75.618612],[151.662713,75.758945]]],[[[134.706696,74.259501],[135.165793,74.426911],[135.977607,74.39355],[136.907678,74.075761],[137.019431,73.908102],[136.578454,73.711346],[135.82387,73.705865],[134.805129,74.062206],[134.706696,74.259501]]],[[[148.646366,74.538433],[147.74647,74.618954],[145.490259,75.110845],[144.428921,74.749172],[142.956067,74.621956],[141.802104,74.259798],[143.095693,73.958817],[144.000085,73.657088],[144.287021,73.475212],[144.369079,72.91806],[140.846983,73.113261],[139.709038,73.035826],[139.082356,73.382442],[139.510505,73.980649],[139.448254,74.136138],[138.661471,74.467298],[137.559376,74.641093],[136.215326,75.195839],[135.149995,75.196196],[134.85186,75.270753],[134.708164,75.419903],[134.825825,75.567139],[134.797265,75.685263],[134.903181,75.90384],[135.209086,76.026974],[135.979916,76.062186],[136.619724,75.897556],[136.960024,76.101014],[138.100731,76.33446],[140.453129,76.495917],[142.261975,76.274401],[143.104659,76.026221],[144.233177,76.005475],[145.823395,75.711865],[146.641643,75.784837],[148.723142,75.582342],[151.303075,75.314581],[151.741375,75.141753],[151.363072,74.796408],[151.062603,74.696823],[149.731214,74.551193],[148.646366,74.538433]]],[[[115.214662,74.32362],[115.513323,74.504472],[116.038355,74.567066],[116.653731,74.502492],[116.927307,74.338982],[116.747384,74.176712],[116.072981,74.077195],[115.463424,74.138721],[115.214662,74.32362]]],[[[119.85614,56.896079],[119.575957,57.071808],[119.685011,57.173194],[119.419936,57.395929],[119.399443,57.495909],[119.502115,57.599544],[119.347722,57.619071],[119.174523,57.519333],[119.174363,57.686366],[119.043871,57.747557],[119.161894,58.024658],[119.070217,58.356573],[119.121762,58.499561],[118.754963,58.629187],[118.865365,58.818944],[118.75479,58.916357],[118.853983,59.009534],[118.71898,59.049268],[118.681923,59.197163],[118.802495,59.283589],[118.762152,59.42522],[118.370655,59.524041],[118.340773,59.622342],[118.239862,59.640405],[118.033995,59.629318],[117.970825,59.501096],[117.829215,59.446557],[117.738762,59.561094],[117.537172,59.486253],[117.232313,59.528001],[117.151455,59.594397],[117.215426,59.84143],[117.029544,59.911418],[117.310704,60.007408],[117.284591,60.051826],[117.027155,60.048697],[116.903169,60.205386],[116.612644,60.292068],[116.594034,60.382068],[116.192245,60.395786],[115.72006,60.548931],[115.255897,60.498986],[115.115976,60.43206],[115.004329,60.225525],[114.606171,60.145033],[114.49131,60.053625],[114.573557,59.991346],[114.328946,59.911007],[114.183993,59.770506],[113.613021,59.602699],[113.599611,59.505213],[113.434946,59.390374],[113.531323,59.35253],[113.478814,59.274734],[113.307083,59.173819],[112.537283,59.077598],[112.589262,58.948925],[112.50375,58.889822],[112.445229,59.150287],[112.645746,59.294512],[112.297684,59.302953],[112.307415,59.4599],[112.236244,59.519577],[111.960503,59.302181],[111.657558,59.227146],[110.724209,59.280562],[110.548065,59.182177],[110.592128,59.154444],[110.492112,59.04777],[110.196383,58.989166],[109.841697,58.990289],[109.621826,59.079371],[109.500462,59.300127],[109.287911,59.316292],[109.342886,59.417168],[109.252271,59.466906],[109.511953,59.645927],[109.473564,59.7393],[109.753167,60.050864],[109.708938,60.167691],[109.790255,60.320654],[110.119835,60.590434],[110.091443,60.676786],[110.291463,60.708892],[110.270321,60.858168],[110.538844,61.08496],[110.51175,61.184001],[110.206574,61.177242],[110.089799,61.285121],[109.778381,61.331652],[109.86687,61.557275],[109.597202,61.765798],[109.578184,61.906102],[109.996953,62.177517],[109.927115,62.416041],[109.462266,62.424116],[109.268563,62.574162],[109.653925,62.828917],[109.505611,62.9508],[109.4118,63.365249],[109.310891,63.365483],[109.102783,63.568245],[108.138608,63.605846],[108.267606,63.692114],[108.289806,63.839389],[108.790408,63.865988],[108.716691,63.932214],[108.745776,64.021451],[108.596697,64.086496],[108.489436,64.307562],[107.919707,64.18957],[107.641299,64.3107],[107.332319,64.268558],[106.909604,64.439302],[106.759989,64.425199],[106.650414,64.530905],[106.112997,64.420306],[106.035523,64.532354],[105.787496,64.486188],[105.71007,64.596607],[105.703674,64.663172],[105.856035,64.673362],[105.818826,64.767535],[105.889865,64.842748],[105.987279,64.82943],[105.924477,64.900351],[106.169861,64.870548],[105.989795,65.051042],[106.513169,65.21579],[106.43403,65.316234],[106.833175,65.388447],[106.947323,65.491451],[106.407067,65.695905],[106.503275,65.98798],[106.32207,66.15679],[106.120634,66.188411],[106.099446,66.334217],[106.317441,66.511467],[106.180013,66.768895],[106.030125,66.785849],[106.063458,66.899272],[105.514612,67.010823],[105.948481,67.04022],[106.113717,67.167392],[106.813209,67.330332],[106.920682,68.254165],[106.90597,68.85245],[106.178337,69.44168],[106.505524,69.580178],[106.857426,69.523271],[107.957844,69.671198],[108.248733,69.854403],[109.288443,69.773084],[109.384634,69.824219],[109.426244,69.974364],[109.532727,69.995758],[109.357549,70.077449],[109.302058,70.193104],[109.566237,70.250783],[109.617674,70.366129],[110.302458,70.406986],[110.120231,70.503686],[110.124944,70.629923],[110.61524,70.783956],[111.91076,70.97447],[112.037619,71.054461],[112.234546,70.999375],[112.573026,71.095407],[112.567548,71.181507],[112.710931,71.23459],[112.015871,71.395761],[112.000695,72.1244],[111.591077,72.212755],[111.642651,72.297677],[111.542965,72.326955],[111.031714,72.384502],[111.269847,72.485371],[110.887076,72.575688],[110.659867,72.753454],[110.736085,72.802089],[110.66206,72.896599],[110.86448,72.9268],[110.667215,72.983689],[110.821316,73.028571],[110.751678,73.099912],[110.841171,73.148658],[110.377205,73.150949],[110.351131,73.193695],[110.600117,73.249537],[110.483601,73.336],[110.130973,73.385412],[110.586323,73.416098],[110.879011,73.563837],[111.28541,73.611281],[110.803805,73.709884],[111.88305,73.989818],[111.873551,74.105136],[110.487217,74.318104],[112.367953,74.65168],[112.909269,74.870803],[113.56657,74.893845],[114.178312,74.461396],[114.146784,74.280669],[113.616902,74.044585],[114.017502,73.793114],[115.558432,73.910327],[118.880689,73.748302],[119.437757,73.648816],[120.047961,73.383399],[120.871405,73.285109],[121.116255,73.138026],[122.572917,73.311871],[122.461387,73.495701],[122.570654,73.716088],[122.384027,73.854211],[122.427194,73.987722],[122.58185,74.096477],[123.021544,74.182677],[124.959943,74.12691],[126.312333,73.863214],[128.351025,73.674439],[130.216165,73.054403],[130.33084,72.3721],[130.244396,71.791125],[130.633669,71.634934],[130.747501,71.202206],[131.234656,71.272688],[131.782171,71.048042],[132.075512,71.027879],[132.192736,70.936457],[132.030258,70.784763],[132.140121,70.615805],[132.011375,70.498095],[132.07077,70.365514],[133.102284,70.317467],[133.221502,70.182957],[133.092483,70.049987],[133.232843,70.013819],[132.99963,69.971378],[133.506546,69.730242],[132.821274,69.518787],[132.707977,69.297151],[132.549233,69.205534],[132.570171,69.123207],[132.328842,69.057541],[132.366543,68.977451],[132.980511,68.677397],[133.01541,68.588765],[133.436803,68.469976],[133.227053,68.392199],[133.403726,68.329627],[132.903686,68.158503],[132.51236,67.83883],[132.35434,67.807372],[132.320011,67.709554],[132.029156,67.74226],[131.780892,67.667506],[131.73527,67.536969],[131.392737,67.594518],[131.366195,67.480999],[131.099227,67.309015],[131.145882,67.27172],[131.039202,67.132189],[130.33433,67.086861],[130.250092,66.908084],[129.958727,66.785307],[129.913168,66.611889],[130.088074,66.502697],[130.099244,66.207326],[130.405289,66.210645],[130.526705,66.084028],[131.069137,65.94772],[131.351561,65.795605],[131.393747,65.692606],[131.700615,65.704425],[131.492769,65.455415],[131.529466,65.402663],[132.077997,65.139408],[132.349178,64.741345],[132.279792,64.654016],[132.639094,64.643668],[132.934856,64.359121],[132.565176,64.094714],[132.422081,64.073934],[132.522999,63.997001],[132.239492,63.667826],[132.531338,63.642601],[132.805266,63.36546],[134.059223,63.348875],[134.15943,63.061607],[133.99018,63.058691],[133.96188,62.976932],[133.940713,62.800375],[134.034349,62.683218],[134.370608,62.547088],[135.016402,62.492187],[135.652335,61.989328],[135.509748,61.901661],[135.51095,61.791547],[135.192432,61.724574],[135.433788,61.598273],[135.228202,61.463789],[133.066375,61.222086],[133.085535,60.686302],[132.718419,60.576572],[132.436317,60.603946],[132.260476,60.305049],[132.026227,60.229822],[132.070451,60.112978],[131.871601,59.862947],[131.65166,59.904203],[131.585112,59.503871],[131.702665,59.287625],[131.807883,59.166118],[132.14026,59.121481],[132.265006,58.834532],[132.526078,58.930525],[132.544534,58.661851],[132.426642,58.525806],[132.163275,58.524],[132.22358,58.335942],[132.024273,58.209018],[132.144236,58.102204],[132.051681,58.050873],[131.823298,58.167022],[131.472787,58.203649],[131.631971,57.998287],[132.0636,57.696113],[131.726262,57.57931],[131.767919,57.54893],[131.606284,57.4282],[131.610964,57.325893],[131.123222,57.261654],[131.477884,57.112793],[131.506858,57.019825],[131.799745,56.828089],[131.801829,56.726047],[131.675387,56.649258],[131.643317,56.541048],[131.734149,56.495345],[131.653342,56.455451],[131.529068,56.553514],[131.395594,56.459335],[131.222116,56.520845],[131.120072,56.419137],[131.127827,56.274371],[130.895199,56.014422],[130.886068,55.887114],[130.953598,55.714281],[131.147458,55.649038],[132.446301,55.740077],[132.661507,55.626406],[132.672146,55.517655],[132.959121,55.420898],[132.616505,55.243504],[132.361224,55.24468],[132.401952,55.080406],[132.095202,55.064392],[132.000554,55.025075],[131.984207,54.919683],[131.185375,54.638706],[131.229699,54.559768],[131.10796,54.34711],[130.740937,54.300598],[130.506061,54.109697],[130.425417,53.900657],[131.438102,53.742329],[131.497569,53.209924],[131.806426,53.257528],[131.93024,53.146172],[132.09668,53.23232],[133.129523,53.302536],[133.198365,53.43187],[133.582193,53.551934],[133.958796,53.444558],[134.556437,53.621204],[134.899507,53.419412],[134.789841,53.349055],[134.913831,53.269827],[134.826766,53.068988],[134.590263,52.852792],[134.751016,52.643576],[134.624216,52.566444],[134.607705,52.436537],[133.867642,52.516124],[133.290069,52.676206],[133.237173,52.450145],[133.394239,52.225457],[132.665771,52.115185],[132.264218,51.800098],[131.416275,51.694666],[131.46182,51.342617],[131.271544,51.369069],[131.073482,51.25417],[130.94651,51.039757],[130.787511,51.015053],[130.843275,50.901939],[130.675863,50.634133],[130.960709,50.650152],[131.008238,50.566587],[130.882397,50.484032],[130.932862,50.395332],[131.123203,50.434179],[131.452665,50.192022],[131.398569,49.981502],[131.49031,49.930062],[131.509606,49.770831],[131.354566,49.684476],[131.498474,49.624398],[131.524829,49.43055],[131.415599,49.26097],[131.110786,49.233218],[130.996441,48.971854],[130.265349,48.861989],[129.913791,49.042492],[129.71048,49.291092],[129.57722,49.278059],[129.500653,49.424677],[129.07345,49.353596],[129.005996,49.445056],[128.777392,49.471407],[128.765949,49.585331],[128.204913,49.540165],[127.727624,49.647278],[127.523355,49.857958],[127.501645,50.059415],[127.602894,50.211263],[127.339409,50.322902],[127.301083,50.73548],[126.917659,51.057039],[126.894245,51.203337],[126.972866,51.297782],[126.811504,51.289087],[126.914673,51.390212],[126.781292,51.435072],[126.838627,51.523167],[126.685333,51.579099],[126.71563,51.726943],[126.456619,51.944051],[126.556576,52.120094],[126.300397,52.206198],[126.42721,52.276916],[126.340086,52.301388],[126.325283,52.415365],[125.961354,52.639505],[126.065774,52.687807],[126.047947,52.797043],[125.939296,52.763228],[125.82954,52.895372],[125.665462,52.861169],[125.741238,52.977585],[125.605174,53.081584],[125.157808,53.203757],[124.848633,53.105739],[123.621838,53.545349],[122.118187,53.436873],[121.952354,53.627186],[121.943709,53.821604],[121.644313,54.062803],[121.746267,54.151954],[121.688052,54.402558],[122.133362,54.440894],[121.904996,54.653478],[121.907283,54.797631],[121.663378,54.731693],[121.65408,54.785015],[121.937268,54.986333],[121.922884,55.133621],[122.014901,55.182177],[121.952784,55.26144],[121.988634,55.508369],[121.899497,55.619519],[121.372471,55.524288],[121.342688,55.801673],[121.172288,56.03478],[120.918263,56.032993],[120.410283,55.87455],[120.225015,55.932311],[120.140959,55.867982],[120.041774,56.140607],[120.531303,56.264716],[120.233254,56.418725],[120.271205,56.455846],[119.833166,56.566011],[119.871095,56.669065],[119.677389,56.748291],[119.85614,56.896079]]]]}},{"type":"Feature","properties":{"tzid":"Asia/Yangon"},"geometry":{"type":"MultiPolygon","coordinates":[[[[93.036918,13.880988],[93.025671,14.083987],[93.213721,14.338023],[93.409693,14.390361],[93.539767,14.309514],[93.588953,14.112358],[93.485949,13.883259],[93.243649,13.771874],[93.036918,13.880988]]],[[[93.858558,14.935922],[93.79281,14.737253],[93.640153,14.602619],[93.48582,14.592769],[93.367152,14.690371],[93.376224,14.945912],[93.570109,15.122249],[93.774478,15.09476],[93.858558,14.935922]]],[[[98.466728,19.692641],[98.266054,19.683022],[98.0536,19.803322],[98.043252,19.658613],[97.864916,19.577529],[97.788881,19.403866],[97.830419,19.091968],[97.696902,18.905382],[97.768512,18.584222],[97.538875,18.498967],[97.369744,18.559809],[97.498841,18.271702],[97.639149,18.288167],[97.737133,17.978208],[97.676375,17.893624],[97.7693,17.717365],[98.32372,17.063635],[98.489837,16.96957],[98.539841,16.826601],[98.478386,16.745586],[98.6979,16.269722],[98.828734,16.417614],[98.916656,16.389329],[98.820858,16.111404],[98.561344,16.038484],[98.566622,15.349586],[98.422416,15.3645],[98.417544,15.272034],[98.209568,15.235019],[98.191499,15.090094],[98.261156,14.809739],[98.59715,14.327643],[98.969307,14.068664],[99.168215,13.722866],[99.209142,13.227973],[99.10985,13.086198],[99.233991,12.738054],[99.431675,12.590338],[99.473051,12.158033],[99.657821,11.829307],[99.228419,11.112074],[98.793487,10.690566],[98.816933,10.498515],[98.573687,9.969463],[98.3534,9.829614],[98.210535,9.620173],[97.979961,9.526084],[97.716299,9.605911],[97.4777,10.425324],[97.229305,11.804584],[97.574996,12.515145],[97.551391,14.268238],[94.024322,15.599558],[94.004271,16.911533],[94.111276,17.440753],[93.760946,18.236571],[93.252263,18.767279],[92.861144,19.679048],[92.340779,20.121072],[92.429444,20.554944],[92.182889,21.186391],[92.198899,21.322978],[92.34228,21.46139],[92.562462,21.363067],[92.590921,21.264533],[92.665719,21.317067],[92.609626,21.960723],[92.69189,22.136158],[92.903106,21.942361],[93.058969,22.100383],[93.043147,22.198297],[93.188238,22.25162],[93.095856,22.785919],[93.12573,23.035589],[93.313608,23.019821],[93.36953,23.157715],[93.423768,23.604778],[93.342826,24.091947],[93.487329,23.958296],[93.722574,23.998823],[94.154543,23.847244],[94.322365,24.327595],[94.714376,24.936056],[94.742638,25.087682],[94.59029,25.195888],[94.633255,25.375976],[95.012501,25.732167],[95.03106,25.927851],[95.17679,26.06193],[95.084277,26.444937],[95.164304,26.623848],[95.439743,26.702352],[96.022007,27.179239],[96.314149,27.293635],[96.760339,27.357145],[96.894136,27.174067],[97.13561,27.094295],[96.899801,27.608354],[97.368962,27.922297],[97.356355,28.206852],[97.486044,28.315959],[97.565827,28.546425],[98.13838,28.146438],[98.175909,27.835149],[98.315985,27.537976],[98.40275,27.543449],[98.433988,27.641007],[98.675803,27.582198],[98.781857,26.622469],[98.711042,26.158654],[98.586566,26.084046],[98.708634,25.874665],[98.640051,25.800237],[98.504775,25.815915],[98.333681,25.570817],[98.192872,25.616],[98.090507,25.343756],[97.944186,25.217615],[97.819122,25.230397],[97.719564,25.000003],[97.767422,24.829049],[97.581065,24.77092],[97.543367,24.468566],[97.679284,24.420987],[97.675479,24.297924],[97.765044,24.26527],[97.564246,23.912778],[97.640087,23.852715],[98.22984,24.114768],[98.868507,24.146046],[98.690969,23.928955],[98.884973,23.620838],[98.8128,23.552086],[98.934392,23.316261],[98.903009,23.2219],[99.103167,23.091722],[99.327804,23.136449],[99.519583,23.076814],[99.564077,22.936851],[99.318309,22.740834],[99.381138,22.498392],[99.264118,22.400027],[99.220203,22.125017],[99.927607,22.061334],[99.993245,21.983989],[99.974565,21.742085],[100.138844,21.691654],[100.121999,21.521766],[100.252167,21.467426],[100.435567,21.534021],[100.603114,21.463634],[101.105057,21.775732],[101.159614,21.633809],[101.159947,21.532797],[101.005992,21.395691],[100.717228,21.284586],[100.516793,20.918472],[100.644921,20.896989],[100.621545,20.852467],[100.255399,20.751077],[100.108405,20.386356],[99.926295,20.451617],[99.776779,20.334962],[99.499551,20.383915],[99.558811,20.198827],[99.498549,20.120949],[99.159637,20.132782],[99.04832,20.045995],[99.016003,19.802111],[98.466728,19.692641]]]]}},{"type":"Feature","properties":{"tzid":"Asia/Yekaterinburg"},"geometry":{"type":"MultiPolygon","coordinates":[[[[52.173312,53.297384],[52.211862,53.380847],[52.083919,53.515854],[52.188837,53.55588],[52.4818,54.050803],[52.328625,54.124307],[52.330786,54.279075],[52.678207,54.357831],[52.942056,54.271664],[53.056297,54.352739],[53.13399,54.244596],[52.968658,54.185924],[53.061352,54.078336],[53.220751,54.112025],[53.400696,53.993087],[53.500606,54.056129],[53.385388,54.37135],[53.424295,54.566594],[53.626393,54.713824],[53.645136,54.900192],[53.544602,54.887719],[53.157542,55.132945],[53.622406,55.222033],[54.234378,55.680484],[53.706613,55.966365],[54.003473,56.007202],[54.410649,56.305146],[54.328635,56.471757],[54.218732,56.469356],[54.082409,56.635401],[53.864884,56.588813],[53.901705,56.679069],[53.806785,56.779609],[54.045316,56.768369],[54.151229,56.958775],[54.436131,57.031004],[54.295711,57.108531],[54.309716,57.300566],[54.164956,57.318265],[54.274108,57.426049],[53.991837,57.559337],[54.137564,57.701646],[54.119649,57.945088],[53.789475,58.243872],[53.872895,58.302567],[53.711752,58.592241],[53.735508,58.684902],[53.925314,58.763127],[53.759205,58.950724],[53.876803,59.116024],[53.398035,59.16114],[53.221097,59.357955],[53.43734,59.668995],[53.625248,59.732619],[53.682908,59.991067],[53.634834,60.100831],[53.422121,60.225916],[53.032741,60.151641],[52.317417,60.227461],[52.352251,60.437479],[52.123716,60.464581],[52.152814,60.541242],[51.814803,60.575827],[51.885255,60.862855],[52.339538,60.832821],[52.431433,60.976416],[52.806464,60.937746],[52.870744,61.090149],[53.413588,61.033485],[53.355153,60.882661],[53.640645,60.849774],[53.813824,60.831604],[53.869119,60.967148],[53.954583,60.974092],[54.976851,60.859908],[55.043268,60.995086],[55.199961,60.991563],[55.272955,61.142678],[55.731499,61.095603],[55.848685,61.242891],[56.274501,61.191858],[56.37827,61.443122],[56.566341,61.418999],[56.653124,61.5243],[58.845858,61.495859],[59.321314,61.658363],[59.401718,61.737438],[59.335249,61.848673],[59.489022,61.946615],[59.399813,62.124646],[59.617604,62.393287],[59.634525,62.544277],[59.477792,62.561704],[59.37116,62.724874],[59.457963,62.905292],[59.210777,63.006007],[59.56213,63.890777],[59.8241,64.106576],[59.558513,64.246285],[59.629906,64.460429],[59.489294,64.491312],[59.735353,64.652616],[59.642226,64.805239],[60.243282,65.077502],[60.443906,65.056199],[60.618781,64.918553],[60.944145,65.012581],[61.136253,65.174133],[61.291152,65.176658],[61.364851,65.2496],[61.290863,65.319781],[61.908254,65.691446],[62.797642,65.857865],[62.897868,66.076301],[63.141697,66.256087],[63.289561,66.234111],[63.236212,66.319439],[63.426318,66.467058],[65.121638,66.901207],[65.081882,67.039277],[65.25808,67.161798],[65.744138,67.387227],[66.011854,67.410304],[66.08684,67.483392],[66.053924,67.578142],[65.849841,67.53955],[65.794263,67.635252],[66.198314,67.670646],[66.191438,67.756948],[66.045334,67.802174],[66.088195,67.932492],[65.408549,67.91889],[65.33964,67.990998],[65.281479,68.220434],[65.633118,68.585593],[65.442449,68.643756],[65.348757,68.809045],[64.58354,68.861137],[64.522449,68.992975],[65.077608,69.249291],[65.13181,69.338696],[64.965044,69.563919],[66.386467,70.109955],[66.321014,70.285692],[65.845506,70.584255],[65.853211,70.851099],[65.964695,70.996441],[66.453524,71.398707],[67.475773,71.652446],[67.817335,71.830729],[68.335153,72.70411],[69.470085,73.508251],[70.081773,73.62731],[70.9848,73.673148],[71.760467,73.551929],[72.210281,73.338124],[73.895435,73.262742],[74.38574,73.309019],[74.952349,73.600786],[75.459726,73.70519],[76.287006,73.713782],[77.060407,73.606983],[77.729901,73.639539],[77.76473,73.025094],[78.085574,72.669512],[78.649882,72.470335],[78.437748,72.346213],[78.595934,72.293767],[78.561752,72.206836],[79.069762,72.059277],[79.883319,72.019219],[80.340357,71.880936],[80.036387,71.829375],[80.147061,71.691819],[79.952048,71.601411],[79.339027,71.594726],[79.323644,71.463561],[79.16295,71.349704],[79.996963,71.116462],[80.583982,71.043189],[80.669241,70.685722],[80.811727,70.631187],[80.675905,70.49981],[80.863119,70.439539],[80.762382,70.382762],[80.640996,70.449751],[80.23039,70.435682],[79.929691,70.276831],[79.761461,70.277804],[79.79075,70.236657],[79.55964,70.125564],[79.348986,70.152833],[79.374007,70.056231],[79.220603,70.060161],[79.141908,69.948354],[78.881706,69.881557],[79.13593,69.753202],[79.04824,69.706488],[79.461169,69.660838],[79.661292,69.452155],[79.942297,69.34508],[80.672094,69.316104],[80.960867,69.200427],[81.585507,69.269522],[81.677817,69.318807],[81.621097,69.329764],[81.698258,69.452898],[81.943066,69.361685],[81.82542,69.265733],[81.884261,69.18981],[82.437476,69.163185],[82.50521,69.110618],[82.314493,69.049832],[82.870239,68.684453],[82.625036,68.582548],[82.711691,68.391219],[82.547729,68.179838],[82.343463,68.119461],[82.356418,67.938279],[81.736595,67.914486],[82.079651,67.718823],[82.031661,67.64781],[82.362147,67.556244],[82.256458,67.435891],[82.351015,67.343262],[82.124058,67.244274],[83.161204,66.81296],[83.297837,66.665781],[83.110842,66.600161],[83.078735,66.451253],[83.507927,66.204403],[83.289223,66.058247],[83.507559,65.921071],[83.473505,65.814529],[84.012448,65.780482],[84.25435,65.683556],[84.179925,65.59676],[84.512476,65.468276],[84.554298,65.278393],[84.288352,65.104061],[84.374448,65.060434],[84.317647,64.910492],[84.929573,64.94965],[85.027238,64.921687],[84.977761,64.832276],[85.188583,64.77481],[85.735818,64.823633],[85.905753,64.598818],[85.816777,64.504342],[85.996983,64.281333],[85.956413,64.086407],[85.37276,63.858643],[85.290781,63.660253],[85.068126,63.591796],[85.329679,63.503253],[85.468389,63.350958],[85.671623,63.374297],[85.498995,63.153013],[85.604924,63.047362],[85.513232,62.898328],[85.222731,62.803307],[84.92126,62.564489],[84.901905,62.465539],[84.443812,62.197137],[84.545507,61.902352],[84.677915,61.80813],[85.961137,61.54512],[85.976673,61.48261],[85.659289,61.377252],[85.698555,61.31843],[85.619246,61.262323],[84.194741,60.856513],[83.949694,60.836217],[83.50568,61.022591],[83.182942,61.027802],[82.376451,60.706879],[82.383422,60.600347],[82.167305,60.51634],[81.853308,60.639784],[81.111947,60.641125],[81.00475,60.768331],[80.704837,60.802779],[80.214788,60.680538],[79.426797,60.639255],[79.181412,60.824511],[77.982384,60.745302],[77.095525,60.852047],[77.100733,60.751976],[76.980489,60.657629],[77.063411,60.612364],[77.047356,60.513614],[76.799348,60.468751],[76.762575,60.332603],[76.855211,60.235735],[76.753264,60.128378],[76.7439,59.739598],[76.609358,59.561779],[76.200291,59.531423],[75.987835,59.382552],[75.898194,59.400331],[75.840339,59.280959],[75.638128,59.211711],[75.72395,59.001001],[75.635376,58.912346],[75.131702,58.663961],[75.199295,58.618682],[74.88274,58.424041],[74.219631,58.136298],[73.128288,58.155304],[72.781329,57.99856],[72.16794,58.014656],[71.990196,58.115843],[71.217437,58.053196],[71.294001,58.400106],[71.101829,58.427809],[71.073783,58.504963],[70.827506,58.496347],[70.381958,57.938816],[70.442958,57.774238],[70.689569,57.548049],[70.372349,57.329437],[70.682542,57.201218],[70.788381,57.365197],[70.994518,57.38195],[71.109925,57.210712],[71.609666,56.925146],[71.666198,56.798127],[71.369887,56.631768],[71.029716,56.683345],[71.084598,56.524166],[70.735458,56.424589],[70.917602,56.342542],[70.738378,56.254906],[70.902307,56.10359],[70.867412,55.962189],[70.472034,55.852427],[70.828713,55.834617],[70.582352,55.804407],[70.54187,55.736888],[70.756972,55.584722],[70.456711,55.420019],[70.493921,55.316429],[70.22771,55.14804],[69.707053,55.351388],[69.199475,55.330115],[68.932686,55.442027],[69.001168,55.288464],[68.748654,55.378842],[68.635671,55.203932],[68.177148,55.198793],[68.295254,55.081309],[68.103391,54.956673],[67.819274,54.971376],[67.562833,54.844377],[67.289709,54.862376],[65.998643,54.625148],[65.981779,54.717041],[65.74729,54.607419],[65.489554,54.655537],[65.494825,54.596653],[65.238008,54.549397],[65.190936,54.342863],[64.930787,54.412756],[63.99266,54.300729],[63.974979,54.202345],[63.776107,54.266634],[63.181268,54.19228],[63.07236,54.105238],[62.57702,54.058393],[62.526185,53.923704],[62.423958,53.962679],[62.418794,54.046982],[62.015917,54.039386],[61.981156,53.949272],[61.845915,54.031717],[61.570988,53.967599],[61.379308,54.084695],[61.277718,54.055144],[61.214833,53.920129],[61.006104,53.940528],[61.237207,53.841779],[61.042426,53.653013],[60.89761,53.65298],[61.565178,53.538344],[61.464775,53.462839],[61.261586,53.508648],[61.177036,53.311756],[61.548754,53.216987],[61.663757,53.264913],[62.119306,53.111815],[62.136285,53.016885],[62.029335,52.951047],[61.47711,53.034207],[61.008637,52.978109],[61.016521,52.895105],[60.713534,52.701289],[61.066798,52.347091],[60.716749,52.156154],[60.003262,51.971151],[60.058908,51.870145],[60.482558,51.798037],[60.407492,51.654727],[60.935627,51.615264],[61.013781,51.46409],[61.466329,51.407351],[61.678571,51.261387],[61.56806,51.237771],[61.449001,50.806123],[60.809,50.656605],[60.372263,50.668337],[60.187871,50.838571],[60.014903,50.822124],[59.99751,50.674848],[59.813177,50.535508],[59.509517,50.495313],[59.474018,50.539163],[59.568137,50.57356],[59.465489,50.642249],[58.910902,50.695479],[58.6564,50.808637],[58.696464,50.848189],[58.578611,50.93983],[58.618096,51.031494],[58.384019,51.07487],[58.321662,51.161741],[58.13671,51.066947],[57.802685,51.138312],[57.761816,50.920212],[57.508258,50.876206],[57.168042,51.108502],[56.78549,51.093601],[56.719131,50.972171],[56.448162,51.05685],[56.376987,50.924017],[56.216839,50.92401],[56.095794,50.72601],[55.736246,50.5503],[55.056233,50.819419],[55.105727,50.907823],[54.904132,50.918015],[54.715466,51.030213],[54.528129,50.933199],[54.672465,50.904889],[54.719468,50.654985],[54.558533,50.539248],[54.413611,50.620695],[54.516589,50.809502],[54.471193,50.852187],[54.191362,50.970441],[54.138762,51.106498],[53.656765,51.248563],[53.635759,51.377214],[53.415544,51.482609],[52.574958,51.46939],[52.362834,51.772487],[52.121559,51.671285],[51.856608,51.673806],[51.786365,51.602089],[51.812432,51.499132],[51.655825,51.448636],[51.610368,51.538363],[51.380176,51.476155],[51.242433,51.560177],[51.380236,51.612732],[51.246012,51.685567],[50.897918,51.681722],[50.768163,51.773037],[51.39142,52.069258],[51.442626,52.179603],[51.388485,52.352697],[51.548065,52.428867],[51.451673,52.568762],[51.56097,52.679247],[51.71521,52.651891],[51.715015,52.876348],[51.838496,52.865248],[52.042159,52.987393],[52.066292,53.090093],[52.168322,53.122743],[52.080247,53.12288],[52.173312,53.297384]],[[52.241024,53.391134],[52.31431,53.389328],[52.285098,53.339775],[52.241024,53.391134]],[[54.076668,56.641089],[53.866947,56.600906],[54.007273,56.669663],[54.076668,56.641089]],[[52.058849,60.716025],[52.016529,60.733804],[52.054915,60.730662],[52.058849,60.716025]],[[51.979325,60.638992],[51.99775,60.631096],[51.987991,60.624287],[51.979325,60.638992]],[[52.365681,60.79941],[52.375822,60.805995],[52.375251,60.791906],[52.365681,60.79941]],[[70.704207,55.953082],[70.794906,55.95507],[70.795369,55.929565],[70.704207,55.953082]],[[70.737438,55.986334],[70.822172,56.046006],[70.805579,55.984619],[70.737438,55.986334]],[[70.759456,56.381114],[70.819894,56.390106],[70.808114,56.361873],[70.759456,56.381114]]],[[[71.258783,56.310039],[71.192629,56.301396],[71.192793,56.316864],[71.258783,56.310039]]],[[[71.091926,56.330897],[71.081681,56.320102],[71.021415,56.352802],[71.091926,56.330897]]]]}},{"type":"Feature","properties":{"tzid":"Asia/Yerevan"},"geometry":{"type":"Polygon","coordinates":[[[44.619494,39.822817],[44.342945,40.026766],[43.897257,40.021269],[43.667262,40.109192],[43.682808,40.257339],[43.571243,40.501864],[43.747367,40.726922],[43.636492,40.959778],[43.451928,41.105842],[44.226525,41.236643],[44.855499,41.20819],[44.807428,41.289601],[44.999281,41.290358],[45.024406,41.211517],[45.204396,41.147197],[45.076109,41.072336],[45.408355,41.021026],[45.603697,40.861225],[45.371946,40.669857],[45.462443,40.494409],[45.930455,40.29699],[45.975763,40.20431],[45.871821,40.02249],[45.629954,40.019413],[45.656713,39.976013],[46.172638,39.608082],[46.575442,39.557075],[46.389598,39.406625],[46.633309,39.230912],[46.451972,39.201021],[46.535901,39.085502],[46.534501,38.878465],[46.140676,38.844518],[46.001337,39.275907],[45.812676,39.361203],[45.761929,39.585586],[45.475636,39.49252],[45.185642,39.587049],[45.056874,39.792199],[44.773013,39.718204],[44.619494,39.822817]]]}},{"type":"Feature","properties":{"tzid":"Atlantic/Azores"},"geometry":{"type":"MultiPolygon","coordinates":[[[[-31.542932,39.509103],[-31.258779,39.894892],[-31.043484,39.918668],[-30.866303,39.784658],[-30.867928,39.365029],[-31.016168,39.19347],[-31.27059,39.147437],[-31.434661,39.204645],[-31.539999,39.349938],[-31.542932,39.509103]]],[[[-29.09398,38.619755],[-28.953168,38.778935],[-28.308035,38.959993],[-28.302453,39.169849],[-28.053561,39.306946],[-27.706699,39.126517],[-27.689912,38.944777],[-27.878065,38.810639],[-27.648558,38.72071],[-27.514127,38.953354],[-27.216055,39.002685],[-26.898708,38.911213],[-26.761949,38.721228],[-26.84993,38.522323],[-26.997096,38.429569],[-27.503037,38.512875],[-27.606177,38.37895],[-27.894338,38.23773],[-28.204662,38.180427],[-28.509395,38.19095],[-28.878604,38.344136],[-29.09398,38.619755]]],[[[-25.042141,36.727356],[-25.347595,36.797526],[-26.059472,37.720987],[-26.087645,37.881327],[-25.982701,38.042029],[-25.805303,38.109223],[-25.148624,38.059602],[-24.911279,37.921302],[-24.531025,37.265006],[-24.806037,36.818679],[-25.042141,36.727356]]]]}},{"type":"Feature","properties":{"tzid":"Atlantic/Bermuda"},"geometry":{"type":"Polygon","coordinates":[[[-65.118764,32.318999],[-64.993748,32.482917],[-64.669908,32.591369],[-64.52351,32.545554],[-64.413371,32.396033],[-64.458116,32.232267],[-64.77589,32.052821],[-65.032915,32.107574],[-65.118764,32.318999]]]}},{"type":"Feature","properties":{"tzid":"Atlantic/Canary"},"geometry":{"type":"MultiPolygon","coordinates":[[[[-14.724671,28.123259],[-14.388998,28.454678],[-13.7083,29.831321],[-13.554056,29.909937],[-13.381238,29.870256],[-13.1091,29.222743],[-13.597171,28.52841],[-13.710967,28.158004],[-14.342282,27.84013],[-14.642859,27.898853],[-14.724671,28.123259]]],[[[-16.062873,27.936111],[-15.863103,28.313607],[-15.427639,28.382186],[-15.218016,28.290416],[-15.128274,27.948104],[-15.280611,27.646081],[-15.579129,27.529604],[-15.944125,27.681801],[-16.062873,27.936111]]],[[[-17.576529,28.117819],[-17.457155,28.362406],[-17.179828,28.405692],[-17.011563,28.543409],[-16.398719,28.768244],[-16.076202,28.777058],[-15.908865,28.63689],[-15.928418,28.422679],[-16.496445,27.822552],[-16.724101,27.79379],[-16.962276,27.921509],[-17.308387,27.820692],[-17.505374,27.936326],[-17.576529,28.117819]]],[[[-18.235877,28.792536],[-18.017299,29.039303],[-17.652992,29.009007],[-17.497991,28.784741],[-17.553819,28.473914],[-17.729881,28.269567],[-17.958763,28.272531],[-18.082434,28.394286],[-18.235877,28.792536]]],[[[-18.392362,27.734686],[-18.277657,27.927309],[-17.937207,28.048448],[-17.774023,28.003152],[-17.655731,27.819895],[-17.763909,27.555827],[-17.950021,27.436498],[-18.29854,27.543997],[-18.392362,27.734686]]]]}},{"type":"Feature","properties":{"tzid":"Atlantic/Cape_Verde"},"geometry":{"type":"Polygon","coordinates":[[[-22.499985,15.97016],[-22.946524,15.023989],[-23.379676,14.735436],[-24.818198,14.630658],[-24.934715,14.728018],[-24.961128,14.873395],[-24.575215,16.37542],[-25.457541,16.770935],[-25.57108,17.085694],[-25.433611,17.272319],[-25.122912,17.406089],[-24.90177,17.338324],[-24.286389,16.890653],[-22.874654,17.049993],[-22.71113,16.924389],[-22.454775,16.157001],[-22.499985,15.97016]]]}},{"type":"Feature","properties":{"tzid":"Atlantic/Faroe"},"geometry":{"type":"Polygon","coordinates":[[[-6.034286,61.834571],[-6.308023,61.241783],[-6.775767,61.142993],[-7.196214,61.344764],[-8.118757,62.093099],[-8.029355,62.218713],[-7.445991,62.475313],[-6.452938,62.589644],[-5.984533,62.497834],[-5.831199,62.370016],[-6.034286,61.834571]]]}},{"type":"Feature","properties":{"tzid":"Atlantic/Madeira"},"geometry":{"type":"MultiPolygon","coordinates":[[[[-17.50342,32.833259],[-17.232895,33.074265],[-16.62576,32.948932],[-16.580316,33.19491],[-16.357438,33.316939],[-16.125391,33.279297],[-16.040782,33.141066],[-16.10357,32.909863],[-16.415224,32.793555],[-16.22776,32.419749],[-16.384748,32.211692],[-16.56726,32.218606],[-17.207867,32.491707],[-17.441532,32.65941],[-17.50342,32.833259]]],[[[-16.050673,29.828247],[-16.264258,29.950974],[-16.253809,30.145899],[-15.963815,30.346412],[-15.716521,30.311174],[-15.628905,30.185626],[-15.654939,30.038223],[-16.050673,29.828247]]]]}},{"type":"Feature","properties":{"tzid":"Atlantic/Reykjavik"},"geometry":{"type":"MultiPolygon","coordinates":[[[[-18.673185,67.353],[-18.255884,67.268],[-18.175148,67.103],[-18.399063,66.981],[-18.733992,66.949],[-19.03875,67.004],[-19.195484,67.127],[-19.082448,67.279],[-18.673185,67.353]]],[[[-22.499983,63.417278],[-23.653108,63.555924],[-25.013507,65.504539],[-24.22164,66.142868],[-23.468338,66.566778],[-22.977017,66.665475],[-22.374845,66.66255],[-20.119212,66.336825],[-18.317096,66.37685],[-18.500776,66.486563],[-18.513571,66.605153],[-18.07796,66.764421],[-17.580939,66.665022],[-17.480814,66.559214],[-17.546783,66.429174],[-16.81007,66.668417],[-16.183987,66.733545],[-14.298701,66.547483],[-14.062958,66.448405],[-13.157155,65.578546],[-13.013425,65.082575],[-13.06621,64.893954],[-13.205337,64.793823],[-12.918538,64.716866],[-12.804616,64.589512],[-13.052047,64.409354],[-13.642593,64.469024],[-14.205391,64.22178],[-16.383955,63.620004],[-17.317676,63.546302],[-17.767752,63.327833],[-18.578143,63.192999],[-20.695114,63.090478],[-22.499983,63.417278]]]]}},{"type":"Feature","properties":{"tzid":"Atlantic/South_Georgia"},"geometry":{"type":"MultiPolygon","coordinates":[[[[-27.232458,-59.221166],[-26.816026,-59.257752],[-26.694221,-59.353967],[-26.671336,-59.503847],[-26.830584,-59.630367],[-27.095896,-59.67274],[-27.578709,-59.627891],[-27.79318,-59.494319],[-27.68237,-59.290384],[-27.232458,-59.221166]]],[[[-26.70476,-59.24152],[-27.052173,-59.142343],[-27.097449,-58.961085],[-26.505442,-58.768976],[-26.249959,-58.831805],[-26.056013,-58.995005],[-26.255052,-59.208322],[-26.70476,-59.24152]]],[[[-26.355318,-58.182401],[-26.096753,-58.22466],[-25.927091,-58.34191],[-25.89081,-58.537607],[-25.947035,-58.619025],[-26.347824,-58.710942],[-26.827619,-58.540046],[-26.789983,-58.308601],[-26.355318,-58.182401]]],[[[-26.391964,-58.024759],[-26.803736,-57.957518],[-26.900946,-57.748244],[-26.546161,-57.564723],[-26.055704,-57.711183],[-26.048649,-57.89607],[-26.391964,-58.024759]]],[[[-26.670243,-56.877632],[-26.376988,-56.988755],[-26.321026,-57.127775],[-26.37518,-57.214729],[-26.825311,-57.32883],[-27.196994,-57.179098],[-27.103027,-56.967986],[-26.670243,-56.877632]]],[[[-27.61443,-56.751787],[-27.535058,-56.572471],[-27.234649,-56.482221],[-26.885427,-56.557931],[-26.767788,-56.717566],[-26.854607,-56.841477],[-27.149322,-56.929262],[-27.45496,-56.89187],[-27.61443,-56.751787]]],[[[-27.965639,-56.299461],[-27.849738,-56.142975],[-27.543115,-56.080633],[-27.289171,-56.154186],[-27.185093,-56.316668],[-27.320229,-56.461823],[-27.577781,-56.519111],[-27.837246,-56.461117],[-27.965639,-56.299461]]],[[[-27.971014,-56.862991],[-28.33465,-56.828868],[-28.460189,-56.631543],[-28.198056,-56.475357],[-27.841343,-56.525678],[-27.733596,-56.636048],[-27.744276,-56.735414],[-27.971014,-56.862991]]],[[[-41.914489,-53.357334],[-41.487371,-53.53124],[-41.467418,-53.715944],[-41.85613,-53.830143],[-42.326354,-53.633839],[-42.356674,-53.537613],[-42.269631,-53.413031],[-41.914489,-53.357334]]],[[[-34.291635,-55.072998],[-34.448336,-55.198954],[-34.76452,-55.237553],[-35.013882,-55.15968],[-35.086859,-55.029808],[-34.953906,-54.877341],[-34.591899,-54.814247],[-34.342935,-54.897787],[-34.291635,-55.072998]]],[[[-37.500001,-53.765998],[-36.521826,-53.935022],[-36.069224,-54.114879],[-35.40715,-54.633791],[-35.44703,-54.881412],[-35.956518,-55.10321],[-36.271518,-55.105724],[-36.557317,-54.921915],[-37.38001,-54.64406],[-37.964919,-54.310579],[-38.489114,-54.17742],[-38.643675,-54.027617],[-38.597587,-53.889067],[-38.411015,-53.802806],[-37.500001,-53.765998]]]]}},{"type":"Feature","properties":{"tzid":"Atlantic/St_Helena"},"geometry":{"type":"MultiPolygon","coordinates":[[[[-14.519157,-8.153],[-14.62241,-7.923],[-14.524412,-7.741],[-14.322518,-7.697],[-14.1475,-7.811],[-14.09312,-7.955],[-14.154504,-8.096],[-14.344343,-8.187],[-14.519157,-8.153]]],[[[-5.75687,-16.23],[-5.941903,-16.133],[-5.988456,-15.939],[-5.781418,-15.719],[-5.575147,-15.728],[-5.436814,-15.887],[-5.432967,-16.041],[-5.75687,-16.23]]],[[[-9.99736,-40.561],[-10.22423,-40.435],[-10.263524,-40.239],[-10.058763,-40.083],[-9.780798,-40.113],[-9.633512,-40.263],[-9.630231,-40.417],[-9.782648,-40.552],[-9.99736,-40.561]]],[[[-12.087384,-37.304],[-12.223682,-37.382],[-12.298032,-37.574],[-12.451466,-37.632],[-12.841008,-37.481],[-12.956754,-37.309],[-12.859002,-37.135],[-12.598597,-37.091],[-12.480522,-36.918],[-12.251682,-36.863],[-11.987069,-37.027],[-11.979264,-37.183],[-12.087384,-37.304]]]]}},{"type":"Feature","properties":{"tzid":"Atlantic/Stanley"},"geometry":{"type":"MultiPolygon","coordinates":[[[[-59.521854,-52.892348],[-59.461429,-52.780174],[-59.242215,-52.694473],[-58.985821,-52.729551],[-58.849306,-52.866028],[-58.898418,-53.015217],[-59.144064,-53.116733],[-59.4518,-53.042242],[-59.521854,-52.892348]]],[[[-57.655265,-51.251113],[-57.410317,-51.463031],[-57.367312,-51.698312],[-57.475879,-51.839448],[-58.734755,-52.623853],[-59.130557,-52.648014],[-60.731326,-52.453016],[-61.167017,-52.312601],[-61.656763,-51.891608],[-61.599446,-51.177011],[-61.770526,-51.022999],[-61.639427,-50.834343],[-61.318573,-50.80015],[-59.482167,-51.071365],[-58.905125,-51.037639],[-57.655265,-51.251113]]]]}},{"type":"Feature","properties":{"tzid":"Australia/Adelaide"},"geometry":{"type":"Polygon","coordinates":[[[140.962546,-34.189339],[140.963691,-38.274178],[140.64529,-38.262837],[140.210555,-38.062305],[140.034705,-37.795247],[139.66172,-37.489882],[139.348408,-36.99276],[139.555763,-36.541184],[139.289458,-36.123238],[138.909483,-35.810928],[138.685286,-35.795576],[138.113849,-36.096591],[137.8471,-36.070327],[137.736375,-36.258375],[137.531167,-36.329934],[137.433122,-36.527502],[137.169843,-36.590763],[137.022945,-36.496191],[137.019798,-36.29874],[136.813268,-36.358133],[136.51455,-36.224612],[135.290671,-34.933051],[134.702103,-35.015285],[134.54598,-34.960841],[134.468722,-34.820776],[134.549198,-34.560258],[134.678818,-34.453566],[134.888422,-34.453666],[134.943695,-34.37055],[134.999824,-34.124612],[134.860658,-33.904162],[134.547597,-33.95711],[134.338528,-34.193349],[134.068489,-34.150526],[133.999926,-34.002367],[134.045498,-33.689317],[134.14757,-33.568899],[134.306941,-33.534725],[133.794742,-32.897594],[132.955515,-32.776389],[132.900249,-32.624788],[132.98422,-32.488489],[132.852376,-32.307355],[132.387179,-32.225142],[132.039732,-32.331707],[131.748682,-32.107713],[131.664218,-31.908286],[131.203316,-31.698088],[130.838639,-31.804521],[129.957356,-31.791349],[129.031235,-31.898286],[129.001838,-25.998606],[140.965538,-25.996401],[140.962546,-34.189339]]]}},{"type":"Feature","properties":{"tzid":"Australia/Brisbane"},"geometry":{"type":"MultiPolygon","coordinates":[[[[156.013612,-17.580945],[155.854765,-17.641548],[155.669686,-17.533543],[155.630728,-17.312712],[155.725198,-17.178],[155.937467,-17.16125],[156.059121,-17.27903],[156.086231,-17.446931],[156.013612,-17.580945]]],[[[153.65055,-22.118854],[153.391211,-22.052593],[153.304264,-21.805613],[153.65341,-21.484548],[153.809272,-21.458087],[153.945523,-21.541489],[153.998474,-21.745362],[153.828821,-22.01727],[153.65055,-22.118854]]],[[[154.55285,-21.148661],[154.352324,-21.227327],[154.169441,-21.128592],[154.136095,-20.977231],[154.283746,-20.751891],[154.442733,-20.726021],[154.576041,-20.810575],[154.612741,-21.019332],[154.55285,-21.148661]]],[[[155.595194,-21.449649],[155.49888,-21.326345],[155.539291,-21.015507],[155.666216,-20.908275],[155.82574,-20.9136],[155.981572,-21.119794],[155.984816,-21.346392],[155.813646,-21.462745],[155.595194,-21.449649]]],[[[155.174406,-22.406295],[154.959746,-22.263145],[155.026534,-22.017357],[155.497215,-21.966948],[155.674398,-22.084444],[155.62135,-22.331472],[155.174406,-22.406295]]],[[[155.631109,-23.445792],[155.463828,-23.446393],[155.341807,-23.351126],[155.32596,-23.188926],[155.436072,-23.069892],[155.641709,-23.055778],[155.760223,-23.162807],[155.768266,-23.319412],[155.631109,-23.445792]]],[[[151.86373,-20.86697],[151.97699,-20.756672],[152.186796,-20.722373],[152.692258,-20.839975],[152.821525,-20.937449],[152.864207,-21.094409],[152.75216,-21.341102],[152.768705,-21.599754],[152.984299,-22.143737],[152.941926,-22.406014],[152.841363,-22.528964],[152.578403,-22.601189],[152.413472,-22.539092],[152.330274,-22.348221],[152.058595,-22.09264],[151.972719,-21.609254],[151.711045,-21.62185],[151.48041,-21.492503],[151.418373,-21.343238],[151.492376,-20.972809],[151.608966,-20.874948],[151.86373,-20.86697]]],[[[151.135005,-21.633573],[151.424869,-21.677647],[151.48082,-21.825502],[151.410648,-21.968044],[151.258275,-22.023609],[151.068545,-21.937459],[151.02544,-21.779341],[151.135005,-21.633573]]],[[[152.040235,-19.403377],[151.948403,-19.214658],[152.043948,-18.851238],[152.21961,-18.731869],[152.436924,-18.772999],[152.595293,-18.994777],[152.572736,-19.308327],[152.31581,-19.495429],[152.040235,-19.403377]]],[[[151.284993,-17.34794],[151.82831,-16.910347],[152.195752,-16.922984],[152.363439,-17.117882],[152.199256,-17.507959],[151.679897,-17.765695],[151.322479,-17.854347],[151.04874,-17.652151],[150.898707,-17.853565],[150.652212,-17.778597],[150.593338,-17.410808],[150.670172,-17.272153],[151.084767,-17.212107],[151.284993,-17.34794]]],[[[149.694294,-15.533633],[149.813312,-15.643276],[149.816771,-15.800354],[149.701459,-15.914157],[149.529071,-15.909475],[149.419702,-15.790064],[149.429732,-15.633887],[149.551386,-15.530622],[149.694294,-15.533633]]],[[[150.166744,-16.730308],[150.066422,-16.484547],[149.904683,-16.501227],[149.758288,-16.345925],[149.765097,-16.078978],[149.897909,-15.926384],[150.160025,-15.967716],[150.244315,-16.152458],[150.184594,-16.30356],[150.399934,-16.338538],[150.53641,-16.515651],[150.541762,-16.675425],[150.427926,-16.794077],[150.166744,-16.730308]]],[[[149.702838,-16.910418],[149.807437,-16.785037],[150.008284,-16.721094],[150.161052,-16.782787],[150.221946,-16.922458],[150.162944,-17.077601],[149.919935,-17.174839],[149.731562,-17.084599],[149.702838,-16.910418]]],[[[148.929818,-17.050851],[148.940363,-16.882256],[149.146931,-16.725386],[149.310946,-16.748081],[149.412893,-16.87193],[149.403395,-17.027603],[149.234291,-17.21275],[149.024041,-17.188466],[148.929818,-17.050851]]],[[[148.300347,-16.473099],[148.181609,-16.655887],[147.831099,-16.750577],[147.675136,-16.695526],[147.59533,-16.557173],[147.656316,-16.297446],[147.835388,-16.182852],[148.203976,-16.258699],[148.300347,-16.473099]]],[[[148.744263,-17.859469],[148.612097,-18.061698],[148.351145,-18.041312],[148.153874,-17.791187],[148.144251,-17.48173],[148.275662,-17.379383],[148.687363,-17.381944],[148.805878,-17.624992],[148.744263,-17.859469]]],[[[149.100574,-19.756532],[149.268588,-19.424263],[149.575583,-19.312768],[149.864218,-19.449687],[149.973213,-19.63241],[149.897856,-19.896032],[149.587654,-20.0982],[149.198782,-19.912713],[149.100574,-19.756532]]],[[[142.05944,-9.260461],[142.236665,-9.191289],[142.345755,-9.266242],[142.290441,-9.345957],[142.05944,-9.260461]]],[[[142.562413,-9.372356],[142.806531,-9.322311],[142.846414,-9.405282],[142.778182,-9.484266],[142.522434,-9.486036],[142.472431,-9.40166],[142.562413,-9.372356]]],[[[144.090328,-9.396554],[144.161221,-9.314592],[144.29067,-9.433398],[144.090328,-9.396554]]],[[[141.649001,-9.540992],[141.618697,-9.63748],[141.523057,-9.655102],[141.528997,-9.46825],[141.631879,-9.455592],[141.649001,-9.540992]]],[[[143.872916,-9.088669],[143.938686,-9.157543],[143.800992,-9.210899],[143.872916,-9.088669]]],[[[142.279576,-9.621253],[142.132933,-9.520791],[142.369951,-9.530781],[142.360544,-9.620651],[142.279576,-9.621253]]],[[[141.447484,-9.873915],[141.378499,-9.789557],[141.474751,-9.787125],[141.447484,-9.873915]]],[[[153.520392,-28.170914],[153.086023,-28.354604],[152.751062,-28.363914],[152.484021,-28.257164],[152.38508,-28.368855],[151.969416,-28.509448],[152.046313,-28.675776],[152.027749,-28.879457],[151.786913,-28.953447],[151.686092,-28.888931],[151.363017,-29.172348],[151.246678,-28.924997],[151.024566,-28.753062],[150.746122,-28.635573],[150.452307,-28.665991],[150.296032,-28.539998],[149.961731,-28.612125],[149.474154,-28.593745],[148.921149,-28.999066],[140.999272,-28.999087],[140.999389,-25.996391],[138.025584,-25.996863],[137.994646,-16.539456],[138.128195,-16.369395],[138.555397,-16.569835],[138.86987,-16.590156],[139.031139,-16.445158],[139.076966,-16.120351],[139.316439,-16.037531],[139.89312,-16.275874],[140.101149,-16.593005],[139.784816,-17.306423],[140.071677,-17.465569],[140.283727,-17.475647],[140.562292,-17.330072],[140.483333,-17.166667],[140.609293,-17.277553],[140.689073,-17.20877],[140.738179,-16.951368],[141.016742,-16.558419],[141.19474,-16.067804],[141.176346,-15.854498],[141.420807,-15.0421],[141.31927,-14.49997],[141.378703,-14.187936],[141.26172,-13.90676],[141.431326,-13.282007],[141.377146,-12.556512],[141.67568,-11.71211],[141.806771,-11.615588],[141.913757,-11.314891],[141.704558,-10.602559],[141.836976,-10.310786],[141.897442,-9.866745],[141.99962,-9.766094],[143.001104,-9.665173],[143.084432,-9.54851],[143.248425,-9.548516],[143.279286,-9.461748],[143.34533,-9.523429],[143.501081,-9.398524],[143.801078,-9.36519],[144.251073,-9.498521],[144.41547,-9.70093],[144.447839,-9.908666],[144.166014,-10.290129],[144.020765,-10.352646],[143.697799,-10.285822],[143.663894,-10.385999],[143.857896,-10.559706],[143.854749,-10.837604],[143.691788,-11.052848],[143.49215,-11.089852],[143.467268,-11.19566],[143.495965,-11.361552],[143.707018,-11.142493],[144.007188,-10.998491],[144.165176,-11.022985],[144.269043,-11.150078],[144.31003,-11.78682],[144.001509,-12.585316],[144.191076,-13.266091],[144.477681,-13.706994],[144.739886,-13.74283],[144.996632,-14.00296],[145.591142,-14.261896],[145.896771,-14.638994],[145.928039,-15.013749],[145.751369,-15.403948],[145.862313,-15.586964],[145.820078,-15.854319],[145.963868,-16.199372],[146.158254,-16.286689],[146.306802,-16.580111],[146.563419,-16.833354],[146.484419,-17.290038],[146.293363,-17.455993],[146.315288,-17.503347],[146.52375,-17.416463],[146.676113,-17.48222],[147.146965,-18.012556],[147.398392,-18.467436],[147.362452,-18.682506],[147.029793,-18.846128],[147.044956,-18.966623],[147.538031,-19.147263],[147.755308,-19.463195],[148.037196,-19.640503],[148.137155,-19.662767],[148.306257,-19.527283],[148.508361,-19.580802],[149.001095,-20.567952],[149.228914,-20.563943],[149.357655,-20.455176],[149.719528,-20.581748],[149.87256,-20.762968],[150.076981,-20.703787],[150.384073,-20.900804],[150.472253,-21.035489],[150.402993,-21.247092],[150.555195,-21.579945],[150.891764,-21.855618],[150.931402,-22.286641],[151.206135,-22.678943],[151.410556,-23.36416],[151.499598,-23.417739],[151.483935,-23.250849],[151.571966,-23.126212],[151.859063,-22.981173],[152.019182,-23.002947],[152.649455,-23.878928],[152.896008,-23.987512],[152.939633,-24.144761],[152.850539,-24.278398],[152.628346,-24.303032],[151.883349,-23.749151],[151.662203,-23.768483],[151.929627,-23.833607],[152.226772,-24.381075],[152.388595,-24.527633],[153.275804,-24.456098],[153.453337,-24.558878],[153.580415,-25.005419],[153.309347,-25.651025],[153.41407,-25.9294],[153.307679,-26.222142],[153.325975,-26.536391],[153.362429,-26.695908],[153.700733,-26.909333],[153.779238,-27.400622],[153.654796,-27.873166],[153.738069,-28.049276],[153.520392,-28.170914]]]]}},{"type":"Feature","properties":{"tzid":"Australia/Broken_Hill"},"geometry":{"type":"Polygon","coordinates":[[[141.001139,-32.082658],[141.000949,-31.640436],[141.069335,-31.591751],[141.972528,-31.631357],[141.971403,-31.940805],[141.856969,-31.974473],[141.927222,-32.300442],[141.003601,-32.218521],[141.001139,-32.082658]]]}},{"type":"Feature","properties":{"tzid":"Australia/Darwin"},"geometry":{"type":"Polygon","coordinates":[[[138.027371,-16.484366],[137.96864,-25.99687],[129.03401,-25.99861],[129.000445,-14.707478],[129.234684,-14.115345],[129.174683,-13.85328],[129.359128,-13.654862],[129.561479,-13.617269],[129.822488,-12.980763],[130.097071,-12.647083],[129.813805,-11.791027],[130.17242,-10.955854],[130.375435,-10.891608],[130.741227,-11.120309],[133.07005,-10.703914],[133.247645,-10.885411],[133.148529,-11.235721],[133.214077,-11.371507],[133.559538,-11.284316],[133.699303,-11.509166],[134.022066,-11.562042],[134.474831,-11.8476],[134.633893,-11.713037],[134.937635,-11.716265],[135.03556,-11.479391],[135.170066,-11.408694],[135.321068,-11.451094],[135.617117,-11.738128],[135.82098,-11.48407],[136.320321,-11.291418],[136.62446,-10.828488],[136.888533,-10.843641],[137.183529,-12.325216],[136.932858,-12.7614],[136.91563,-12.97554],[137.171669,-13.573825],[137.188766,-14.294446],[137.052867,-14.591864],[136.916092,-14.664769],[136.477038,-14.447761],[136.136147,-14.426636],[135.96409,-14.793082],[136.256893,-15.022746],[136.349309,-15.217973],[137.094041,-15.347513],[137.289704,-15.542485],[137.325195,-15.815034],[137.866397,-16.06275],[138.116807,-16.354339],[138.027371,-16.484366]]]}},{"type":"Feature","properties":{"tzid":"Australia/Eucla"},"geometry":{"type":"Polygon","coordinates":[[[129.001919,-31.631221],[129.001415,-31.912643],[128.394521,-32.170637],[127.325488,-32.466539],[126.048698,-32.476356],[125.516863,-32.772876],[125.5,-31.3],[129.001919,-31.299997],[129.001919,-31.631221]]]}},{"type":"Feature","properties":{"tzid":"Australia/Hobart"},"geometry":{"type":"Polygon","coordinates":[[[146.917066,-39.19848],[147.287574,-39.198476],[147.831842,-39.473592],[148.186058,-39.49887],[148.288172,-39.731395],[148.598792,-39.860836],[148.591581,-40.058788],[148.765571,-40.436473],[148.695663,-40.576469],[148.50248,-40.696222],[148.620792,-40.985073],[148.561947,-41.126952],[148.633716,-41.269231],[148.56614,-41.467879],[148.615635,-42.335525],[148.264401,-43.312815],[147.268561,-43.751988],[147.249458,-43.965814],[146.999788,-44.060102],[146.777919,-44.002418],[146.697077,-43.870361],[146.303896,-43.93628],[145.851354,-43.724314],[145.488749,-43.256641],[145.263481,-43.104018],[144.973628,-42.589107],[144.897563,-42.224084],[144.948546,-42.075766],[144.67214,-41.804534],[144.493899,-41.489101],[144.343553,-41.0461],[144.415098,-40.747297],[143.650936,-40.220116],[143.556904,-39.697987],[143.686165,-39.409838],[144.122279,-39.395474],[144.336632,-39.573057],[144.421592,-39.768187],[144.362644,-40.084697],[144.428935,-40.227846],[144.627535,-40.171722],[145.070838,-40.211699],[145.514688,-40.621488],[146.32032,-40.953658],[147.162534,-40.647652],[147.726201,-40.589608],[147.525208,-40.340245],[147.432106,-39.976641],[147.093267,-39.987309],[146.906164,-39.630582],[146.710427,-39.717517],[146.492801,-39.679232],[146.027576,-39.235133],[146.917066,-39.19848]]]}},{"type":"Feature","properties":{"tzid":"Australia/Lindeman"},"geometry":{"type":"Polygon","coordinates":[[[148.676418,-19.816549],[149.071233,-19.885619],[149.313379,-20.088509],[149.396249,-20.224503],[149.357655,-20.455176],[149.228914,-20.563943],[149.001095,-20.567952],[148.676418,-19.816549]]]}},{"type":"Feature","properties":{"tzid":"Australia/Lord_Howe"},"geometry":{"type":"Polygon","coordinates":[[[159.362509,-31.577247],[159.486337,-31.691883],[159.500778,-31.8567],[159.385378,-31.967022],[159.228826,-31.983332],[158.888269,-31.725386],[158.805398,-31.479473],[158.949963,-31.313985],[159.122673,-31.290912],[159.268878,-31.379144],[159.362509,-31.577247]]]}},{"type":"Feature","properties":{"tzid":"Australia/Melbourne"},"geometry":{"type":"Polygon","coordinates":[[[148.082128,-36.429072],[148.213115,-36.614694],[148.107604,-36.777962],[150.201775,-37.595572],[149.573122,-37.964152],[148.337988,-38.008873],[147.908852,-38.132274],[146.964099,-38.857212],[146.962308,-38.960554],[147.181652,-39.030128],[147.285024,-39.163613],[147.094241,-39.198478],[145.999923,-39.198489],[145.718208,-39.033664],[145.64377,-38.890241],[144.780756,-38.684726],[144.51737,-38.491431],[143.540652,-39.056993],[143.121728,-38.947782],[142.434737,-38.60404],[141.515988,-38.632062],[141.255835,-38.563964],[140.969177,-38.276948],[140.963489,-34.027207],[141.517161,-34.200686],[141.735509,-34.093072],[142.026823,-34.106659],[142.2287,-34.203919],[142.233193,-34.304286],[142.368435,-34.326914],[142.541265,-34.763492],[142.641739,-34.778357],[142.767056,-34.57825],[143.323623,-34.78963],[143.384757,-35.16552],[143.569954,-35.206477],[143.633098,-35.383442],[144.076408,-35.581473],[144.752396,-36.122291],[144.983176,-36.068327],[144.924163,-35.98965],[145.086509,-35.826745],[145.473883,-35.807792],[145.821802,-35.983941],[146.295229,-36.04643],[146.517979,-35.959664],[147.027531,-36.106413],[147.10068,-36.038212],[147.347744,-36.035686],[147.394794,-35.949221],[147.570046,-35.99113],[147.706581,-35.929054],[147.97684,-36.046562],[148.082128,-36.429072]]]}},{"type":"Feature","properties":{"tzid":"Australia/Perth"},"geometry":{"type":"MultiPolygon","coordinates":[[[[123.362872,-14.218466],[123.336018,-14.06621],[123.427936,-13.933959],[123.634239,-13.917819],[123.746083,-14.031268],[123.743588,-14.198563],[123.629107,-14.307076],[123.362872,-14.218466]]],[[[121.580976,-14.3091],[121.520019,-14.066201],[121.819539,-13.516399],[121.946373,-13.429934],[122.147084,-13.474499],[122.25924,-13.713104],[122.133938,-13.878551],[122.186074,-14.095563],[122.13197,-14.253322],[121.858422,-14.410999],[121.580976,-14.3091]]],[[[118.881919,-17.855803],[118.685605,-17.675066],[118.78119,-17.371184],[118.920769,-17.296589],[119.071871,-17.328818],[119.255134,-17.061598],[119.503927,-17.107746],[119.591338,-17.305012],[119.538479,-17.504236],[119.399526,-17.590944],[119.19921,-17.538073],[119.102536,-17.793425],[118.881919,-17.855803]]],[[[113.521579,-28.86794],[113.347291,-28.27759],[113.460773,-28.097711],[113.63021,-28.070342],[114.012926,-28.36094],[114.270707,-28.81015],[114.166281,-29.077659],[113.974254,-29.193276],[113.72273,-29.104711],[113.521579,-28.86794]]],[[[118.590708,-20.067428],[118.610934,-19.915599],[118.875909,-19.668198],[118.884972,-19.509216],[118.992467,-19.395759],[119.24587,-19.428294],[119.319566,-19.567304],[119.274175,-19.718378],[119.574801,-19.81379],[120.533995,-19.576509],[121.097472,-19.248967],[121.306476,-18.995112],[121.418224,-18.586234],[121.661759,-18.301987],[121.941774,-18.160937],[121.990249,-17.868564],[121.933295,-17.337935],[122.013451,-17.075862],[121.881137,-16.921112],[121.911331,-16.719722],[122.150073,-16.632018],[122.349049,-16.720097],[123.032848,-15.929994],[123.27817,-15.823306],[122.942755,-15.657148],[122.882575,-15.451293],[122.926768,-15.295386],[123.510205,-15.094558],[123.765898,-15.185498],[123.800243,-15.40405],[123.889671,-15.342444],[123.906273,-15.182323],[124.053759,-15.014723],[124.551189,-14.723491],[124.699119,-14.299561],[125.593459,-13.695335],[125.590039,-13.469667],[125.81207,-13.253661],[126.012788,-13.246504],[126.360108,-13.542955],[126.908489,-13.478828],[127.135382,-13.611617],[127.351446,-13.617088],[128.045698,-14.326536],[128.463451,-14.376864],[128.579933,-14.484496],[128.774517,-14.371366],[129.035038,-14.433497],[129.001919,-31.299997],[125.5,-31.3],[125.5,-32.777278],[124.876192,-33.070743],[124.346812,-33.215771],[124.226035,-33.513784],[124.393242,-33.657103],[124.384823,-33.913983],[123.613964,-34.568476],[123.399159,-34.545406],[123.230486,-34.355047],[122.857519,-34.333909],[122.454616,-34.402575],[122.365186,-34.529752],[121.966514,-34.673194],[121.819529,-34.61756],[121.253668,-34.067897],[121.132866,-34.07526],[121.048228,-34.215414],[120.900363,-34.276785],[120.692553,-34.218136],[120.389931,-34.292804],[120.21795,-34.163424],[120.053672,-34.157169],[119.851214,-34.236067],[119.779838,-34.532726],[119.312861,-34.729154],[119.003624,-34.689629],[118.746622,-34.892046],[118.650255,-35.090157],[117.84446,-35.390893],[117.330878,-35.244318],[116.692626,-35.275073],[116.102602,-35.192536],[115.496046,-34.625919],[115.077321,-34.605736],[114.763261,-34.296038],[114.721284,-33.8027],[114.791224,-33.434544],[114.988865,-33.326028],[115.290209,-33.430704],[115.43461,-33.201339],[115.370255,-32.668733],[115.422408,-32.248759],[115.210162,-32.034005],[115.272577,-31.885856],[115.46913,-31.789353],[115.140769,-31.298886],[115.083825,-31.041665],[114.785529,-30.539594],[114.624105,-29.797361],[114.71961,-29.592264],[114.597056,-29.413332],[114.660468,-29.218232],[114.365383,-28.883984],[114.322723,-28.585294],[113.969568,-28.195478],[113.882068,-27.88326],[113.923873,-27.671531],[113.820433,-27.423391],[113.440081,-26.838621],[113.100157,-26.49488],[112.703515,-25.638004],[112.935612,-24.71628],[113.180964,-24.421883],[113.260138,-23.843736],[113.55181,-23.386619],[113.550082,-22.973663],[113.410756,-22.585832],[113.801032,-21.74447],[114.295049,-21.441081],[114.640178,-21.349571],[115.067201,-20.932051],[115.237836,-20.48921],[115.163291,-20.250732],[115.305106,-20.083164],[115.463123,-20.076867],[115.65063,-20.189663],[116.494803,-20.271896],[116.888438,-20.156208],[117.218554,-20.26611],[117.397207,-20.493075],[118.127367,-20.132721],[118.590708,-20.067428]]],[[[115,-86],[115,-70],[160,-70],[160,-86],[115,-86]]]]}},{"type":"Feature","properties":{"tzid":"Australia/Sydney"},"geometry":{"type":"Polygon","coordinates":[[[148.082128,-36.429072],[147.989833,-36.071912],[147.722814,-35.947335],[147.404357,-35.943723],[147.312313,-36.061373],[147.125457,-36.009774],[147.014334,-36.105401],[146.610309,-35.97205],[146.184328,-36.041575],[145.815525,-35.990717],[145.518778,-35.818005],[145.085108,-35.827865],[144.989492,-35.858589],[144.966046,-36.038312],[144.747038,-36.119627],[144.108875,-35.600952],[143.620744,-35.387843],[143.563991,-35.202666],[143.382965,-35.157503],[143.35165,-34.824623],[143.193072,-34.712916],[142.898955,-34.66361],[142.80477,-34.553539],[142.639556,-34.780284],[142.539613,-34.763579],[142.376651,-34.536185],[142.38679,-34.343676],[142.240691,-34.307591],[142.157373,-34.15144],[141.69698,-34.097977],[141.538047,-34.192704],[141.002592,-34.04034],[141.001104,-32.22776],[141.111949,-32.186303],[141.927965,-32.304168],[141.938934,-32.085934],[141.857845,-32.023484],[141.970795,-31.975438],[142.000239,-31.779926],[141.925908,-31.59321],[141.000917,-31.59159],[141.042206,-28.9991],[148.958088,-28.999064],[149.481547,-28.582534],[150.252499,-28.547339],[150.458164,-28.668286],[150.9043,-28.68732],[151.26533,-28.934285],[151.274628,-29.081833],[151.379971,-29.176995],[151.561252,-28.945482],[151.99694,-28.897953],[152.062101,-28.718202],[151.971399,-28.507943],[152.38901,-28.364864],[152.486812,-28.253954],[152.73453,-28.353622],[153.074607,-28.352296],[153.175686,-28.253725],[153.759716,-28.072494],[153.866292,-28.640877],[153.836285,-28.85626],[153.604942,-29.370181],[153.549945,-29.744776],[153.612064,-29.995036],[153.249977,-30.618741],[153.333254,-30.964123],[153.163622,-31.529219],[152.946886,-31.960079],[152.787387,-32.095353],[152.74358,-32.585924],[152.326452,-32.922328],[152.017122,-33.007704],[151.563925,-33.705842],[151.475457,-34.072664],[151.175642,-34.38295],[151.045639,-34.893136],[151.06183,-35.145036],[150.72852,-35.42333],[150.41077,-35.98727],[150.472981,-36.29375],[150.330072,-36.459608],[150.19802,-36.876788],[150.301347,-37.239792],[150.209057,-37.583046],[148.101677,-36.790372],[148.218247,-36.628055],[148.082128,-36.429072]]]}},{"type":"Feature","properties":{"tzid":"Europe/Amsterdam"},"geometry":{"type":"MultiPolygon","coordinates":[[[[6.620138,53.568028],[7.199437,53.282821],[7.206486,52.994044],[7.058587,52.676696],[6.730987,52.637693],[6.700342,52.499452],[6.98082,52.467018],[7.072188,52.353258],[6.962021,52.190891],[6.696649,52.070246],[6.82643,51.993539],[6.763569,51.915409],[6.386985,51.833853],[6.151295,51.903955],[5.97151,51.833351],[5.952294,51.742684],[6.220045,51.454863],[6.221659,51.357635],[6.073258,51.222434],[6.175422,51.158464],[5.866803,51.051574],[6.065767,50.92106],[6.019509,50.759159],[5.682707,50.757521],[5.649162,50.833554],[5.817678,51.123651],[5.519006,51.289475],[5.157726,51.311241],[5.074274,51.471203],[4.904216,51.409844],[4.803519,51.411293],[4.806352,51.497243],[4.625206,51.426538],[4.447189,51.469005],[4.37875,51.354946],[4.223626,51.374104],[4.069202,51.249382],[3.822509,51.209251],[3.590823,51.304422],[3.41304,51.257711],[3.307935,51.433373],[3.080161,51.550781],[3.298358,51.817778],[4.139786,52.342236],[4.282817,52.601422],[4.342856,53.041367],[4.590008,53.358917],[4.995619,53.562131],[5.595097,53.6755],[6.301956,53.737522],[6.412611,53.604278],[6.620138,53.568028]],[[4.933267,51.449307],[4.951448,51.453711],[4.940699,51.446366],[4.933267,51.449307]],[[4.943956,51.443652],[4.949404,51.445332],[4.949827,51.443711],[4.943956,51.443652]],[[4.949023,51.453765],[4.948755,51.454991],[4.949791,51.454305],[4.949023,51.453765]],[[4.94271,51.453075],[4.944473,51.453483],[4.944929,51.453035],[4.94271,51.453075]],[[4.94076,51.439315],[4.942265,51.439534],[4.942227,51.438109],[4.94076,51.439315]],[[4.939971,51.436119],[4.915952,51.434925],[4.935546,51.446347],[4.939971,51.436119]],[[4.940997,51.445265],[4.942116,51.445549],[4.942316,51.445137],[4.940997,51.445265]],[[4.940716,51.45563],[4.942095,51.455239],[4.940622,51.455325],[4.940716,51.45563]],[[4.939872,51.439491],[4.939761,51.43976],[4.941435,51.439987],[4.939872,51.439491]],[[4.939713,51.441869],[4.939215,51.44362],[4.939947,51.443757],[4.939713,51.441869]],[[4.927266,51.408243],[4.936289,51.406091],[4.928546,51.405116],[4.931247,51.405812],[4.927266,51.408243]],[[4.931529,51.446997],[4.932654,51.448076],[4.934074,51.447401],[4.931529,51.446997]],[[4.929507,51.449556],[4.931457,51.449631],[4.930288,51.44883],[4.929507,51.449556]],[[4.927447,51.4485],[4.928153,51.448937],[4.928537,51.447885],[4.927447,51.4485]],[[4.925327,51.445273],[4.924172,51.446351],[4.926648,51.445614],[4.925327,51.445273]],[[4.918222,51.443433],[4.918147,51.443959],[4.918779,51.444026],[4.918222,51.443433]],[[4.888618,51.42468],[4.892307,51.424102],[4.889367,51.423454],[4.890363,51.423896],[4.888618,51.42468]],[[4.873628,51.415477],[4.874571,51.416402],[4.875317,51.41606],[4.873628,51.415477]],[[4.865859,51.414124],[4.867476,51.413752],[4.866316,51.413183],[4.865859,51.414124]],[[4.840858,51.417454],[4.83875,51.418178],[4.83999,51.418789],[4.840858,51.417454]],[[4.836225,51.448047],[4.835745,51.448459],[4.836209,51.44879],[4.836225,51.448047]]],[[[4.941651,51.449475],[4.942202,51.449489],[4.942023,51.448007],[4.941651,51.449475]]],[[[4.935374,51.437522],[4.936567,51.437103],[4.935459,51.436181],[4.935374,51.437522]]],[[[4.935466,51.433189],[4.934181,51.431952],[4.934114,51.433429],[4.935466,51.433189]]],[[[4.931329,51.436442],[4.932685,51.43647],[4.93172,51.434601],[4.931329,51.436442]]],[[[4.931635,51.439969],[4.932366,51.439345],[4.931143,51.438789],[4.931635,51.439969]]],[[[4.93069,51.437156],[4.931547,51.437168],[4.931392,51.436606],[4.93069,51.437156]]],[[[4.922667,51.440077],[4.924596,51.441791],[4.922321,51.437682],[4.922667,51.440077]]],[[[4.870275,51.412559],[4.873094,51.412539],[4.8704,51.411214],[4.870275,51.412559]]]]}},{"type":"Feature","properties":{"tzid":"Europe/Andorra"},"geometry":{"type":"Polygon","coordinates":[[[1.493759,42.653489],[1.78118,42.58253],[1.48542,42.432955],[1.425386,42.539131],[1.493759,42.653489]]]}},{"type":"Feature","properties":{"tzid":"Europe/Astrakhan"},"geometry":{"type":"MultiPolygon","coordinates":[[[[46.689141,45.47739],[46.444047,45.452656],[46.703515,45.550791],[46.882406,45.523723],[46.855161,45.45052],[46.689141,45.47739]]],[[[48.499335,46.675077],[48.545924,46.565175],[48.748239,46.550276],[49.506667,46.193333],[49.701667,46.186667],[49.886117,46.045769],[49.071012,45.688938],[48.848634,45.434544],[48.242846,45.450529],[47.933571,45.268331],[47.574749,45.392682],[47.489127,45.645325],[46.814059,45.565388],[46.498722,45.695489],[46.535787,45.757517],[46.306304,45.949057],[46.454929,45.965448],[46.485737,46.250388],[46.423073,46.302998],[46.956813,46.488767],[46.866209,46.61963],[46.95724,46.71537],[46.962178,46.97422],[46.817065,46.992215],[46.536258,47.403407],[46.859207,47.544748],[46.685458,47.601656],[46.430871,47.435164],[46.267207,47.420745],[45.755933,47.824284],[45.752246,47.993441],[45.266053,48.105472],[44.960978,48.270856],[44.991761,48.3592],[45.213009,48.514068],[45.34438,48.43598],[45.383961,48.473511],[45.260839,48.56645],[45.805922,48.682752],[45.945425,48.843104],[46.32429,48.837388],[46.610067,48.645982],[46.493218,48.432558],[47.122974,48.268503],[47.090852,48.103244],[47.211117,48.082216],[47.050409,47.997932],[47.194444,47.76084],[47.385221,47.681285],[47.41526,47.83826],[48.111684,47.744928],[48.519423,47.411752],[48.995967,46.743084],[48.499335,46.675077]],[[46.937732,45.719035],[46.937691,45.75547],[46.98459,45.780855],[46.937732,45.719035]],[[47.042986,46.101282],[47.12909,46.068962],[47.023301,46.054173],[47.042986,46.101282]]]]}},{"type":"Feature","properties":{"tzid":"Europe/Athens"},"geometry":{"type":"MultiPolygon","coordinates":[[[[21.271791,37.263529],[21.182803,37.090195],[20.987981,37.039795],[20.805484,37.119785],[20.747483,37.259583],[20.81063,37.394248],[20.996385,37.462691],[21.185608,37.400973],[21.271791,37.263529]]],[[[29.652816,36.027959],[29.387063,36.142525],[29.59148,36.1761],[29.652816,36.027959]]],[[[27.101026,37.428661],[27.201386,37.264109],[27.076196,37.195919],[26.828581,37.494619],[27.005752,37.563512],[27.101026,37.428661]]],[[[26.365038,37.461159],[25.982912,37.429672],[25.874208,37.517549],[26.032031,37.70457],[26.461418,37.724579],[26.699029,37.885776],[27.146305,37.818664],[26.947365,37.582292],[26.658386,37.563138],[26.627906,37.467876],[26.774133,37.478409],[26.99826,37.154454],[27.135179,37.124184],[27.118267,37.008369],[27.452342,36.879911],[27.270409,36.700757],[27.522385,36.463749],[27.551144,36.328245],[28.189097,36.53321],[28.326722,36.485708],[28.17641,35.975162],[27.733352,35.796635],[27.617582,35.889886],[27.578823,36.125003],[27.436019,36.162222],[27.421028,36.259265],[27.169972,36.477785],[26.88898,36.440942],[26.777193,37.038771],[26.442479,37.245163],[26.365038,37.461159]]],[[[26.499714,36.451068],[26.099526,36.454923],[26.03715,36.581139],[26.452904,36.709633],[26.85714,36.272409],[26.634441,36.215222],[26.499714,36.451068]]],[[[25.956529,36.339325],[25.960343,36.21118],[25.813831,36.186461],[25.629543,36.349619],[25.755648,36.484863],[25.956529,36.339325]]],[[[25.181234,36.149986],[25.098117,36.263205],[25.218802,36.338826],[25.277256,36.52187],[25.421384,36.557716],[25.580225,36.439231],[25.551474,36.299345],[25.311961,36.283377],[25.318081,36.184832],[25.181234,36.149986]]],[[[26.139116,35.902331],[26.278011,35.939403],[26.33832,35.86374],[26.180703,35.780432],[26.139116,35.902331]]],[[[26.563887,35.855926],[26.491612,35.742961],[26.357824,35.792931],[26.333851,36.148652],[26.477638,36.133351],[26.610132,35.923967],[26.563887,35.855926]]],[[[26.720668,35.858806],[26.786016,35.980955],[26.924689,35.948759],[26.890363,35.812279],[26.720668,35.858806]]],[[[27.019256,35.319177],[26.785026,35.28405],[26.728152,35.459248],[26.957568,35.532517],[27.097412,35.898699],[27.266509,35.981186],[27.3396,35.916948],[27.282296,35.623828],[27.341836,35.486286],[27.208834,35.337611],[27.019256,35.319177]]],[[[24.174633,34.731086],[23.986791,34.775789],[23.911914,34.991817],[24.006163,35.020889],[24.18393,34.92445],[24.229224,34.784821],[24.174633,34.731086]]],[[[25.534466,35.525751],[25.491814,35.647104],[25.631665,35.668122],[25.647354,35.542011],[25.534466,35.525751]]],[[[24.940686,35.508881],[25.213949,35.548179],[25.462592,35.392493],[25.81115,35.416429],[25.907079,35.273929],[26.215666,35.457385],[26.451605,35.28222],[26.332336,35.006403],[26.152904,34.837386],[25.941309,34.949262],[25.732223,34.785961],[25.535752,34.903669],[24.730808,34.840186],[24.348165,35.09902],[23.4566,35.205998],[23.458984,35.490749],[23.375559,35.601203],[23.764995,35.773657],[23.873188,35.623893],[24.207904,35.664512],[24.403552,35.449899],[24.940686,35.508881]]],[[[23.178997,35.861151],[23.109767,35.983377],[23.287349,36.052473],[23.424643,35.801924],[23.296238,35.74513],[23.178997,35.861151]]],[[[23.850881,36.923967],[23.987143,36.876021],[23.970223,36.783663],[23.786327,36.806271],[23.850881,36.923967]]],[[[23.625495,36.692119],[23.502122,36.755379],[23.548426,36.83852],[23.688468,36.812466],[23.625495,36.692119]]],[[[23.350578,36.934635],[23.466316,37.01168],[23.569077,36.9136],[23.46244,36.826633],[23.350578,36.934635]]],[[[26.200799,38.191312],[26.01121,38.046316],[25.797967,38.177717],[25.766889,38.269502],[25.862689,38.384482],[25.731368,38.533718],[25.771981,38.624132],[26.014831,38.683221],[26.264751,38.601967],[26.338705,38.507978],[26.212931,38.392724],[26.200799,38.191312]]],[[[25.279772,38.245842],[25.399655,38.17556],[25.346174,38.094576],[25.206174,38.117385],[25.279772,38.245842]]],[[[25.669654,38.658763],[25.68629,38.484816],[25.404234,38.492877],[25.475108,38.666335],[25.669654,38.658763]]],[[[26.63627,39.18872],[26.671552,38.949722],[26.435759,38.885155],[26.137617,38.931036],[25.720861,39.191309],[25.882144,39.370917],[26.336619,39.435818],[26.443121,39.426889],[26.494343,39.282665],[26.63627,39.18872]]],[[[24.621099,39.004542],[24.782007,38.816947],[24.758386,38.722113],[24.565612,38.675362],[24.247358,38.809835],[24.423437,39.091614],[24.621099,39.004542]]],[[[24.899481,39.583083],[25.031675,39.639952],[25.157027,39.513639],[24.956281,39.388438],[24.881916,39.453053],[24.899481,39.583083]]],[[[25.050995,40.071307],[25.531667,40.075536],[25.4509,39.757999],[25.366934,39.706091],[24.972329,39.776333],[24.943281,40.018564],[25.050995,40.071307]]],[[[25.764171,40.522927],[25.771318,40.371614],[25.628389,40.320694],[25.343851,40.481843],[25.560305,40.586085],[25.764171,40.522927]]],[[[24.862798,40.784504],[24.872381,40.588503],[24.65162,40.481268],[24.412514,40.632465],[24.502747,40.862923],[24.128381,40.652571],[23.833047,40.701861],[24.491836,40.182572],[24.472727,40.089382],[24.278186,40.041036],[23.993385,40.225412],[24.126794,40.021812],[24.008693,39.871439],[23.318033,39.884042],[23.192938,40.180289],[22.821896,40.315894],[22.773894,40.402929],[22.67314,40.076621],[23.404339,39.283859],[23.741461,39.226406],[24.184602,39.584459],[24.273657,39.542768],[24.276326,39.444254],[24.418303,39.407974],[24.387209,39.270325],[24.109569,39.216406],[24.217687,39.116147],[24.166247,38.989812],[23.492637,39.037785],[23.541922,38.911212],[23.855717,38.7646],[24.307216,38.730257],[24.358323,38.269584],[24.653701,38.226368],[24.681693,38.094936],[25.039276,37.943001],[25.097856,37.752137],[25.678477,37.416378],[25.567584,37.328709],[24.841036,37.288155],[24.767895,37.355569],[24.776778,37.502261],[24.552129,37.59034],[24.598127,37.675387],[24.794301,37.701328],[24.759016,37.738646],[24.608078,37.863092],[24.161882,37.924162],[24.250958,37.761132],[24.486129,37.70828],[24.475116,37.568913],[24.71225,37.257873],[24.663464,37.128691],[24.859255,36.978499],[25.004464,37.118173],[24.96164,37.206942],[25.034338,37.271329],[25.369361,37.210061],[25.556193,37.281506],[25.672831,37.188136],[25.914364,37.317824],[26.008843,37.287403],[26.013917,37.193806],[25.753888,36.946444],[26.452831,37.103417],[26.596894,36.989283],[25.784469,36.687337],[25.785408,36.587313],[25.698698,36.539478],[25.574503,36.611538],[25.663919,36.710958],[25.594156,36.775135],[25.497483,36.746921],[25.426057,36.573238],[25.243272,36.622242],[24.861475,36.529231],[24.74585,36.625962],[24.768405,36.717509],[24.958713,36.711968],[25.319765,36.880953],[24.858478,36.919273],[24.723272,36.685757],[24.103767,36.47361],[24.057591,36.593787],[24.218362,36.673493],[24.12936,36.832757],[24.414585,36.865342],[24.55441,36.979244],[24.339542,37.068894],[24.265096,37.427062],[24.172315,37.538107],[23.981579,37.566553],[24.038427,37.433997],[23.903495,37.385918],[23.796959,37.485513],[23.905725,37.570533],[23.664556,37.731705],[23.605019,37.597493],[23.678614,37.35598],[23.503198,37.183957],[23.160902,37.135824],[22.918233,37.36127],[23.209782,36.781774],[23.143901,36.647166],[23.301407,36.458588],[23.160953,36.351215],[23.187221,36.069976],[22.997456,36.010153],[22.807157,36.162005],[22.829376,36.506432],[22.772687,36.583853],[22.701872,36.292992],[22.461845,36.185377],[22.162265,36.365282],[22.114406,36.602299],[21.899637,36.488099],[21.514887,36.593531],[21.291021,37.025532],[21.389734,37.396054],[21.11534,37.505065],[20.673817,37.482613],[20.403617,37.713332],[20.372816,37.906848],[20.095094,38.121686],[20.112426,38.319978],[20.420844,38.928108],[20.040753,39.000786],[19.117264,39.813806],[19.22173,40.027775],[19.513565,40.032389],[19.947472,39.834943],[19.96786,39.657171],[20.204677,39.646061],[20.294151,39.80701],[20.415928,39.841451],[20.329751,39.964747],[20.437255,40.068356],[20.637489,40.093022],[20.841878,40.479132],[20.948786,40.46689],[21.046295,40.578252],[20.979715,40.852478],[21.591026,40.867124],[22.035431,41.138407],[22.742576,41.158816],[22.807578,41.33858],[23.622256,41.376661],[24.046489,41.451298],[24.08523,41.544097],[24.532984,41.565735],[24.604208,41.434152],[24.789085,41.359236],[24.917062,41.408286],[25.280699,41.236259],[26.129556,41.354091],[26.184141,41.518128],[26.065744,41.660903],[26.169202,41.748383],[26.596517,41.591029],[26.625143,41.343754],[26.354616,41.250728],[26.303958,41.111188],[26.358785,40.9498],[26.104707,40.738742],[25.949758,40.688666],[25.879602,40.759856],[25.086768,40.888009],[24.862798,40.784504]]],[[[27.95781,36.475216],[27.818364,36.442806],[27.648059,36.5422],[27.764442,36.693238],[27.893676,36.699405],[27.95781,36.475216]]]]}},{"type":"Feature","properties":{"tzid":"Europe/Belgrade"},"geometry":{"type":"Polygon","coordinates":[[[19.235769,43.992423],[19.612697,44.012495],[19.110158,44.352455],[19.360158,44.868379],[18.994307,44.892085],[19.125267,44.938915],[19.077081,45.118219],[19.437739,45.193389],[18.97909,45.370507],[19.00017,45.493825],[19.098847,45.499889],[18.92048,45.55285],[18.830886,45.871186],[19.11364,46.037954],[19.28535,45.996759],[19.661539,46.190284],[20.1908,46.154649],[20.692793,45.772147],[20.78356,45.78588],[20.771172,45.587674],[20.869527,45.432721],[21.528826,45.147322],[21.382396,45.027074],[21.55244,44.924148],[21.375335,44.86628],[21.409278,44.775201],[21.560176,44.768122],[21.651788,44.660219],[21.970787,44.633224],[22.151952,44.471221],[22.458401,44.714501],[22.731679,44.58337],[22.717488,44.522301],[22.458174,44.47184],[22.673767,44.233064],[22.619822,44.093728],[22.437159,44.009859],[22.359307,43.819839],[22.534508,43.470547],[22.766087,43.377627],[22.995238,43.146678],[22.757827,42.90111],[22.472506,42.831522],[22.451194,42.602666],[22.554347,42.493456],[22.453317,42.332007],[21.439988,42.274265],[21.269127,42.094908],[21.122123,42.203558],[20.799064,42.083106],[20.727973,41.864277],[20.621271,41.857759],[20.521222,42.214453],[20.24841,42.322669],[20.019551,42.709672],[20.070612,42.774966],[20.219576,42.751739],[20.346127,42.880035],[19.640403,43.190982],[19.242974,43.470915],[19.287309,43.595811],[19.489652,43.575047],[19.5295,43.659065],[19.235769,43.992423]],[[19.423607,43.568272],[19.421423,43.54197],[19.395132,43.553939],[19.423607,43.568272]]]}},{"type":"Feature","properties":{"tzid":"Europe/Berlin"},"geometry":{"type":"MultiPolygon","coordinates":[[[[7.5,54.01976],[7.408664,54.006806],[7.408728,54.1357],[7.549833,54.0268],[7.5,54.01976]]],[[[6.246194,50.59737],[6.247774,50.598056],[6.24821,50.596823],[6.246194,50.59737]]],[[[6.166035,50.661862],[6.194784,50.662242],[6.18182,50.649419],[6.166035,50.661862]]],[[[6.196387,50.531065],[6.204407,50.525333],[6.187244,50.527073],[6.196387,50.531065]]],[[[6.183531,50.64697],[6.27008,50.635379],[6.179108,50.624774],[6.183531,50.64697]]],[[[6.178383,50.549829],[6.228982,50.590255],[6.220289,50.555318],[6.178383,50.549829]]],[[[13.064181,48.269329],[12.752619,48.113683],[12.992029,47.864303],[12.915107,47.739352],[13.081068,47.662074],[13.022133,47.4782],[12.792846,47.561646],[12.734309,47.678701],[12.533019,47.634772],[12.24333,47.691413],[12.262204,47.737882],[12.16924,47.700963],[12.203961,47.606765],[11.649644,47.589488],[11.235549,47.397944],[11.001111,47.394564],[10.893945,47.529044],[10.462366,47.552383],[10.42389,47.38437],[10.201503,47.276831],[10.230144,47.366863],[10.091886,47.373071],[10.065774,47.462274],[9.813974,47.58853],[9.531908,47.535715],[9.267701,47.656237],[8.897751,47.648157],[8.770126,47.719117],[8.795649,47.676042],[8.606452,47.802471],[8.405816,47.67482],[8.599426,47.672647],[8.471118,47.574907],[7.653734,47.546369],[7.518846,47.685285],[7.612609,47.957589],[7.578622,48.098906],[7.822807,48.611194],[8.187816,48.944875],[7.397591,49.177456],[7.066863,49.114443],[6.953703,49.206081],[6.745124,49.165076],[6.544587,49.429286],[6.400351,49.465771],[6.392931,49.600431],[6.527372,49.802778],[6.25046,49.890318],[6.119852,50.091581],[6.177491,50.228735],[6.39593,50.321821],[6.368003,50.415512],[6.214002,50.511052],[6.21346,50.640162],[5.980328,50.795097],[6.07921,50.901887],[6.025709,50.979391],[5.88759,51.013561],[6.166656,51.153952],[6.081056,51.230637],[6.218383,51.379206],[6.201082,51.526159],[5.94507,51.82353],[6.170484,51.900893],[6.402203,51.827354],[6.775783,51.920289],[6.791537,52.007999],[6.696704,52.039923],[7.029763,52.226207],[7.07274,52.36644],[7.006452,52.441452],[6.705235,52.483218],[6.725257,52.610762],[7.05666,52.66051],[7.210485,53.023508],[7.199437,53.282821],[6.917782,53.343321],[6.893005,53.438792],[6.412611,53.604278],[6.345914,53.724536],[6.72686,53.863391],[7.697827,53.984088],[7.522495,54.177008],[7.594606,54.318456],[7.878299,54.393707],[8.161409,54.333317],[7.932493,54.734937],[8.039159,55.082611],[8.472381,55.054718],[8.555431,54.920839],[9.275346,54.811295],[9.584106,54.886109],[9.894307,54.841796],[10.592155,54.520681],[11.14132,54.577071],[11.644374,54.330761],[12.152429,54.385401],[12.32215,54.577905],[13.179182,54.86286],[13.545612,54.873272],[13.95293,54.690761],[14.078292,54.441131],[14.069639,54.277642],[14.168019,54.2388],[14.242208,53.987728],[14.185329,53.911963],[14.442284,53.274733],[14.345429,53.051711],[14.160583,52.964611],[14.147513,52.86537],[14.616715,52.584458],[14.542107,52.385703],[14.711747,52.2193],[14.746172,52.046127],[14.605719,51.804505],[14.747495,51.675375],[14.728738,51.532007],[14.963288,51.452306],[15.040739,51.274496],[14.804979,50.839253],[14.659461,50.849944],[14.566028,51.009223],[14.325244,51.050059],[14.259012,50.992367],[14.363726,50.897381],[13.566306,50.712746],[13.465787,50.603555],[13.378176,50.647529],[12.942286,50.41173],[12.507002,50.390084],[12.322306,50.17176],[12.138128,50.320035],[12.22244,50.103492],[12.494255,49.976125],[12.430212,49.719508],[12.657365,49.434287],[12.976456,49.329963],[13.425525,48.973806],[13.618814,48.947717],[13.839356,48.769473],[13.731051,48.521411],[13.438861,48.558503],[13.407834,48.372156],[13.064181,48.269329]],[[10.47239,47.58694],[10.456625,47.558306],[10.434819,47.583409],[10.47239,47.58694]]]]}},{"type":"Feature","properties":{"tzid":"Europe/Bratislava"},"geometry":{"type":"Polygon","coordinates":[[[21.393394,49.434513],[21.961952,49.348548],[22.079233,49.208676],[22.547777,49.090287],[22.339611,48.683893],[22.166018,48.57713],[22.11384,48.381009],[21.767397,48.339133],[21.469853,48.568228],[21.142679,48.508509],[20.548244,48.543529],[20.326353,48.276889],[20.072544,48.179485],[19.937226,48.131132],[19.64265,48.242677],[19.46709,48.088654],[18.865711,48.049007],[18.763568,47.883857],[18.851308,47.82994],[18.310202,47.733892],[17.712816,47.755175],[17.325448,47.995214],[17.080351,48.025882],[16.840229,48.373072],[17.106649,48.826697],[17.19346,48.875207],[17.524313,48.812458],[17.850106,48.92751],[18.093341,49.068955],[18.198913,49.290418],[18.391085,49.345359],[18.560433,49.504984],[18.956898,49.51096],[18.968902,49.410916],[19.163897,49.408227],[19.257672,49.526109],[19.487321,49.585153],[19.651789,49.408305],[19.792237,49.380861],[19.785023,49.246663],[19.862042,49.196619],[20.090683,49.211724],[20.321616,49.400786],[20.709713,49.419037],[20.918162,49.303614],[21.103764,49.426154],[21.393394,49.434513]]]}},{"type":"Feature","properties":{"tzid":"Europe/Brussels"},"geometry":{"type":"MultiPolygon","coordinates":[[[[3.363214,51.372703],[3.425482,51.249501],[3.608072,51.299309],[3.93598,51.211893],[4.239362,51.374672],[4.391011,51.355432],[4.456902,51.469803],[4.632717,51.425342],[4.77288,51.504953],[4.825916,51.436041],[4.775744,51.431639],[4.922975,51.398505],[5.062877,51.471099],[5.134162,51.317832],[5.523661,51.285764],[5.824973,51.167496],[5.649983,50.828345],[6.23102,50.6493],[6.216406,50.507469],[6.316564,50.496381],[6.406115,50.326118],[6.190263,50.186672],[5.993717,50.175426],[5.762182,49.92106],[5.770796,49.793852],[5.909536,49.664616],[5.872801,49.574295],[5.481659,49.505615],[5.276756,49.691686],[4.860089,49.789558],[4.80704,49.954413],[4.891321,50.134325],[4.7805,50.141753],[4.52097,49.950898],[4.201349,49.95677],[4.138688,50.023278],[4.230579,50.069329],[4.152149,50.128899],[4.220563,50.253864],[4.000405,50.349073],[3.675708,50.332801],[3.635153,50.471132],[3.305341,50.520301],[3.252173,50.706609],[3.130268,50.786918],[2.905457,50.692354],[2.639126,50.813171],[2.606933,50.989223],[2.409735,51.244521],[3.075896,51.550279],[3.363214,51.372703]],[[6.183531,50.64697],[6.27008,50.635379],[6.179108,50.624774],[6.183531,50.64697]],[[6.246194,50.59737],[6.247774,50.598056],[6.24821,50.596823],[6.246194,50.59737]],[[6.240575,50.587062],[6.195755,50.536102],[6.178508,50.553589],[6.240575,50.587062]],[[6.196387,50.531065],[6.204407,50.525333],[6.187244,50.527073],[6.196387,50.531065]],[[6.166035,50.661862],[6.194784,50.662242],[6.18182,50.649419],[6.166035,50.661862]],[[4.870275,51.412559],[4.873094,51.412539],[4.8704,51.411214],[4.870275,51.412559]]],[[[4.933267,51.449307],[4.951448,51.453711],[4.940699,51.446366],[4.933267,51.449307]],[[4.941651,51.449475],[4.942202,51.449489],[4.942023,51.448007],[4.941651,51.449475]]],[[[4.943956,51.443652],[4.949404,51.445332],[4.949827,51.443711],[4.943956,51.443652]]],[[[4.949023,51.453765],[4.948755,51.454991],[4.949791,51.454305],[4.949023,51.453765]]],[[[4.94271,51.453075],[4.944473,51.453483],[4.944929,51.453035],[4.94271,51.453075]]],[[[4.94076,51.439315],[4.942265,51.439534],[4.942227,51.438109],[4.94076,51.439315]]],[[[4.939971,51.436119],[4.94219,51.436455],[4.941838,51.434884],[4.939971,51.436119]]],[[[4.939971,51.436119],[4.915952,51.434925],[4.935546,51.446347],[4.939971,51.436119]],[[4.935374,51.437522],[4.936567,51.437103],[4.935459,51.436181],[4.935374,51.437522]],[[4.935466,51.433189],[4.934181,51.431952],[4.934114,51.433429],[4.935466,51.433189]],[[4.931329,51.436442],[4.932685,51.43647],[4.93172,51.434601],[4.931329,51.436442]],[[4.931635,51.439969],[4.932366,51.439345],[4.931143,51.438789],[4.931635,51.439969]],[[4.93069,51.437156],[4.931547,51.437168],[4.931392,51.436606],[4.93069,51.437156]],[[4.922667,51.440077],[4.924596,51.441791],[4.922321,51.437682],[4.922667,51.440077]]],[[[4.940997,51.445265],[4.942116,51.445549],[4.942316,51.445137],[4.940997,51.445265]]],[[[4.940716,51.45563],[4.942095,51.455239],[4.940622,51.455325],[4.940716,51.45563]]],[[[4.939872,51.439491],[4.939761,51.43976],[4.941435,51.439987],[4.939872,51.439491]]],[[[4.939713,51.441869],[4.939215,51.44362],[4.939947,51.443757],[4.939713,51.441869]]],[[[4.927266,51.408243],[4.936289,51.406091],[4.928546,51.405116],[4.931247,51.405812],[4.927266,51.408243]]],[[[4.931529,51.446997],[4.932654,51.448076],[4.934074,51.447401],[4.931529,51.446997]]],[[[4.929507,51.449556],[4.931457,51.449631],[4.930288,51.44883],[4.929507,51.449556]]],[[[4.927447,51.4485],[4.928153,51.448937],[4.928537,51.447885],[4.927447,51.4485]]],[[[4.925327,51.445273],[4.924172,51.446351],[4.926648,51.445614],[4.925327,51.445273]]],[[[4.918222,51.443433],[4.918147,51.443959],[4.918779,51.444026],[4.918222,51.443433]]],[[[4.888618,51.42468],[4.892307,51.424102],[4.889367,51.423454],[4.890363,51.423896],[4.888618,51.42468]]],[[[4.873628,51.415477],[4.874571,51.416402],[4.875317,51.41606],[4.873628,51.415477]]],[[[4.865859,51.414124],[4.867476,51.413752],[4.866316,51.413183],[4.865859,51.414124]]],[[[4.840858,51.417454],[4.83875,51.418178],[4.83999,51.418789],[4.840858,51.417454]]],[[[4.836225,51.448047],[4.835745,51.448459],[4.836209,51.44879],[4.836225,51.448047]]]]}},{"type":"Feature","properties":{"tzid":"Europe/Bucharest"},"geometry":{"type":"Polygon","coordinates":[[[29.792403,45.183444],[30.045426,45.086661],[29.882032,44.769714],[29.671696,44.605104],[29.223884,44.541258],[28.863732,43.750693],[28.220129,43.76367],[27.989678,43.858119],[27.901908,43.999787],[27.737841,43.953552],[27.644655,44.047358],[27.434075,44.01744],[27.065035,44.148025],[26.122348,43.981878],[25.748477,43.693508],[25.426475,43.623661],[24.507483,43.760906],[24.196329,43.683571],[23.427293,43.854026],[22.876787,43.834491],[22.876381,43.97341],[23.045411,44.073481],[22.712885,44.202998],[22.46296,44.449948],[22.568885,44.540012],[22.761952,44.5392],[22.734004,44.581581],[22.461431,44.71523],[22.319473,44.665635],[22.158637,44.471565],[21.972517,44.633082],[21.618722,44.670663],[21.581153,44.761102],[21.429121,44.773994],[21.358272,44.845304],[21.55467,44.887849],[21.400324,44.994331],[21.527409,45.137875],[20.776167,45.479817],[20.808153,45.748386],[20.706013,45.750889],[20.269077,46.116349],[20.704305,46.161381],[20.832916,46.280399],[21.106148,46.270738],[21.302857,46.431595],[21.32476,46.628094],[21.508164,46.700837],[21.654808,47.028232],[22.016896,47.384117],[22.026995,47.522146],[22.306083,47.74136],[22.663701,47.783527],[23.181072,48.117616],[23.50113,47.96871],[24.254744,47.906196],[24.592617,47.956574],[24.92109,47.72665],[25.326648,47.913539],[26.186623,47.996188],[26.365095,48.187034],[26.807559,48.254666],[27.028275,48.137451],[27.605251,47.318476],[28.078889,46.984831],[28.25869,46.442362],[28.12879,46.247364],[28.117253,45.575506],[28.341962,45.325015],[28.696516,45.226106],[29.423877,45.442753],[29.654597,45.33574],[29.689839,45.193352],[29.792403,45.183444]]]}},{"type":"Feature","properties":{"tzid":"Europe/Budapest"},"geometry":{"type":"Polygon","coordinates":[[[16.254187,46.873928],[16.15629,46.85379],[16.278444,46.988215],[16.478038,46.995135],[16.456867,47.367462],[16.694896,47.5156],[16.485827,47.696475],[16.617406,47.758999],[16.743331,47.689948],[17.061356,47.705864],[17.011199,47.857405],[17.191031,48.017655],[17.77296,47.743405],[18.6669,47.76203],[18.854849,47.825138],[18.759178,47.921632],[18.82486,48.03558],[19.473796,48.094761],[19.605549,48.235785],[19.898298,48.124902],[20.321664,48.272696],[20.545216,48.542641],[20.844944,48.577941],[21.124432,48.491985],[21.454503,48.574563],[21.758512,48.34351],[22.241035,48.409658],[22.62616,48.101922],[22.819537,48.118731],[22.880583,48.037189],[22.77775,47.842251],[22.324683,47.76668],[22.01878,47.511679],[22.035534,47.413191],[21.692428,47.056523],[21.500172,46.69549],[21.314088,46.617594],[21.295905,46.42335],[21.092545,46.260367],[20.806428,46.276625],[20.702027,46.160899],[20.254919,46.115796],[19.557407,46.164614],[19.391239,46.040407],[18.66815,45.911369],[18.414859,45.740513],[17.83431,45.791045],[17.56052,45.9374],[17.351517,45.941257],[17.159909,46.156588],[16.527128,46.515364],[16.254187,46.873928]]]}},{"type":"Feature","properties":{"tzid":"Europe/Busingen"},"geometry":{"type":"Polygon","coordinates":[[[8.702126,47.691872],[8.659691,47.689484],[8.693393,47.712767],[8.702126,47.691872]]]}},{"type":"Feature","properties":{"tzid":"Europe/Chisinau"},"geometry":{"type":"Polygon","coordinates":[[[29.323982,47.425643],[29.426527,47.294507],[29.581702,47.341587],[29.526945,47.130424],[29.621147,47.069881],[29.595786,46.96357],[29.946836,46.841923],[29.966707,46.600973],[29.891322,46.548198],[30.160956,46.419389],[29.856032,46.365749],[29.75177,46.468062],[29.628412,46.356182],[29.451941,46.496111],[29.229498,46.379073],[29.237551,46.533923],[28.998069,46.489565],[28.96157,46.279667],[29.041336,46.21009],[28.950464,46.093734],[28.981106,46.007043],[28.776235,45.959969],[28.709357,45.779905],[28.526402,45.736186],[28.468374,45.491957],[28.322696,45.541784],[28.190295,45.47281],[28.113995,45.585569],[28.164888,45.72015],[28.091224,46.005063],[28.254257,46.42225],[28.25196,46.611792],[28.111518,46.920042],[27.78867,47.140365],[27.747374,47.271151],[27.606024,47.316969],[27.573507,47.459536],[27.295504,47.661517],[27.035707,48.121343],[26.618859,48.271666],[26.689906,48.344717],[26.831018,48.313006],[26.77323,48.415477],[27.284018,48.372248],[27.567547,48.485369],[27.761814,48.456321],[28.208334,48.204756],[28.356958,48.244227],[28.314657,48.165211],[28.401166,48.176719],[28.48638,48.068295],[28.574668,48.179808],[28.844716,48.119961],[28.903051,47.979348],[29.152861,47.993373],[29.244927,47.888418],[29.217665,47.612288],[29.116945,47.554424],[29.185233,47.437092],[29.323982,47.425643]]]}},{"type":"Feature","properties":{"tzid":"Europe/Copenhagen"},"geometry":{"type":"MultiPolygon","coordinates":[[[[14.344399,55.147625],[14.850309,55.491639],[15.306835,55.518823],[15.545767,55.359949],[15.448731,54.938573],[15.176919,54.791637],[14.538278,54.898697],[14.365113,55.01215],[14.344399,55.147625]]],[[[12.539612,56.115884],[12.871937,55.668785],[12.609417,55.431117],[12.59,55.325],[12.603333,55.223333],[12.85,55.111667],[12.891245,54.900802],[12.24,54.626667],[12.063333,54.455],[11.795,54.451667],[10.828102,54.746841],[10.825,54.6425],[10.715,54.576667],[10.42,54.644444],[10.2,54.853333],[10.169379,54.738185],[9.584106,54.886109],[9.340092,54.801326],[8.555431,54.920839],[8.477877,55.04663],[8.044381,55.099161],[8.055041,55.285213],[7.715828,55.549013],[7.814424,55.784503],[7.73799,56.03844],[7.753014,56.56719],[8.059773,57.073477],[8.458944,57.314195],[9.26384,57.36313],[9.686722,57.735122],[10.499922,57.945213],[10.687348,57.948064],[10.975306,57.7845],[11.013354,57.561435],[11.223799,57.523391],[11.501861,57.197861],[11.200764,57.024103],[10.742448,57.005475],[10.640284,56.858877],[10.700587,56.759285],[11.208211,56.598986],[11.148668,56.700875],[11.223073,56.83828],[11.712057,56.93598],[11.9083,56.601377],[11.639504,56.4873],[11.283041,56.5457],[11.314099,56.386926],[10.75,55.838333],[10.706667,55.661667],[11.558573,56.397483],[11.996846,56.368009],[12.033111,56.281944],[12.539612,56.115884]]]]}},{"type":"Feature","properties":{"tzid":"Europe/Dublin"},"geometry":{"type":"Polygon","coordinates":[[[-7.269407,55.064454],[-7.403319,55.005242],[-7.589179,54.743766],[-7.874759,54.707662],[-7.913813,54.675965],[-7.723658,54.627526],[-7.843238,54.537198],[-7.998732,54.544476],[-8.115093,54.415977],[-7.843398,54.211061],[-7.32471,54.123469],[-7.14187,54.254784],[-7.187025,54.336115],[-7.007055,54.415146],[-6.801136,54.213351],[-6.654118,54.182661],[-6.635696,54.04449],[-6.267985,54.102437],[-5.826004,53.870168],[-5.878176,53.802],[-5.664881,53.601],[-5.742511,53.211],[-5.665672,52.971],[-5.999738,52.369],[-5.879854,52.212],[-5.946402,52.082],[-6.556596,51.913],[-7.273958,51.932],[-8.388929,51.425],[-9.457661,51.225],[-10.402511,51.395],[-10.821858,51.667],[-10.864398,51.856],[-11.008526,51.99],[-10.948637,52.177],[-10.29276,52.478],[-10.225967,52.656],[-9.837666,52.894],[-10.558983,53.344],[-10.636214,53.627],[-10.503482,53.774],[-10.658251,54.036],[-10.611293,54.173],[-10.308638,54.439],[-9.905195,54.555],[-9.072895,54.494],[-9.168259,54.611],[-9.143812,54.755],[-8.939898,54.904],[-8.84655,55.13],[-8.412323,55.452],[-7.938384,55.435],[-7.230537,55.636],[-6.975382,55.578],[-6.781247,55.427],[-6.719426,55.280171],[-7.269407,55.064454]]]}},{"type":"Feature","properties":{"tzid":"Europe/Gibraltar"},"geometry":{"type":"Polygon","coordinates":[[[-5.338899,36.152858],[-5.276761,36.14949],[-5.31902,36.063701],[-5.395672,36.119121],[-5.338899,36.152858]]]}},{"type":"Feature","properties":{"tzid":"Europe/Guernsey"},"geometry":{"type":"Polygon","coordinates":[[[-2.050277,49.808508],[-2.133569,49.407458],[-2.295046,49.325767],[-2.560548,49.219875],[-3.005879,49.379545],[-2.957259,49.56806],[-2.552795,49.88899],[-2.093826,49.929303],[-2.050277,49.808508]]]}},{"type":"Feature","properties":{"tzid":"Europe/Helsinki"},"geometry":{"type":"Polygon","coordinates":[[[20.377537,60.87665],[20.77145,61.126908],[20.903203,61.646249],[20.679634,62.328445],[20.188127,63.184118],[20.667918,63.472456],[21.884578,63.701212],[22.385766,64.067059],[22.961147,64.220097],[23.062572,64.445664],[23.835799,64.665474],[24.154506,65.292478],[24.164879,65.695489],[24.118402,65.894503],[23.907249,66.163393],[23.651512,66.296447],[23.67247,66.464661],[23.855317,66.557022],[23.880953,66.752662],[23.99505,66.819272],[23.583797,67.149909],[23.555734,67.242445],[23.741917,67.307102],[23.750315,67.406856],[23.410474,67.467594],[23.549364,67.613917],[23.49008,67.846883],[23.631887,67.966653],[23.283201,68.155983],[23.173939,68.133913],[23.149602,68.226197],[22.836136,68.385772],[22.037448,68.483341],[20.888268,68.891641],[20.76471,69.034105],[20.560864,69.056312],[20.717321,69.119791],[21.057543,69.03629],[21.108674,69.103929],[21.026309,69.231923],[21.265005,69.308029],[21.586045,69.28058],[22.161978,68.964986],[22.404744,68.721914],[23.220799,68.641153],[23.67352,68.705521],[23.871461,68.836519],[24.881498,68.558181],[25.113145,68.637575],[25.184998,68.808414],[25.619584,68.890805],[25.774519,69.013769],[25.707278,69.241931],[25.833983,69.390155],[25.841913,69.54815],[25.974937,69.609008],[25.897102,69.659178],[26.478494,69.941556],[27.074516,69.918155],[27.95144,70.092107],[28.384044,69.826829],[29.108779,69.699302],[29.315819,69.498496],[28.831539,69.224362],[28.810205,69.122845],[28.929294,69.051915],[28.425964,68.917321],[28.79007,68.870605],[28.457189,68.501894],[28.708431,68.185236],[29.312961,68.077014],[29.659415,67.802957],[30.017062,67.673537],[29.935743,67.532937],[29.033389,66.930607],[29.93515,66.107421],[30.117104,65.759331],[30.059366,65.683575],[29.721864,65.637085],[29.843545,65.570745],[29.724017,65.334352],[29.601789,65.259934],[29.885668,65.206297],[29.86816,65.11948],[29.62697,65.060599],[29.61532,64.943894],[29.717491,64.802057],[30.057551,64.786551],[30.10444,64.673468],[29.988635,64.540878],[30.044893,64.402012],[30.48244,64.262339],[30.55358,64.101682],[30.260416,63.822003],[29.983328,63.760023],[30.507028,63.460961],[31.152026,63.258392],[31.520466,62.975748],[31.541361,62.868454],[31.235638,62.513263],[29.241346,61.276058],[27.876985,60.606503],[27.694392,60.437573],[27.725775,60.391677],[27.456654,60.223259],[26.491959,60.153516],[26.017305,59.976797],[24.942306,59.922486],[22.658929,59.611002],[22.396556,59.513095],[20.813152,59.472654],[21.223129,59.637027],[21.345645,59.885566],[21.171364,59.950161],[21.063007,60.103959],[21.143822,60.547408],[20.969962,60.712881],[20.730003,60.72309],[20.377537,60.87665]]]}},{"type":"Feature","properties":{"tzid":"Europe/Isle_of_Man"},"geometry":{"type":"Polygon","coordinates":[[[-4.868555,54.433983],[-4.196242,54.553429],[-4.03443,54.479],[-3.965714,54.288],[-4.106243,54.081],[-4.410986,53.898],[-4.913729,53.852],[-5.102837,53.93],[-5.17042,54.062],[-4.868555,54.433983]]]}},{"type":"Feature","properties":{"tzid":"Europe/Istanbul"},"geometry":{"type":"MultiPolygon","coordinates":[[[[38.105474,36.879819],[38.105827,36.879802],[38.105732,36.879021],[38.105474,36.879819]]],[[[27.648227,36.580811],[27.305819,36.619217],[27.293506,36.759027],[27.570843,36.868005],[27.123758,37.004244],[27.134502,37.134531],[27.256764,37.220621],[27.067273,37.541304],[26.94347,37.61458],[27.161458,37.776621],[27.146505,37.884507],[26.972283,37.984659],[26.833083,37.951548],[26.745975,38.06712],[26.507974,38.046896],[26.173361,38.251789],[26.327479,38.526447],[26.281343,38.706987],[26.747022,38.819368],[26.694669,39.113269],[26.490084,39.303575],[26.504264,39.445917],[25.981026,39.433454],[26.056905,39.706947],[25.862682,39.842751],[26.066297,40.054346],[25.712763,40.01758],[25.56702,40.137786],[25.664605,40.2442],[25.957555,40.316046],[26.113486,40.139611],[26.131006,40.357199],[26.444922,40.517167],[26.090996,40.52011],[25.963267,40.656419],[26.350539,40.942528],[26.323163,41.253305],[26.632915,41.372362],[26.560562,41.612629],[26.345298,41.784093],[26.535915,41.823518],[26.60392,41.957449],[26.836999,41.969717],[27.056106,42.086251],[27.282258,42.095372],[27.57163,41.904405],[27.870684,41.998992],[28.323833,41.981333],[28.314605,41.828],[28.438845,41.657],[28.996559,41.464417],[29.998291,41.339],[30.310325,41.414],[30.940224,41.273],[31.116297,41.292],[31.235323,41.472],[32.176447,41.903],[33.248562,42.208],[34.682172,42.146],[34.94104,42.297],[35.399903,42.167],[35.479552,42.032],[35.45335,41.882],[36.120092,41.898],[36.328824,41.747],[36.44469,41.517],[36.649927,41.584],[36.870469,41.548],[37.288674,41.345],[37.865739,41.307],[38.079495,41.172],[38.399377,41.128],[39.413976,41.306],[40.156561,41.144],[40.925362,41.395],[41.289146,41.605],[41.836983,41.436657],[41.958336,41.523791],[42.503254,41.4405],[42.589161,41.572508],[42.815753,41.588586],[42.820777,41.488043],[43.169719,41.308615],[43.229121,41.194666],[43.429514,41.182225],[43.468724,41.04092],[43.681211,40.903583],[43.74232,40.66733],[43.566423,40.494977],[43.676464,40.10458],[43.959649,40.017067],[44.354548,40.02527],[44.817664,39.651666],[44.615107,39.782159],[44.467197,39.684102],[44.421957,39.411604],[44.040009,39.380201],[44.223495,39.101432],[44.181809,38.957092],[44.314906,38.808167],[44.308242,38.387268],[44.500209,38.345921],[44.25056,37.875437],[44.593588,37.751221],[44.586158,37.474339],[44.814256,37.2828],[44.783452,37.154961],[44.637594,37.192747],[44.310229,36.975599],[44.202158,37.121083],[44.2695,37.226365],[44.148956,37.306078],[43.643915,37.22001],[43.127316,37.372044],[42.928368,37.322223],[42.791515,37.380403],[42.534385,37.143028],[42.375722,37.115436],[42.278847,37.280778],[42.177757,37.281759],[41.959204,37.159597],[41.51592,37.077672],[40.77586,37.122457],[39.831754,36.761301],[39.254718,36.673735],[38.733347,36.71004],[38.526126,36.854764],[38.226909,36.915483],[37.435549,36.636547],[37.048633,36.657768],[36.961096,36.767996],[36.670063,36.828952],[36.55318,36.467868],[36.698971,36.25056],[36.380826,36.183056],[36.380379,36.034092],[36.198023,35.948149],[36.154997,35.807051],[34.718817,36.59],[34.446406,36.429],[34.086342,36.059],[33.720369,35.936],[33.266802,35.929],[32.799136,35.817],[32.341491,35.949],[31.920727,36.335],[31.162889,36.627],[30.835275,36.648],[30.774524,36.288],[30.559328,36.002],[30.351928,35.974],[30.15713,36.05],[29.744617,35.923],[29.6147,36.16824],[29.296412,36.13913],[29.010392,36.354178],[29.004534,36.454061],[28.772102,36.4987],[28.492489,36.702101],[28.007971,36.47678],[27.907471,36.694408],[27.777492,36.698065],[27.648227,36.580811]]]]}},{"type":"Feature","properties":{"tzid":"Europe/Jersey"},"geometry":{"type":"Polygon","coordinates":[[[-1.893038,49.315719],[-1.840235,49.157227],[-1.984708,48.889665],[-2.513812,48.924339],[-2.555205,49.194436],[-2.479949,49.264464],[-2.098879,49.459609],[-1.893038,49.315719]]]}},{"type":"Feature","properties":{"tzid":"Europe/Kaliningrad"},"geometry":{"type":"Polygon","coordinates":[[[22.792002,54.363323],[20.622391,54.371009],[19.646935,54.453395],[19.404172,54.6039],[19.60899,54.783954],[19.605774,54.979627],[19.731117,55.101638],[20.401084,55.18063],[20.633805,55.364856],[21.098362,55.256388],[21.394527,55.287248],[21.509637,55.185179],[22.085316,55.024272],[22.591763,55.060202],[22.878862,54.818487],[22.683825,54.584253],[22.792002,54.363323]]]}},{"type":"Feature","properties":{"tzid":"Europe/Kyiv"},"geometry":{"type":"Polygon","coordinates":[[[35.104876,45.776935],[34.818181,45.805651],[34.783396,45.903728],[34.598721,45.994394],[34.459176,45.951209],[34.34717,46.054949],[33.653775,46.225782],[33.540719,46.012031],[32.772702,45.826642],[32.427671,45.874611],[31.441745,46.082982],[31.265436,46.217633],[31.180176,46.406414],[31.057428,46.378216],[30.918546,46.125555],[30.458946,45.738554],[30.066337,45.505872],[30.074513,45.448061],[30.277565,45.450367],[30.451817,45.356489],[30.480486,45.203263],[30.346778,45.080353],[30.129017,45.060106],[29.691731,45.191634],[29.654597,45.33574],[29.423877,45.442753],[28.954634,45.293934],[28.805592,45.336499],[28.78846,45.239745],[28.57867,45.247215],[28.32469,45.345716],[28.251277,45.510936],[28.481048,45.494066],[28.509434,45.709342],[28.769963,45.829745],[28.796916,45.973956],[28.992784,46.027131],[29.063709,46.192447],[28.972898,46.248026],[28.938011,46.448193],[29.217042,46.554771],[29.235507,46.408717],[29.351281,46.504201],[29.623324,46.355698],[29.76579,46.454974],[29.879044,46.356988],[30.121456,46.396785],[29.909735,46.512833],[29.958961,46.837555],[29.572091,46.940246],[29.624444,47.058941],[29.500478,47.109431],[29.59724,47.263716],[29.574934,47.367542],[29.445054,47.299789],[29.160318,47.455405],[29.128981,47.537644],[29.2736,47.796992],[29.177627,47.979317],[28.937814,47.966327],[28.841119,48.125544],[28.565917,48.175077],[28.452587,48.079754],[28.428371,48.172392],[28.336594,48.133145],[28.367364,48.229962],[28.219306,48.206159],[27.604451,48.486793],[27.249823,48.375456],[26.801581,48.418194],[26.807439,48.292956],[26.711524,48.343],[26.54372,48.215043],[26.340559,48.183235],[26.160664,47.988602],[25.296907,47.906572],[25.10057,47.750873],[24.89194,47.724563],[24.580046,47.966838],[24.228228,47.897471],[23.74827,47.997188],[23.44991,47.976579],[23.18147,48.116909],[23.090937,48.006185],[22.935919,48.017864],[22.897584,47.954209],[22.82789,48.114779],[22.628415,48.09985],[22.487982,48.253461],[22.338676,48.279029],[22.263426,48.410473],[22.165014,48.412717],[22.160631,48.562334],[22.328542,48.682475],[22.590655,49.095273],[22.869532,49.004096],[22.716686,49.23579],[22.736439,49.388434],[22.651238,49.508372],[22.706582,49.593287],[23.297764,50.105619],[23.699491,50.370161],[24.058538,50.485927],[24.087509,50.641221],[23.967024,50.777992],[24.124439,50.845682],[23.639769,51.327097],[23.697539,51.409065],[23.615903,51.611557],[23.760742,51.661018],[24.01058,51.587724],[24.285538,51.727299],[24.357412,51.869401],[25.213621,51.966615],[26.012014,51.929089],[26.940429,51.738693],[27.164818,51.772812],[27.248399,51.613327],[27.683795,51.61287],[27.759098,51.474064],[27.858059,51.630792],[28.006638,51.562984],[28.234,51.668054],[28.34877,51.565227],[28.633113,51.572641],[28.752931,51.414563],[28.811466,51.551524],[29.142661,51.65107],[29.324568,51.382404],[29.737668,51.531574],[29.778868,51.448404],[30.193894,51.504615],[30.56722,51.267103],[30.655698,51.376181],[30.521775,51.675192],[30.935797,52.064563],[31.287518,52.049586],[31.415142,52.141483],[32.096163,52.033614],[32.320358,52.136619],[32.386226,52.337584],[32.89209,52.245914],[33.188862,52.373533],[33.531567,52.304562],[33.824244,52.364096],[34.437107,51.746631],[34.099082,51.67683],[34.300035,51.523147],[34.272433,51.252263],[34.645944,51.248875],[34.709289,51.173994],[35.105108,51.232741],[35.196597,51.051531],[35.400248,51.051792],[35.323774,51.013998],[35.47158,50.737519],[35.400393,50.656358],[35.430755,50.558489],[35.658002,50.351148],[36.083769,50.448405],[36.286073,50.298651],[36.473295,50.313107],[36.647948,50.217656],[36.878687,50.337221],[37.471101,50.454439],[37.649397,50.171263],[38.044371,49.932682],[38.146151,49.931577],[38.18035,50.072494],[38.29175,50.079658],[38.488525,49.963864],[38.67732,49.99196],[38.952678,49.797695],[39.179918,49.888719],[39.285588,49.755182],[39.610682,49.733643],[39.637819,49.638036],[39.823024,49.561494],[40.135456,49.61709],[40.032234,49.463533],[40.227809,49.260514],[39.671381,49.004063],[39.825354,48.892065],[40.072353,48.874556],[39.994201,48.807002],[39.807033,48.838715],[39.71183,48.725619],[39.70813,48.586863],[39.854997,48.561066],[39.918872,48.377718],[39.840957,48.328906],[40.010075,48.26976],[39.809837,48.040207],[39.76355,47.846445],[38.843046,47.86544],[38.772605,47.685079],[38.31104,47.57609],[38.243414,47.348855],[38.320999,47.306184],[38.233776,47.134248],[38.338122,46.980752],[38.140864,46.861],[37.620074,46.829891],[37.381787,46.697394],[37.117233,46.693789],[36.812318,46.463024],[36.498783,46.528155],[36.175277,46.307419],[35.795795,46.376334],[35.31479,45.977044],[35.158154,45.931697],[35.23342,45.79173],[35.104876,45.776935]]]}},{"type":"Feature","properties":{"tzid":"Europe/Kirov"},"geometry":{"type":"MultiPolygon","coordinates":[[[[51.978523,60.639046],[51.99775,60.631096],[51.987991,60.624287],[51.978523,60.639046]]],[[[52.060439,60.717763],[52.016529,60.733804],[52.042651,60.735486],[52.060439,60.717763]]],[[[50.270358,59.747937],[50.402734,59.839064],[50.831023,59.863324],[51.047665,60.031904],[51.551321,59.941533],[52.065457,60.308488],[52.442615,60.186602],[52.899465,60.155267],[53.46059,60.215773],[53.686566,60.009277],[53.63218,59.750393],[53.472066,59.701015],[53.223935,59.333703],[53.385099,59.15566],[53.715603,59.119587],[53.724423,59.182651],[53.869654,59.121282],[53.756419,58.972765],[53.92576,58.795776],[53.716027,58.614102],[53.788105,58.477615],[53.592068,58.418863],[53.213692,58.401361],[53.24802,58.443735],[53.160667,58.450482],[53.130596,58.543738],[52.892691,58.533618],[52.850254,58.396989],[52.169991,58.488554],[51.827548,58.374009],[51.690883,58.179613],[51.924883,58.000705],[51.839974,57.922757],[51.941644,57.778639],[51.868429,57.65583],[51.569999,57.461166],[51.165254,57.440762],[51.21983,57.086025],[51.536232,56.885229],[51.391373,56.766567],[51.393202,56.666895],[51.180423,56.684637],[51.127693,56.511828],[51.403791,56.286327],[51.349729,56.203405],[51.468763,56.215098],[51.320319,56.060762],[50.877348,56.19556],[50.82413,56.397555],[50.759656,56.409357],[50.77243,56.326841],[50.579791,56.349373],[50.48187,56.598255],[50.361178,56.66342],[50.091117,56.610242],[50.041011,56.852249],[49.772727,56.874648],[49.63808,57.069349],[49.245692,57.044229],[49.141452,57.176421],[49.172977,57.329001],[49.028096,57.294809],[49.054371,57.207146],[48.957481,57.088855],[48.785647,57.168278],[48.427875,57.113152],[48.344656,57.166287],[48.1106,56.9909],[47.744068,57.02595],[47.17835,56.801209],[47.101874,56.923207],[46.703663,56.940716],[46.801136,57.051913],[46.76224,57.151048],[46.838156,57.177129],[46.706714,57.319178],[46.821639,57.446633],[46.752934,57.51666],[47.446961,57.51725],[47.60956,57.834373],[47.75502,57.880855],[47.348988,58.011341],[46.444491,58.004042],[46.321369,58.097905],[46.416212,58.214995],[46.396754,58.372423],[46.586714,58.431186],[46.648113,58.576887],[46.973512,58.613462],[47.081391,58.761652],[47.323987,58.810665],[47.28086,58.912662],[47.639515,58.916855],[47.442163,59.100547],[47.480354,59.150488],[47.203423,59.211653],[47.247864,59.351785],[47.048947,59.369321],[47.152878,59.752233],[46.922349,59.765497],[47.027808,60.101669],[46.598308,60.064514],[46.393733,60.109206],[46.290486,60.21717],[46.806237,60.285129],[46.878435,60.501633],[47.035292,60.544945],[46.959912,60.64604],[47.19318,61.067393],[47.897198,61.016821],[47.96653,60.879171],[48.388444,60.839043],[48.540875,60.592701],[48.496803,60.517251],[48.599031,60.431991],[48.530512,60.400429],[48.773751,60.317715],[48.477959,60.144421],[48.523224,59.706844],[49.101547,59.661699],[49.096541,59.481431],[49.571821,59.393145],[49.52238,59.222701],[49.805082,59.216684],[49.844917,59.615091],[50.066664,59.670379],[49.974224,59.751006],[50.270358,59.747937]]],[[[48.609436,60.023183],[48.61712,60.014046],[48.598303,60.024397],[48.609436,60.023183]]],[[[52.365851,60.799259],[52.375822,60.805995],[52.375251,60.791906],[52.365851,60.799259]]]]}},{"type":"Feature","properties":{"tzid":"Europe/Lisbon"},"geometry":{"type":"Polygon","coordinates":[[[-7.394866,37.166194],[-7.386273,36.974725],[-7.804418,36.778258],[-8.94894,36.712906],[-9.1296,36.761417],[-9.26593,37.04184],[-9.166473,37.899771],[-9.77371,38.747366],[-9.816682,39.5511],[-9.169813,40.275682],[-9.03984,40.672826],[-9.156731,41.872613],[-8.870966,41.863929],[-8.625533,42.051184],[-8.24389,42.13977],[-8.089864,42.060526],[-8.216822,41.905279],[-8.115025,41.811704],[-7.90975,41.922458],[-7.426391,41.826312],[-7.227152,41.870011],[-7.151934,41.986608],[-6.768686,41.98409],[-6.546088,41.936714],[-6.541765,41.680526],[-6.218689,41.600449],[-6.333392,41.384004],[-6.883564,41.029582],[-6.802386,40.862227],[-6.849693,40.45152],[-6.792273,40.371815],[-7.01848,40.20698],[-6.874327,40.023917],[-7.014628,39.673151],[-7.520883,39.666058],[-7.319944,39.47094],[-7.22648,39.198562],[-6.961893,39.013566],[-7.243224,38.734931],[-7.314177,38.504777],[-7.090851,38.178794],[-6.945361,38.214398],[-7.002008,38.022391],[-7.22644,37.98839],[-7.50125,37.584019],[-7.394866,37.166194]]]}},{"type":"Feature","properties":{"tzid":"Europe/Ljubljana"},"geometry":{"type":"Polygon","coordinates":[[[13.956998,45.455549],[13.670191,45.445651],[13.384445,45.565944],[13.901101,45.622211],[13.58056,45.839848],[13.640143,45.973424],[13.499168,45.983233],[13.655178,46.162275],[13.397848,46.255156],[13.715327,46.519251],[14.569641,46.375757],[14.955361,46.632361],[15.494196,46.619466],[15.864342,46.721882],[16.005881,46.671133],[15.987984,46.8196],[16.230345,46.87514],[16.325561,46.84903],[16.385427,46.651424],[16.574276,46.483126],[16.289721,46.515991],[16.250079,46.378838],[16.055153,46.389257],[16.073172,46.342563],[15.654299,46.219111],[15.611767,46.128724],[15.727185,46.048413],[15.69655,45.859484],[15.274785,45.740055],[15.376006,45.679083],[15.30513,45.612546],[15.341079,45.457128],[14.957512,45.514387],[14.818543,45.459322],[14.578221,45.665515],[14.356123,45.484722],[14.013926,45.518126],[13.956998,45.455549]],[[15.300207,45.692517],[15.303968,45.696516],[15.305414,45.693427],[15.300207,45.692517]],[[15.306421,45.691233],[15.302995,45.689139],[15.30151,45.689778],[15.306421,45.691233]]]}},{"type":"Feature","properties":{"tzid":"Europe/London"},"geometry":{"type":"MultiPolygon","coordinates":[[[[-14.015517,57.602632],[-13.874791,57.741559],[-13.674283,57.773083],[-13.440844,57.711769],[-13.361428,57.607665],[-13.48669,57.45851],[-13.717942,57.421329],[-13.952734,57.493448],[-14.015517,57.602632]]],[[[-6.060898,59.295],[-5.611588,59.303],[-5.476696,59.23],[-5.421737,59.095],[-5.611382,58.942],[-6.118905,58.889],[-6.404524,58.933],[-6.553464,59.066],[-6.421963,59.255],[-6.060898,59.295]]],[[[-4.758992,59.179],[-4.305023,59.282],[-4.065808,59.191],[-4.015596,59.057],[-4.296547,58.855],[-4.615591,58.831],[-4.881122,58.969],[-4.888224,59.067],[-4.758992,59.179]]],[[[-8.761434,58.025],[-8.337016,58.065],[-8.157725,57.976],[-8.105715,57.841],[-8.302082,57.626],[-8.751695,57.623],[-9.023224,57.823],[-8.95029,57.951],[-8.761434,58.025]]],[[[-4.074866,54.500103],[-4.400383,54.546483],[-4.868555,54.433983],[-5.087272,54.456],[-5.279725,54.165],[-5.826004,53.870168],[-6.278366,54.109578],[-6.661116,54.062879],[-6.664636,54.192975],[-7.024395,54.418536],[-7.195859,54.310461],[-7.14725,54.225535],[-7.289197,54.120726],[-7.856571,54.216026],[-8.134611,54.426493],[-8.170417,54.46237],[-7.694968,54.612621],[-7.92089,54.695964],[-7.580178,54.750408],[-7.377888,55.028207],[-6.827951,55.214798],[-6.719426,55.280171],[-6.744269,55.414976],[-6.578736,55.443585],[-6.866913,55.625034],[-6.967795,56.019757],[-7.45965,56.169425],[-7.999092,56.713],[-8.017335,56.859],[-7.844271,57.210549],[-8.095922,57.497077],[-8.094868,57.694948],[-7.640031,58.074807],[-7.94056,58.151],[-8.028359,58.317],[-7.776978,58.474],[-7.149932,58.445453],[-6.328135,58.716154],[-5.0103,58.827],[-4.290358,58.76],[-3.801226,58.807],[-3.71723,59.187],[-3.324074,59.485],[-2.887387,59.586],[-2.323387,59.59],[-2.073527,59.518],[-1.950152,59.677],[-1.702756,59.750832],[-1.790467,59.926441],[-2.260888,59.936],[-2.510161,60.1],[-2.470192,60.237],[-2.23727,60.343366],[-1.924606,60.669992],[-1.006676,61.05],[-0.469391,60.961],[-0.348885,60.81],[-0.367314,60.332516],[-0.583221,60.189802],[-0.956653,59.733],[-1.263436,59.654],[-1.203445,59.521],[-1.293836,59.403],[-1.643454,59.308],[-1.956009,59.382],[-2.01455,59.197],[-2.657996,58.522193],[-2.756982,58.295],[-3.245254,58.028],[-3.036416,57.888],[-1.887826,57.89],[-1.482148,57.693],[-1.415767,57.414],[-1.686392,57.185],[-1.885156,56.795],[-2.114253,56.599],[-2.028636,56.407411],[-2.148001,56.283297],[-1.68852,55.883],[-1.271179,55.71],[-1.150326,55.176],[-0.980119,54.878],[-0.317118,54.616],[0.20729,54.228],[0.262939,54.093],[0.172564,53.976],[0.432341,53.735],[0.702204,53.188],[1.455454,53.111],[1.985173,52.822],[2.091613,52.491],[1.893558,52.03],[1.291209,51.602],[1.716125,51.494],[1.829956,51.163909],[1.349403,50.944674],[1.133702,50.738],[0.334335,50.543],[-0.255222,50.622],[-0.845217,50.525],[-1.172273,50.387],[-1.665529,50.467904],[-2.452199,50.313],[-2.906623,50.51],[-3.156656,50.447],[-3.374204,50.117],[-3.608889,50.015],[-4.437494,50.134],[-5.092558,49.771],[-5.936777,49.908],[-6.264109,49.686],[-6.579939,49.726],[-6.704475,49.939],[-6.599154,50.1],[-6.290875,50.182],[-6.046289,50.114],[-5.892573,50.308],[-5.494942,50.433],[-5.386596,50.537],[-5.380349,51.502392],[-5.727066,51.598],[-5.807563,51.724],[-5.775078,51.818],[-5.251067,52.198],[-4.419146,52.442],[-4.452309,52.576],[-4.899839,52.555],[-5.113641,52.68],[-5.112024,52.825],[-4.854612,53.063],[-5.032657,53.287],[-4.91646,53.505],[-4.742167,53.607],[-4.442025,53.635],[-3.984781,53.53],[-3.454465,53.545],[-3.405605,53.883991],[-4.074866,54.500103]]]]}},{"type":"Feature","properties":{"tzid":"Europe/Luxembourg"},"geometry":{"type":"Polygon","coordinates":[[[6.516561,49.783752],[6.368093,49.493842],[5.998358,49.456493],[5.864008,49.501003],[5.868452,49.724827],[5.750036,49.814901],[5.778124,49.9619],[6.013647,50.179198],[6.105549,50.169274],[6.260664,49.882406],[6.516561,49.783752]]]}},{"type":"Feature","properties":{"tzid":"Europe/Madrid"},"geometry":{"type":"MultiPolygon","coordinates":[[[[1.980567,42.447879],[1.978613,42.494682],[2.012787,42.448346],[1.980567,42.447879]]],[[[0.934336,39.814782],[0.795699,39.671623],[0.589495,39.661148],[0.429184,39.779437],[0.412428,39.932148],[0.553643,40.072817],[0.754764,40.093933],[0.92446,39.983583],[0.934336,39.814782]]],[[[-3.10666,36.132521],[-2.823515,36.05063],[-2.789021,35.90276],[-2.881577,35.780265],[-3.081088,35.740774],[-3.253093,35.842737],[-3.253017,36.036048],[-3.10666,36.132521]]],[[[0.900607,39.007],[1.002037,39.140891],[1.279891,39.266931],[1.710079,39.278074],[1.912695,39.041087],[1.820733,38.580546],[1.615349,38.448455],[1.238321,38.472653],[0.939811,38.799323],[0.900607,39.007]]],[[[2.051448,39.632573],[2.826304,40.098205],[3.257132,40.16198],[3.529341,39.994189],[3.672734,40.217786],[4.020866,40.290818],[4.442668,40.14879],[4.591075,39.891517],[4.5178,39.689157],[4.369136,39.603948],[3.741033,39.728085],[3.454294,39.256476],[3.002474,38.925445],[2.7412,38.977147],[2.126032,39.418687],[2.051448,39.632573]]],[[[-1.787897,43.379196],[-1.730429,43.296125],[-1.379769,43.239084],[-1.448755,43.054706],[-1.351481,43.034396],[-1.303706,43.115476],[-0.951879,42.957593],[-0.749837,42.962179],[-0.56476,42.798283],[-0.320785,42.841074],[-0.014546,42.685194],[0.65993,42.690774],[0.706661,42.860651],[1.327211,42.724484],[1.494628,42.433221],[1.729598,42.495279],[1.93273,42.454643],[1.984172,42.364903],[2.276643,42.43242],[2.511288,42.337867],[2.956413,42.475722],[3.558333,42.435333],[3.601244,42.283354],[3.3758,41.727478],[2.219895,41.102116],[1.409746,40.926914],[0.613821,40.227408],[0.11057,39.64525],[0.047111,39.254219],[0.452879,38.866426],[0.490825,38.690375],[-0.177647,38.227588],[-0.389168,37.921251],[-0.400794,37.6052],[-0.575919,37.435885],[-1.354557,37.24667],[-1.582516,37.07825],[-1.865418,36.6486],[-2.076669,36.532415],[-2.760549,36.478419],[-4.042499,36.523843],[-4.896808,36.266046],[-5.11191,36.047199],[-5.621412,35.940435],[-6.198984,36.031009],[-6.911625,36.937387],[-7.386273,36.974725],[-7.498404,37.589135],[-7.218139,37.994583],[-7.026471,38.024033],[-6.936806,38.198919],[-7.078278,38.174773],[-7.318973,38.489364],[-7.258049,38.715073],[-6.951776,39.024158],[-7.215106,39.190695],[-7.295214,39.455264],[-7.525354,39.640799],[-7.000754,39.709231],[-6.864524,40.010472],[-7.028624,40.187532],[-6.793423,40.356483],[-6.846896,40.442242],[-6.80056,40.847982],[-6.923287,41.007263],[-6.327811,41.385784],[-6.22346,41.602181],[-6.548274,41.685595],[-6.584764,41.966336],[-7.161354,41.977231],[-7.196738,41.879979],[-7.402946,41.82164],[-7.685341,41.89951],[-7.887922,41.855606],[-7.887405,41.90731],[-8.165013,41.818113],[-8.209507,41.895774],[-8.084472,42.045062],[-8.235368,42.135444],[-8.622031,42.051966],[-8.863732,41.87103],[-9.156731,41.872613],[-9.183488,42.165181],[-9.565877,42.875051],[-9.542365,43.150099],[-9.416748,43.300817],[-9.011606,43.525109],[-8.033641,43.94671],[-7.715565,43.992562],[-6.894785,43.777906],[-5.867672,43.866259],[-4.356658,43.610967],[-3.563732,43.715214],[-2.726978,43.658666],[-2.192449,43.524062],[-1.81775,43.59765],[-1.787897,43.379196]],[[-5.338899,36.152858],[-5.276761,36.14949],[-5.31902,36.063701],[-5.395672,36.119121],[-5.338899,36.152858]]]]}},{"type":"Feature","properties":{"tzid":"Europe/Malta"},"geometry":{"type":"Polygon","coordinates":[[[14.233973,36.282546],[14.431298,36.23423],[14.773383,35.987159],[14.822103,35.846755],[14.72419,35.668827],[14.319945,35.599281],[13.980341,35.925458],[13.965983,36.169132],[14.233973,36.282546]]]}},{"type":"Feature","properties":{"tzid":"Europe/Mariehamn"},"geometry":{"type":"Polygon","coordinates":[[[19.545567,60.681139],[20.025166,60.727555],[20.377537,60.87665],[20.704914,60.734099],[20.969962,60.712881],[21.143822,60.547408],[21.02383,60.123925],[21.345645,59.885566],[21.223129,59.637027],[20.813152,59.472654],[20.333906,59.454685],[19.940647,59.595064],[19.102821,60.178237],[19.21077,60.599837],[19.545567,60.681139]]]}},{"type":"Feature","properties":{"tzid":"Europe/Minsk"},"geometry":{"type":"Polygon","coordinates":[[[28.121486,56.166488],[28.30439,56.06263],[28.681272,56.104634],[28.740803,55.967023],[29.054113,56.029109],[29.422613,55.968931],[29.378116,55.754091],[29.480583,55.708283],[29.892384,55.858774],[30.259995,55.866967],[30.508648,55.800333],[30.792712,55.589251],[30.905871,55.616922],[30.95733,55.50362],[30.820121,55.319091],[31.027888,55.062308],[30.75837,54.82323],[31.20094,54.653499],[31.13036,54.4897],[31.229695,54.467171],[31.31782,54.24414],[31.873249,54.08415],[31.891919,53.966318],[31.76503,53.833084],[32.48005,53.71911],[32.430759,53.599797],[32.762781,53.424277],[32.71694,53.33141],[32.48588,53.2988],[32.449848,53.210227],[32.160311,53.085907],[31.44708,53.20919],[31.256716,53.03789],[31.588507,52.791964],[31.503788,52.69852],[31.654396,52.561994],[31.558811,52.518085],[31.588765,52.327703],[31.756954,52.104903],[30.964361,52.081238],[30.518672,51.643126],[30.636964,51.364895],[30.52618,51.268429],[30.178103,51.51196],[29.770458,51.449264],[29.69488,51.517184],[29.331178,51.379654],[29.144238,51.650907],[28.812054,51.55204],[28.752931,51.414563],[28.594816,51.57247],[28.388798,51.54949],[28.209342,51.659876],[28.023799,51.564447],[27.833991,51.624227],[27.768368,51.477764],[27.694468,51.606674],[27.24036,51.601807],[27.202354,51.773266],[26.797497,51.756499],[25.810083,51.946178],[24.406904,51.882057],[24.293356,51.732847],[23.985588,51.582939],[23.748883,51.660066],[23.646626,51.63931],[23.654514,51.535982],[23.567683,51.563635],[23.647892,52.074923],[23.17983,52.284977],[23.495584,52.562372],[23.930733,52.708467],[23.939597,52.813193],[23.914811,53.16294],[23.668688,53.509857],[23.513953,53.944881],[24.182887,53.966134],[24.432654,53.904406],[24.832384,54.012438],[24.785781,54.096835],[24.870788,54.148442],[25.064423,54.134479],[25.217777,54.257463],[25.422482,54.290142],[25.571977,54.251719],[25.552973,54.148059],[25.757891,54.159679],[25.75034,54.261604],[25.574045,54.319399],[25.757599,54.600304],[25.735294,54.799193],[25.882153,54.934783],[26.184705,54.990436],[26.258106,55.119691],[26.702762,55.170507],[26.806268,55.274664],[26.488775,55.338094],[26.647236,55.698329],[26.858893,55.711327],[27.122076,55.850216],[27.611274,55.786267],[27.66454,55.934934],[28.121486,56.166488]],[[31.576425,52.463525],[31.537455,52.473766],[31.574585,52.483626],[31.576425,52.463525]]]}},{"type":"Feature","properties":{"tzid":"Europe/Monaco"},"geometry":{"type":"Polygon","coordinates":[[[7.418523,43.72476],[7.452435,43.742195],[7.510321,43.522781],[7.418523,43.72476]]]}},{"type":"Feature","properties":{"tzid":"Europe/Moscow"},"geometry":{"type":"MultiPolygon","coordinates":[[[[34.387703,51.843737],[34.098603,52.004623],[34.052827,52.201395],[33.812127,52.364736],[33.504554,52.306052],[33.518396,52.354849],[33.196327,52.374011],[32.896172,52.245766],[32.394307,52.33369],[32.360836,52.141035],[32.047664,52.039233],[31.823477,52.0995],[31.603337,52.307146],[31.558811,52.518085],[31.659535,52.552407],[31.507495,52.68867],[31.58183,52.79394],[31.24766,53.026003],[31.36356,53.14396],[31.61496,53.21674],[31.965353,53.084987],[32.235101,53.098968],[32.611665,53.336589],[32.71694,53.33141],[32.75007,53.42686],[32.475279,53.554049],[32.45876,53.72692],[31.756191,53.831819],[31.890943,53.993992],[31.858295,54.083365],[31.31198,54.25246],[31.225956,54.467535],[31.11869,54.49142],[31.193538,54.661549],[30.991273,54.672228],[30.79348,54.79697],[30.82026,54.93061],[31.027888,55.062308],[30.819465,55.312968],[30.908326,55.375051],[30.93355,55.61271],[30.782689,55.588492],[30.58998,55.747018],[30.238952,55.871768],[29.890752,55.857849],[29.480583,55.708283],[29.360452,55.798513],[29.439923,55.961505],[29.065497,56.029106],[28.747323,55.972822],[28.637671,56.073083],[28.681226,56.098573],[28.320564,56.058121],[28.167813,56.142364],[28.239673,56.271302],[28.093708,56.526822],[28.139206,56.550733],[27.913452,56.741202],[27.972038,56.822541],[27.673526,56.884956],[27.867962,57.280772],[27.563601,57.411784],[27.524896,57.539193],[27.331372,57.566352],[27.404778,57.691752],[27.545464,57.733337],[27.535585,57.808566],[27.812894,57.875273],[27.671771,57.937708],[27.635985,58.099936],[27.513626,58.20275],[27.534169,58.407499],[27.35704,58.787261],[27.728981,58.971307],[27.899377,59.226624],[28.201748,59.390505],[27.3853,59.652433],[26.816683,59.662417],[26.44,59.938333],[26.907178,60.136733],[27.456011,60.223152],[27.725775,60.391677],[27.68692,60.433571],[27.873426,60.604553],[29.233391,61.268434],[30.65705,62.208913],[31.138138,62.44217],[31.584828,62.907041],[31.213667,63.2285],[30.507028,63.460961],[29.97189,63.757168],[30.260416,63.822003],[30.55358,64.101682],[30.48244,64.262339],[30.052322,64.39779],[29.989808,64.587085],[30.118974,64.62591],[30.085604,64.764325],[29.717491,64.802057],[29.611037,64.927327],[29.623577,65.047583],[29.896865,65.10514],[29.893592,65.192971],[29.609262,65.275795],[29.863909,65.560441],[29.753988,65.609361],[30.138466,65.668676],[30.128101,65.72109],[29.930579,66.115015],[29.06052,66.853102],[29.040954,66.961525],[29.896231,67.507318],[30.002358,67.648307],[29.659415,67.802957],[29.327094,68.074539],[28.646135,68.196302],[28.433932,68.539671],[28.77347,68.829567],[28.415789,68.915451],[28.929085,69.051849],[29.041438,69.01083],[29.242137,69.113019],[29.315137,69.301169],[30.050932,69.434497],[30.179303,69.579136],[30.105464,69.643047],[30.151672,69.669376],[30.547836,69.541479],[30.917216,69.555238],[30.851169,69.769639],[31.104328,69.979303],[31.94504,70.152975],[33.461237,69.894422],[34.274618,69.580295],[36.588816,69.265874],[38.13896,68.846633],[38.776924,68.564497],[39.759706,68.374572],[43.492441,68.867359],[44.173099,68.738122],[45.374166,68.735441],[46.364709,68.58712],[46.851092,68.426646],[47.111292,68.032987],[48.619356,68.11372],[49.098681,68.069169],[50.754983,68.637737],[51.734913,68.704928],[53.140473,69.065411],[53.834824,69.162415],[54.721843,69.183292],[57.218115,68.929261],[57.629564,68.967664],[58.518464,69.138009],[57.908819,69.426388],[58.021015,69.596171],[58.396154,69.67778],[58.875476,69.644261],[59.640844,69.3924],[60.230213,68.899034],[60.279182,68.934126],[60.081232,69.191266],[59.660892,69.469585],[58.668556,69.715343],[57.897174,70.070896],[57.208587,70.219927],[55.28904,70.286192],[53.295445,70.522209],[51.660769,71.128235],[50.796206,71.634288],[50.788387,71.920697],[50.992999,72.172213],[51.992945,72.957471],[53.295256,73.559622],[52.963093,73.736644],[53.082694,73.891014],[53.930148,74.096704],[54.672304,74.480327],[55.042878,74.817067],[55.066245,74.940929],[54.977808,75.076091],[55.167077,75.244468],[57.908165,75.923121],[58.440409,76.188889],[60.788614,76.474943],[63.304474,76.506791],[64.859398,76.701666],[65.456054,76.888357],[67.545106,77.237343],[69.242436,77.092112],[69.944175,76.738527],[69.744554,76.461221],[68.830593,76.092855],[63.326448,75.362554],[62.104751,75.087048],[60.497,74.490455],[60.070433,74.2543],[59.309068,74.083513],[57.332456,73.132905],[56.257219,72.382684],[56.107472,71.967281],[56.340602,71.638391],[56.687301,71.337397],[57.497936,71.007435],[59.473508,70.612563],[60.657354,70.129746],[63.341799,69.867051],[64.965044,69.563919],[65.13181,69.338696],[65.029751,69.211543],[64.552282,69.032145],[64.522321,68.98973],[64.620373,68.952777],[64.556594,68.870592],[65.362135,68.789849],[65.4396,68.644682],[65.659339,68.542792],[65.279163,68.224196],[65.379256,67.93676],[66.102841,67.930673],[66.027717,67.81221],[66.221696,67.754629],[66.140201,67.648635],[65.822957,67.654199],[65.822687,67.538601],[66.029774,67.577495],[66.09339,67.498571],[65.208393,67.152752],[65.106837,67.010321],[65.143569,66.915347],[63.388922,66.444911],[63.233439,66.332742],[63.25684,66.222644],[63.107787,66.247136],[62.863825,66.05837],[62.791571,65.85981],[61.831175,65.663645],[61.308479,65.331908],[61.355824,65.282862],[61.27831,65.169386],[61.125977,65.166603],[60.711697,64.922448],[60.399907,65.065278],[60.195943,65.071211],[59.642226,64.805239],[59.750205,64.671396],[59.491847,64.517392],[59.591917,64.497601],[59.653717,64.376185],[59.559831,64.247737],[59.822363,64.096765],[59.579014,63.916086],[59.476179,63.575991],[59.31083,63.387493],[59.362189,63.373133],[59.30612,63.141358],[59.203794,63.027597],[59.459654,62.90229],[59.402997,62.759633],[59.444237,62.567292],[59.621651,62.494288],[59.399864,62.129828],[59.487453,61.953149],[59.328008,61.827699],[59.42219,61.754598],[59.356452,61.677658],[58.700249,61.496242],[56.653124,61.5243],[56.566341,61.418999],[56.37827,61.443122],[56.290484,61.220014],[55.813087,61.246778],[55.731499,61.095603],[55.275878,61.148713],[55.199961,60.991563],[55.05005,61.009161],[54.916454,60.866625],[53.875831,60.982651],[53.827943,60.866848],[53.663977,60.84712],[53.355153,60.882661],[53.413588,61.033485],[52.876823,61.089514],[52.806464,60.937746],[52.431433,60.976416],[52.361146,60.830192],[51.892312,60.881543],[51.780831,60.603392],[52.32324,60.440875],[52.326988,60.251042],[51.973869,60.279334],[51.498657,59.928639],[51.179066,60.048892],[50.831023,59.863324],[50.402734,59.839064],[50.270358,59.747937],[49.991028,59.779092],[50.084932,59.680315],[49.859414,59.655265],[49.8174,59.210535],[49.521869,59.216969],[49.561121,59.3595],[49.499788,59.395657],[49.039664,59.482398],[49.101547,59.661699],[48.523224,59.706844],[48.492226,60.195156],[48.773751,60.317715],[48.538766,60.399864],[48.605496,60.415556],[48.496136,60.472218],[48.540875,60.592701],[48.419678,60.837206],[47.96653,60.879171],[47.903583,61.009773],[47.226516,61.063994],[46.982951,60.721814],[47.038023,60.544604],[46.873836,60.513505],[46.786491,60.261044],[46.30027,60.246981],[46.393733,60.109206],[46.598308,60.064514],[47.034772,60.126381],[46.922349,59.765497],[47.152878,59.752233],[47.048947,59.369321],[47.247709,59.352628],[47.202301,59.212321],[47.458723,59.152129],[47.639515,58.916855],[47.282643,58.913782],[47.278421,58.782469],[47.11456,58.781804],[46.973512,58.613462],[46.621494,58.560302],[46.554292,58.399426],[46.404662,58.383038],[46.416212,58.214995],[46.321369,58.097905],[46.444491,58.004042],[47.416667,58.00697],[47.750286,57.906628],[47.574637,57.807773],[47.533365,57.578076],[47.446961,57.51725],[46.7917,57.521802],[46.822551,57.459361],[46.698627,57.346584],[46.856563,57.221494],[46.749178,57.161911],[46.814112,57.08048],[46.728373,56.948014],[47.101874,56.923207],[47.156019,56.796592],[47.782673,56.998604],[48.120323,56.991194],[48.330347,57.15847],[48.424305,57.110521],[48.811107,57.169236],[48.93025,57.082977],[49.04472,57.190463],[49.003168,57.280928],[49.148046,57.329272],[49.198652,57.312095],[49.138524,57.180187],[49.266976,57.037884],[49.611573,57.074319],[49.799303,56.879674],[50.013046,56.869989],[50.096531,56.738236],[50.026035,56.657555],[50.122439,56.607034],[50.361178,56.66342],[50.533564,56.503839],[50.579791,56.349373],[50.883649,56.372223],[50.873129,56.204002],[51.3456,56.068375],[51.621381,56.129988],[51.344313,56.046751],[51.448339,55.931487],[51.736803,55.981424],[51.774333,55.889236],[51.949838,55.983199],[52.156222,55.904398],[52.243076,55.956098],[52.211522,56.091916],[52.751664,55.988204],[52.744738,56.095014],[52.845043,56.080128],[52.864478,56.147765],[52.575251,56.228234],[52.595918,56.273989],[52.924081,56.400796],[52.964612,56.434301],[52.886868,56.490691],[53.052958,56.539974],[53.089345,56.469132],[52.974454,56.311695],[53.086468,56.120537],[53.141962,56.161147],[53.33283,56.062106],[53.338042,56.185326],[53.241638,56.237775],[53.544457,56.239043],[53.56383,56.134058],[53.199987,55.925401],[53.285027,55.86689],[53.708049,55.928697],[54.256507,55.719982],[53.964629,55.520606],[53.888809,55.364283],[53.618875,55.217014],[53.157844,55.165582],[53.613436,54.899527],[53.638793,54.748055],[53.428195,54.532231],[53.500396,54.056995],[53.352395,53.988103],[52.96402,54.189963],[53.15518,54.288275],[53.058493,54.349002],[52.923901,54.269325],[52.542888,54.354469],[52.460893,54.467214],[52.367222,54.398661],[52.21705,54.435616],[52.092543,54.328302],[52.012093,54.426813],[51.904272,54.412539],[51.906459,54.537819],[51.546596,54.640053],[51.424008,54.591617],[51.389252,54.677007],[51.150032,54.639612],[50.951261,54.342639],[50.712114,54.40095],[50.508101,54.330552],[50.388914,54.48195],[49.577899,54.561702],[49.521065,54.719745],[49.288299,54.891446],[49.1206,54.798179],[48.88178,54.79602],[48.881746,54.646506],[48.726683,54.625169],[48.458781,54.627487],[48.075389,54.764289],[47.816598,54.641691],[47.731731,54.733835],[47.573699,54.533042],[47.37226,54.553553],[47.282454,54.67461],[46.826185,54.632065],[46.46278,54.760826],[46.409433,54.73996],[46.524954,54.655202],[46.44019,54.594112],[46.582074,54.497168],[46.491636,54.443688],[46.686258,54.400113],[46.687187,54.306791],[45.979297,54.147672],[45.804574,53.996829],[45.97641,54.019803],[46.153442,53.925614],[46.171387,53.831698],[46.479751,53.617991],[46.504289,53.481105],[46.658116,53.472588],[46.949917,53.282268],[46.863376,53.209715],[46.966762,53.129495],[46.884702,52.890318],[46.971369,52.759094],[46.744176,52.61141],[46.594628,52.702762],[46.325899,52.680843],[45.928833,52.401753],[45.61429,52.477789],[45.292599,52.382072],[45.123298,52.413489],[45.088685,52.313329],[44.560091,52.512728],[44.485476,52.514252],[44.535063,52.423388],[44.316805,52.315631],[43.779521,52.427478],[43.379413,52.373081],[43.150825,52.437556],[42.942278,52.355275],[42.885291,52.210751],[42.788919,52.182525],[42.649988,51.790984],[42.505816,51.672562],[42.928979,51.275347],[42.536618,51.144148],[41.928097,51.194125],[41.757717,51.011979],[41.168874,50.776315],[41.539097,50.574382],[41.450176,50.527509],[41.522177,50.362572],[41.412714,50.240941],[41.447966,50.141929],[41.617367,49.959574],[41.884488,49.899679],[42.173918,49.694105],[42.037431,49.37197],[42.098703,49.195383],[42.050882,49.152179],[42.359233,49.128754],[42.38979,49.013372],[42.679761,48.93906],[42.724281,48.847513],[42.701699,48.622128],[42.626373,48.554907],[42.115924,48.426586],[42.181006,48.276916],[42.062793,48.265648],[42.10919,48.18619],[42.029996,48.055495],[42.513265,48.019378],[42.720174,47.87587],[42.925543,47.519058],[43.164356,47.553664],[43.18486,47.458496],[43.681869,47.45044],[43.714954,47.717212],[43.972712,47.774501],[44.08259,47.899435],[44.392012,47.889483],[44.424092,48.015933],[44.325132,48.041328],[44.374496,48.249038],[44.544157,48.188073],[44.540851,48.055545],[44.809767,48.050632],[44.925662,48.120248],[44.95626,48.265956],[45.528612,48.007302],[45.749266,48.005465],[45.739726,47.831249],[46.267207,47.420745],[46.430871,47.435164],[46.685458,47.601656],[46.873143,47.548898],[46.568404,47.422381],[46.569028,47.350377],[46.817065,46.992215],[46.962178,46.97422],[46.95724,46.71537],[46.866209,46.61963],[46.961673,46.462002],[46.401906,46.317411],[46.478426,46.23551],[46.454019,46.004854],[46.295432,45.914425],[46.814059,45.565388],[47.295991,45.676783],[47.554792,45.642024],[47.502249,45.563711],[47.556407,45.428113],[47.826803,45.262264],[47.615495,45.206459],[47.164792,44.605258],[47.479598,44.69383],[47.714277,44.646393],[47.843303,44.418256],[47.663588,44.210373],[48.104744,44.08754],[48.12821,43.91839],[47.897187,43.711869],[47.793685,43.481076],[47.806055,43.075822],[48.205065,42.541105],[48.809044,41.961321],[48.348687,41.576391],[48.088562,41.498527],[47.904909,41.239566],[47.762352,41.188146],[47.349942,41.286754],[47.11336,41.595287],[47.018572,41.555875],[46.770881,41.833083],[46.578094,41.807645],[46.388276,41.937618],[45.770432,42.115845],[45.608334,42.231195],[45.73551,42.293416],[45.775772,42.486719],[45.33612,42.525946],[45.160711,42.701279],[44.9708,42.748129],[44.824165,42.641879],[44.679969,42.75591],[44.530447,42.752984],[43.972446,42.551456],[43.775629,42.588664],[43.779533,42.754593],[43.201835,42.93286],[42.848335,43.178145],[42.660559,43.140502],[42.44276,43.249729],[42.092939,43.212242],[42.13921,43.190766],[42.050607,43.068644],[41.868078,42.989925],[41.903136,42.623931],[41.561035,42.412627],[41.291163,42.407172],[41.236121,42.566363],[40.982225,42.64857],[40.739622,42.892652],[40.151037,43.018091],[39.993662,43.179109],[39.739927,43.265433],[38.60227,44.129601],[38.084102,44.254694],[37.729863,44.470296],[37.348928,44.540041],[37.015857,44.851283],[36.637972,44.935112],[36.532701,45.183793],[36.653617,45.352256],[36.66845,45.626621],[37.323263,45.532364],[37.372554,45.749453],[37.631895,45.88597],[37.857635,46.19803],[37.673362,46.321582],[37.436543,46.693023],[37.620074,46.829891],[38.140864,46.861],[38.338122,46.980752],[38.229897,47.119463],[38.331653,47.263978],[38.25291,47.305999],[38.285035,47.536822],[38.772096,47.723107],[38.843046,47.86544],[39.722787,47.828538],[39.79384,47.910658],[39.778176,48.036605],[39.866872,48.040805],[40.004203,48.280807],[39.858146,48.309106],[39.93541,48.37372],[39.82486,48.586154],[39.675426,48.597018],[39.779885,48.811309],[40.078171,48.869031],[39.826684,48.887529],[39.668805,48.996596],[39.940461,49.063408],[40.218204,49.248524],[40.200461,49.345772],[40.029619,49.454091],[40.137795,49.607288],[39.810167,49.558967],[39.57235,49.736374],[39.277048,49.765077],[39.20908,49.85947],[38.948035,49.796878],[38.694066,49.934799],[38.717539,49.982825],[38.414972,49.982385],[38.313148,50.088449],[38.178774,50.079928],[38.219061,49.983224],[38.040148,49.908385],[37.66569,50.156808],[37.635158,50.311523],[37.484962,50.356759],[37.488028,50.451974],[36.898409,50.341428],[36.651158,50.218513],[36.424185,50.328252],[36.295705,50.29179],[36.097303,50.443445],[35.601556,50.367389],[35.392974,50.645559],[35.488713,50.776804],[35.361579,51.066863],[35.213569,51.046494],[35.084645,51.230358],[34.698016,51.177646],[34.630001,51.251167],[34.231771,51.264911],[34.316883,51.330842],[34.254512,51.398335],[34.295679,51.532702],[34.120063,51.648817],[34.440086,51.744329],[34.387703,51.843737]],[[48.609737,60.022058],[48.620745,60.023859],[48.598303,60.024397],[48.609737,60.022058]],[[46.689141,45.47739],[46.444047,45.452656],[46.703515,45.550791],[46.882406,45.523723],[46.855161,45.45052],[46.689141,45.47739]]],[[[31.581207,52.476841],[31.576425,52.463525],[31.532563,52.486038],[31.581207,52.476841]]],[[[37.5,79.97743],[36.264261,79.950627],[35.635557,80.040236],[35.42031,80.159593],[35.777557,80.309335],[36.58369,80.367894],[37.463277,80.322735],[37.968148,80.172051],[37.901318,80.073275],[37.5,79.97743]]],[[[56.549134,81.735073],[56.545191,81.864026],[56.833313,81.939228],[58.654494,82.054623],[60.352418,81.980009],[60.70295,81.859271],[60.65731,81.732284],[61.948551,81.884271],[64.028465,81.884835],[64.854725,81.77989],[65.131791,81.62218],[64.887817,81.510475],[64.263215,81.416407],[61.871916,81.325464],[62.79296,81.190739],[63.838394,81.366579],[65.240172,81.374755],[66.283849,81.242335],[66.525474,81.152399],[66.644639,81.015153],[66.481764,80.815749],[65.794683,80.636481],[62.673043,80.399807],[62.402331,80.248943],[61.4101,80.139415],[61.017495,80.000291],[61.103278,79.902154],[60.852856,79.771791],[58.754613,79.572354],[57.8301,79.631502],[57.241058,79.85114],[55.973456,79.812692],[54.775284,79.995988],[53.888202,79.828185],[52.573378,79.860854],[51.432326,79.714355],[47.390346,79.855644],[46.04066,80.05649],[45.559107,80.254477],[44.034935,80.453746],[43.683376,80.592406],[44.15916,80.759938],[45.503728,80.841667],[46.579103,81.022279],[48.678279,81.006393],[49.110274,81.078319],[49.129896,81.202756],[49.521324,81.310139],[50.386843,81.379649],[52.063652,81.262007],[52.297074,81.118514],[52.125647,81.024591],[52.141779,80.966034],[52.77179,80.839585],[53.134018,80.972739],[52.917208,81.077043],[53.126807,81.214327],[52.848856,81.327729],[53.041708,81.454615],[54.517146,81.587613],[55.444187,81.57697],[56.549134,81.735073]]],[[[49.056555,68.461601],[47.846805,68.635723],[47.662113,68.863704],[47.706166,69.180784],[47.845189,69.368736],[48.233731,69.563878],[49.112909,69.701622],[49.617017,69.664144],[50.43573,69.431865],[50.861509,69.162475],[50.801942,68.997448],[50.005451,68.545342],[49.056555,68.461601]]],[[[53.076806,56.193969],[53.062854,56.190795],[53.07186,56.19862],[53.076806,56.193969]]],[[[53.090167,56.208217],[53.096811,56.194708],[53.082416,56.197587],[53.090167,56.208217]]],[[[47.008101,46.055658],[47.128939,46.112512],[47.116645,46.053704],[47.008101,46.055658]]],[[[46.937732,45.719035],[46.937691,45.75547],[46.98459,45.780855],[46.937732,45.719035]]],[[[52.198754,56.063591],[52.228864,56.057413],[52.201422,56.04625],[52.198754,56.063591]]]]}},{"type":"Feature","properties":{"tzid":"Europe/Oslo"},"geometry":{"type":"MultiPolygon","coordinates":[[[[11.718452,59.623875],[11.829753,59.24249],[11.613816,58.900568],[11.460684,58.889656],[11.36841,59.098437],[11.153506,59.079257],[11.092381,58.991805],[10.638924,58.892276],[10.593503,58.762173],[9.788358,58.672279],[8.505877,57.960982],[7.769676,57.778329],[7.147187,57.764306],[6.472215,57.886342],[5.362522,58.428829],[5.007664,58.919332],[4.475355,59.212456],[4.458309,59.313796],[4.672074,59.664958],[4.472971,60.310976],[4.088686,61.032044],[4.147663,61.6617],[4.667032,62.270668],[4.938376,62.466377],[5.949501,62.955562],[6.860503,63.273315],[8.090145,64.031072],[9.996957,64.869815],[10.798683,65.70181],[11.071587,66.172151],[11.565975,66.667702],[11.858835,66.815372],[11.323783,67.375452],[11.403023,67.57939],[12.128474,67.822798],[12.635645,68.266028],[13.263981,68.463556],[13.852886,68.853341],[14.733703,69.231445],[15.762781,69.512711],[17.055515,69.745043],[18.213605,70.361247],[21.701191,70.852974],[23.748759,71.282834],[25.654653,71.384784],[28.467203,71.279272],[30.450367,70.86819],[31.749141,70.428964],[31.585587,70.14375],[30.817641,69.794844],[30.924401,69.690157],[30.912955,69.553288],[30.535501,69.541067],[30.130216,69.666331],[30.179483,69.578764],[30.041962,69.42815],[29.312489,69.300935],[29.283129,69.175474],[29.041438,69.01083],[28.80543,69.111156],[28.831235,69.211367],[29.336496,69.478323],[29.108779,69.699302],[28.384044,69.826829],[27.964659,70.080694],[27.606176,70.072889],[27.037497,69.910391],[26.490489,69.945022],[25.900541,69.671459],[25.976721,69.610675],[25.841463,69.551013],[25.841327,69.399668],[25.709511,69.256498],[25.773461,69.02449],[25.623621,68.891727],[25.143795,68.787897],[25.11837,68.642111],[24.903166,68.554592],[23.871461,68.836519],[23.67352,68.705521],[23.167582,68.628519],[22.374522,68.716667],[22.161978,68.964986],[21.668006,69.250195],[21.27882,69.311884],[20.987574,69.191927],[21.108674,69.103929],[21.057543,69.03629],[20.706184,69.115781],[20.062547,69.045831],[20.30659,68.92615],[20.335873,68.802314],[19.937504,68.557942],[20.226654,68.490858],[19.954537,68.374851],[18.40569,68.581877],[18.125924,68.536515],[18.151355,68.198789],[17.920197,67.988076],[17.281525,68.118815],[16.73812,67.91421],[16.443585,67.559041],[16.113082,67.46396],[16.384546,67.220031],[16.362809,67.037308],[15.377227,66.484305],[15.474246,66.303935],[15.035683,66.153557],[14.51629,66.132578],[14.625478,65.811807],[14.498773,65.521297],[14.506844,65.309858],[13.65426,64.580341],[14.113884,64.462483],[14.157102,64.195093],[13.990208,64.029407],[12.926685,64.057936],[12.683568,63.974222],[12.149771,63.593945],[12.212878,63.478591],[11.974581,63.269211],[12.218233,63.000335],[12.097313,62.91787],[12.136313,62.748079],[12.065406,62.627644],[12.299349,62.267459],[12.151014,61.766595],[12.41961,61.562981],[12.569326,61.568747],[12.860545,61.328396],[12.68728,61.076622],[12.242455,61.019962],[12.606725,60.500595],[12.498796,60.323653],[12.502366,60.10305],[12.174293,59.889805],[11.889848,59.872125],[11.93339,59.731758],[11.718452,59.623875]]],[[[-7.499999,71.295462],[-7.344265,71.209681],[-7.321945,71.112364],[-7.455744,70.922671],[-7.709061,70.839324],[-8.979323,70.626154],[-9.486564,70.685812],[-9.678402,70.836099],[-9.559353,70.99164],[-8.602664,71.293376],[-7.9468,71.359696],[-7.499999,71.295462]]]]}},{"type":"Feature","properties":{"tzid":"Europe/Paris"},"geometry":{"type":"MultiPolygon","coordinates":[[[[-1.76427,43.343143],[-1.765375,43.342635],[-1.76677,43.342552],[-1.76427,43.343143]]],[[[9.827189,42.16366],[9.672175,41.851748],[9.634599,41.441126],[9.261218,41.293487],[8.803611,41.268742],[8.557275,41.449695],[8.33891,41.790972],[8.267736,42.400799],[8.520202,42.7198],[9.042347,42.924174],[9.203564,43.172084],[9.455878,43.224103],[9.595458,43.141562],[9.764481,42.808507],[9.827189,42.16366]]],[[[7.500245,43.516536],[7.003447,43.23895],[6.70077,42.893489],[6.433345,42.788874],[5.732417,42.862455],[4.914919,43.123424],[4.007794,43.300811],[3.36068,43.000926],[3.313595,42.698185],[3.414216,42.435314],[2.959093,42.4744],[2.530492,42.332825],[2.240249,42.428543],[2.007666,42.352973],[1.742195,42.494565],[1.778552,42.569014],[1.695333,42.622481],[1.470484,42.608964],[1.307376,42.718618],[0.740946,42.848139],[0.624355,42.695482],[-0.009943,42.68476],[-0.315563,42.845972],[-0.587287,42.80505],[-0.766003,42.969014],[-0.964696,42.960691],[-1.256774,43.043689],[-1.277318,43.112552],[-1.442197,43.047473],[-1.389512,43.259028],[-1.621743,43.26363],[-1.784433,43.365432],[-1.80347,43.594188],[-1.543549,44.421814],[-1.446321,45.347186],[-1.719988,46.028215],[-2.056665,46.349288],[-2.665356,46.62582],[-2.688425,47.033266],[-2.878791,47.107961],[-3.35153,47.112247],[-3.694821,47.447586],[-4.166533,47.488239],[-5.250646,47.924239],[-5.447449,48.481335],[-5.233158,48.67026],[-3.719458,49.074404],[-3.197665,49.1125],[-2.963393,49.295968],[-2.579993,49.226542],[-2.475129,48.916752],[-2.022195,48.878185],[-1.834701,49.207707],[-2.130104,49.522671],[-2.024031,49.926896],[-1.210105,49.904284],[-1.022657,49.825512],[-0.839595,49.585711],[-0.276187,49.544716],[-0.150432,49.762801],[0.034454,49.882585],[1.155472,50.216734],[1.274526,50.86818],[1.349403,50.944674],[1.87408,51.191071],[2.374118,51.296411],[2.619343,50.966392],[2.627726,50.826833],[2.794761,50.7259],[3.124085,50.788773],[3.244371,50.712913],[3.297804,50.522741],[3.628138,50.4823],[3.707452,50.306517],[3.992307,50.347726],[4.220172,50.259435],[4.130467,50.140226],[4.214269,50.094243],[4.144655,49.979876],[4.492364,49.947891],[4.686153,49.996081],[4.702106,50.095557],[4.846108,50.153491],[4.894437,50.140285],[4.792223,49.97314],[4.902002,49.786047],[5.266275,49.696275],[5.447862,49.517672],[5.789501,49.553923],[6.001814,49.456062],[6.426595,49.475838],[6.725578,49.173017],[6.950957,49.207933],[7.055656,49.112052],[7.423078,49.18109],[7.638614,49.053377],[8.224153,48.975483],[7.814001,48.602123],[7.577621,48.096652],[7.611048,47.955686],[7.519713,47.682005],[7.590863,47.60514],[7.504216,47.494852],[7.275505,47.430859],[6.990833,47.495839],[6.895101,47.381678],[7.039541,47.364004],[6.954862,47.244249],[6.490919,46.97042],[6.454804,46.782736],[6.141831,46.598127],[6.063858,46.416395],[6.156805,46.377763],[6.101806,46.237895],[5.958359,46.133993],[6.292463,46.224246],[6.219565,46.311884],[6.335208,46.403722],[6.821083,46.427152],[6.814027,46.130378],[7.036389,45.952911],[6.835559,45.838938],[6.809818,45.744024],[7.180189,45.408235],[7.106507,45.237846],[6.646131,45.115231],[6.785086,44.88826],[7.021652,44.823798],[7.075141,44.691044],[6.975944,44.680954],[6.857691,44.514706],[7.005124,44.239846],[7.385922,44.123849],[7.684484,44.173961],[7.700493,44.040698],[7.508187,43.834717],[7.623794,43.605905],[7.543025,43.542507],[7.458371,43.727087],[7.435549,43.681439],[7.500245,43.516536]],[[1.998705,42.485274],[2.006414,42.456628],[1.957903,42.464351],[1.998705,42.485274]]],[[[7.532992,43.536831],[7.727927,42.948452],[7.506139,43.501436],[7.532992,43.536831]]]]}},{"type":"Feature","properties":{"tzid":"Europe/Podgorica"},"geometry":{"type":"Polygon","coordinates":[[[18.419578,42.2096],[18.539521,42.390445],[18.451305,42.562718],[18.563608,42.643397],[18.452772,42.813011],[18.486203,42.958489],[18.642811,43.035191],[18.735432,43.278598],[18.873082,43.354502],[18.985959,43.274473],[19.0798,43.307934],[18.95814,43.453151],[18.981571,43.543972],[19.187552,43.53359],[19.642685,43.18862],[20.345881,42.910413],[20.252388,42.764667],[20.017423,42.744401],[20.087528,42.579197],[20.009126,42.517068],[19.815158,42.470689],[19.708561,42.655353],[19.629284,42.594938],[19.280846,42.180405],[19.40242,42.103624],[19.374165,41.870141],[19.210341,41.684987],[18.973422,41.797781],[18.734653,42.065344],[18.419578,42.2096]]]}},{"type":"Feature","properties":{"tzid":"Europe/Prague"},"geometry":{"type":"Polygon","coordinates":[[[18.804584,49.678875],[18.857556,49.538635],[18.567463,49.507352],[18.210753,49.292627],[18.068538,49.03667],[17.920066,49.014877],[17.874808,48.925502],[17.54844,48.81736],[17.173655,48.858097],[16.925118,48.620151],[16.903324,48.716301],[16.669871,48.772814],[16.096183,48.746452],[15.876687,48.859605],[15.353954,48.983846],[15.162077,48.942329],[15.059646,49.014915],[14.978515,48.974462],[14.979016,48.777709],[14.831253,48.780948],[14.692148,48.584622],[14.464938,48.645684],[14.303092,48.566913],[14.058038,48.604878],[13.736679,48.88278],[13.416163,48.980149],[12.969759,49.334724],[12.656313,49.453597],[12.404385,49.744686],[12.540391,49.89175],[12.492871,49.977612],[12.26013,50.060402],[12.101623,50.318931],[12.334188,50.17162],[12.508747,50.390777],[12.983041,50.419515],[13.031839,50.500049],[13.473614,50.610356],[13.580151,50.712652],[14.376356,50.897602],[14.285955,51.030753],[14.580818,50.995859],[14.627528,50.876421],[14.765117,50.820222],[15.001926,50.868778],[14.969681,50.9895],[15.062321,51.022344],[15.277208,50.971627],[15.392138,50.775867],[15.827141,50.745012],[16.020884,50.630939],[16.344609,50.656351],[16.410316,50.552572],[16.196277,50.43341],[16.622051,50.12174],[17.023418,50.22694],[16.897364,50.447111],[17.434978,50.252722],[17.721034,50.319174],[17.76485,50.236448],[17.644201,50.124988],[17.844281,49.986892],[18.05481,50.058854],[18.30106,49.923192],[18.545939,49.908169],[18.627021,49.731962],[18.804584,49.678875]]]}},{"type":"Feature","properties":{"tzid":"Europe/Riga"},"geometry":{"type":"Polygon","coordinates":[[[23.97435,57.899167],[24.459626,57.880048],[25.12654,58.079438],[25.256263,57.993846],[25.314735,58.071033],[26.03619,57.850285],[26.260552,57.613207],[26.540172,57.515104],[26.92628,57.633315],[27.529974,57.538988],[27.524208,57.439014],[27.860659,57.262974],[27.669461,56.868881],[27.951856,56.831496],[27.901098,56.760077],[28.138,56.575091],[28.239673,56.271302],[27.66454,55.934934],[27.619621,55.796132],[27.127633,55.850298],[26.767133,55.679616],[26.298885,55.751807],[25.689854,56.123936],[25.085942,56.196578],[24.870402,56.447768],[24.579544,56.288292],[24.154912,56.253771],[23.74331,56.36901],[23.178178,56.368609],[23.093739,56.304886],[22.977605,56.405695],[22.687961,56.352697],[22.086986,56.426186],[21.559945,56.313861],[21.235869,56.163126],[21.194725,56.076589],[20.709717,56.045417],[20.651207,56.136601],[20.600985,56.548793],[20.708738,56.895968],[21.017934,57.089219],[21.06573,57.348864],[21.452394,57.716231],[22.143333,57.779167],[22.7075,57.940833],[23.43764,57.475321],[23.642098,57.258366],[24.017995,57.309173],[23.97435,57.899167]]]}},{"type":"Feature","properties":{"tzid":"Europe/Rome"},"geometry":{"type":"MultiPolygon","coordinates":[[[[12.897511,38.723885],[12.998828,38.866997],[13.192005,38.922792],[13.366127,38.86443],[13.458129,38.726319],[13.39625,38.577695],[13.174698,38.487662],[12.963944,38.555794],[12.897511,38.723885]]],[[[12.282891,36.674856],[12.11245,36.544781],[11.875739,36.556895],[11.703067,36.710097],[11.683222,36.876046],[11.837067,37.018287],[12.131263,36.999451],[12.279249,36.875297],[12.282891,36.674856]]],[[[13.07429,35.728943],[12.809981,35.656646],[12.872779,35.443467],[12.715891,35.301642],[12.178094,35.381001],[12.084048,35.485644],[12.086648,35.617092],[12.234102,35.736051],[12.662955,35.715769],[12.604497,35.918818],[12.769879,36.064562],[13.060929,36.007406],[13.128192,35.861243],[13.07429,35.728943]]],[[[8.977482,45.982315],[8.972357,45.961963],[8.958544,45.964816],[8.977482,45.982315]]],[[[8.831175,41.261116],[9.286633,41.307769],[9.613167,41.43099],[10.038405,40.925224],[10.089775,40.483933],[9.867514,39.117102],[9.617234,38.888264],[9.166797,38.81599],[8.922702,38.679187],[8.359205,38.659376],[8.193931,38.744681],[7.953588,39.105309],[8.165212,39.685983],[8.020672,39.840058],[8.099475,40.288717],[7.882613,40.545582],[7.907458,40.967576],[8.037245,41.198958],[8.227493,41.312036],[8.831175,41.261116]]],[[[7.529972,43.784194],[7.509773,43.88092],[7.713804,44.068795],[7.673268,44.16025],[7.425866,44.112317],[7.00097,44.243717],[6.867233,44.494037],[7.041893,44.686193],[7.008923,44.831948],[6.772638,44.901679],[6.637669,45.092615],[7.097297,45.232496],[7.179538,45.390714],[7.011667,45.499378],[6.977159,45.645661],[6.840629,45.700788],[6.826256,45.838114],[7.056491,45.914128],[7.191489,45.859158],[7.558981,45.985937],[7.847613,45.920673],[8.14769,46.139267],[8.120938,46.291172],[8.452153,46.459105],[8.453381,46.268221],[8.609447,46.132954],[8.815338,46.097369],[8.785922,45.98915],[9.013936,45.818518],[9.081661,45.892417],[9.009284,45.962368],[9.040366,46.058991],[9.283386,46.296508],[9.249156,46.431813],[9.316539,46.504397],[9.455061,46.505326],[9.567314,46.30092],[9.932305,46.373716],[10.103462,46.228571],[10.16329,46.40531],[10.049604,46.473987],[10.102956,46.610814],[10.477727,46.557193],[10.397882,46.648468],[10.467633,46.845635],[10.662519,46.874185],[10.729855,46.788711],[11.024938,46.766585],[11.174752,46.962609],[11.75214,46.971657],[12.185269,47.091638],[12.232502,47.075105],[12.136767,46.97594],[12.440393,46.689597],[13.71594,46.517091],[13.402962,46.250194],[13.623655,46.187376],[13.499236,46.020816],[13.616194,45.984075],[13.595939,45.808911],[13.893047,45.645026],[13.820676,45.581608],[13.628726,45.631543],[13.312103,45.546166],[12.860355,45.35167],[12.818726,44.897148],[12.566205,44.574972],[12.64027,44.315984],[13.82163,43.693338],[14.245096,42.799556],[14.72651,42.388154],[15.056396,42.23409],[15.692782,42.42094],[15.912268,42.384397],[16.007078,42.165795],[16.424848,41.985389],[16.538462,41.467269],[18.199336,40.793493],[18.665546,40.382371],[18.776669,40.057841],[18.519087,39.626041],[17.413854,39.262208],[17.468642,39.020195],[17.374538,38.828033],[16.255351,37.788027],[15.993878,37.712713],[15.560307,37.770456],[15.440126,37.569759],[15.590574,36.985218],[15.298315,36.512121],[15.076453,36.439672],[14.402855,36.596235],[12.92922,37.303017],[12.512749,37.400719],[11.834746,37.839186],[11.781393,38.037561],[11.896227,38.163499],[12.368159,38.237455],[12.691253,38.388926],[13.33096,38.426006],[14.0195,38.247196],[14.683352,38.360659],[14.23166,38.350064],[14.10253,38.456598],[14.100316,38.625671],[14.283847,38.751265],[14.867698,38.786758],[15.186254,39.016185],[15.480095,38.918232],[15.503821,38.763014],[15.296871,38.493817],[15.476318,38.497946],[15.830963,39.039968],[15.77866,39.302949],[15.540157,39.673725],[13.783416,40.503308],[12.674468,40.763791],[12.376994,41.368383],[11.608989,41.917119],[10.849018,42.112546],[10.253072,42.114757],[9.867834,42.224873],[9.76366,42.790519],[9.564474,43.219858],[9.636962,43.511794],[9.917061,43.691148],[9.84942,43.818712],[9.285443,44.063398],[8.750816,44.187812],[8.375011,43.811767],[8.08968,43.670535],[7.631016,43.578591],[7.529972,43.784194]],[[12.457558,41.903332],[12.448775,41.900999],[12.454923,41.907263],[12.457558,41.903332]],[[12.435544,43.956696],[12.51547,43.945378],[12.438492,43.904702],[12.435544,43.956696]]]]}},{"type":"Feature","properties":{"tzid":"Europe/Samara"},"geometry":{"type":"MultiPolygon","coordinates":[[[[52.2405,53.388787],[52.31431,53.389328],[52.285098,53.339775],[52.2405,53.388787]]],[[[49.429726,53.85657],[50.041169,53.844665],[49.92765,53.889398],[49.97804,53.978772],[50.223657,54.068948],[50.214414,54.33427],[50.111543,54.493446],[50.367953,54.485993],[50.50351,54.328219],[50.712114,54.40095],[50.906572,54.355804],[51.178304,54.654711],[51.376768,54.664175],[51.8962,54.534421],[51.909855,54.419496],[52.059965,54.417635],[52.086178,54.330712],[52.417229,54.464803],[52.525061,54.364958],[52.532487,54.306887],[52.330786,54.279075],[52.326743,54.127387],[52.478891,54.070534],[52.175528,53.547597],[52.078361,53.498789],[52.211862,53.380847],[52.090892,53.165135],[52.14512,53.125225],[52.042909,52.993974],[51.758925,52.874694],[51.726199,52.669572],[51.47171,52.628534],[51.461006,52.510296],[51.548561,52.44568],[51.37108,52.365158],[51.406759,52.106553],[50.768163,51.773037],[50.70172,51.932973],[50.352273,51.981984],[50.352111,52.044856],[50.156395,52.009824],[50.189592,52.129598],[49.801901,52.173907],[49.732552,52.268622],[49.624494,52.24782],[49.588203,52.379079],[49.450203,52.320162],[49.434658,52.39862],[49.300599,52.381704],[49.21813,52.497874],[48.960312,52.492514],[48.923149,52.407633],[48.698465,52.624056],[48.349425,52.661996],[48.562684,52.917767],[48.359834,52.957324],[48.357324,53.041804],[48.136843,53.050528],[48.208034,53.123059],[48.117348,53.177776],[48.15921,53.230269],[47.94393,53.333991],[48.031798,53.468346],[48.284376,53.457681],[48.455269,53.548692],[48.349397,53.653099],[48.495991,53.649643],[48.48346,53.747149],[48.965833,53.706466],[48.995609,53.874945],[49.429726,53.85657]]],[[[54.076996,56.641437],[53.866947,56.600906],[54.007273,56.669663],[54.076996,56.641437]]],[[[51.389323,56.228779],[51.149996,56.568298],[51.244417,56.678564],[51.393202,56.666895],[51.503646,56.847748],[51.216643,57.044933],[51.208393,57.200064],[51.124165,57.243277],[51.216748,57.459005],[51.590067,57.460752],[51.832307,57.571415],[51.926222,57.741821],[51.823974,57.843732],[51.897187,57.993573],[51.69323,58.148521],[51.800898,58.334656],[52.169991,58.488554],[52.833159,58.39381],[52.892022,58.531417],[53.158458,58.542246],[53.213692,58.401361],[53.373651,58.384282],[53.770516,58.457342],[53.872166,58.330197],[53.789475,58.243872],[54.13203,57.959949],[54.085662,57.918409],[54.155006,57.71436],[53.992335,57.588211],[54.254042,57.462177],[54.123338,57.345783],[54.311169,57.306043],[54.316647,57.118541],[54.393909,57.044816],[54.319362,56.970681],[54.154218,56.978818],[54.020412,56.753196],[53.80711,56.820007],[53.885947,56.717607],[53.85157,56.621709],[54.067694,56.6365],[54.033574,56.589073],[54.328795,56.482895],[54.398094,56.264134],[54.197511,56.199444],[53.987612,56.005123],[53.868357,56.042278],[53.379058,55.858315],[53.234646,55.894744],[53.475272,56.039445],[53.557632,56.208312],[53.241257,56.245957],[53.35516,56.150392],[53.33362,56.062376],[53.088002,56.14118],[52.963382,56.240447],[53.01091,56.42614],[53.133265,56.517846],[53.033635,56.542268],[52.889844,56.500476],[52.965087,56.436966],[52.924081,56.400796],[52.566583,56.25162],[52.882179,56.159847],[52.690897,55.997019],[52.245961,56.089389],[52.156222,55.904398],[51.952489,55.989862],[51.781863,55.887497],[51.633231,55.966488],[51.433017,55.946852],[51.368089,56.027115],[51.635028,56.090631],[51.459997,56.125898],[51.472205,56.197395],[51.389323,56.228779]],[[53.090167,56.208217],[53.096811,56.194708],[53.082416,56.197587],[53.090167,56.208217]],[[53.076806,56.193969],[53.062854,56.190795],[53.07186,56.19862],[53.076806,56.193969]],[[52.199223,56.064711],[52.225691,56.058402],[52.208147,56.048223],[52.199223,56.064711]]]]}},{"type":"Feature","properties":{"tzid":"Europe/San_Marino"},"geometry":{"type":"Polygon","coordinates":[[[12.436522,43.956634],[12.515394,43.944966],[12.438492,43.904702],[12.436522,43.956634]]]}},{"type":"Feature","properties":{"tzid":"Europe/Sarajevo"},"geometry":{"type":"MultiPolygon","coordinates":[[[[19.235769,43.992423],[19.517829,43.714787],[19.507295,43.587819],[18.927431,43.511366],[19.080086,43.308737],[18.993773,43.257679],[18.842901,43.3485],[18.706126,43.259809],[18.623031,43.029459],[18.498219,42.995664],[18.456827,42.806381],[18.569921,42.719719],[18.555239,42.581669],[18.263071,42.606445],[17.846987,42.899685],[17.549368,42.923226],[17.684185,43.017108],[17.331303,43.273583],[17.256785,43.484216],[17.016374,43.570872],[16.219276,44.211688],[16.218651,44.347997],[16.025285,44.558267],[16.031851,44.652998],[15.73704,44.815821],[15.792938,44.842897],[15.766905,45.158628],[15.99094,45.223127],[16.306566,45.000722],[16.494325,45.211024],[16.843089,45.193777],[16.914838,45.264383],[17.187919,45.146446],[17.66015,45.133729],[17.844618,45.045276],[18.013932,45.151377],[18.191807,45.077319],[18.261196,45.139102],[18.5056,45.057623],[18.679609,45.091933],[18.871096,44.852634],[19.307885,44.905971],[19.355491,44.834608],[19.146414,44.526678],[19.113828,44.345248],[19.621649,44.023383],[19.488538,43.955516],[19.235769,43.992423]]],[[[19.423787,43.560273],[19.42436,43.546522],[19.398326,43.552715],[19.423787,43.560273]]]]}},{"type":"Feature","properties":{"tzid":"Europe/Saratov"},"geometry":{"type":"Polygon","coordinates":[[[42.847781,51.353313],[42.751565,51.48048],[42.576683,51.538075],[42.506977,51.67557],[42.712606,51.88562],[42.767203,52.155121],[43.13992,52.431032],[43.301677,52.434022],[43.367016,52.355833],[43.755439,52.427319],[44.299114,52.300121],[44.535063,52.423388],[44.532591,52.532596],[45.048695,52.311286],[45.12195,52.408375],[45.423516,52.387953],[45.62145,52.477667],[45.962098,52.397151],[46.004324,52.507903],[46.270291,52.655234],[46.573443,52.727264],[46.70232,52.635176],[47.188129,52.552673],[47.710599,52.575004],[47.778675,52.699879],[48.06203,52.675572],[48.028366,52.766772],[48.229131,52.808972],[48.383436,52.814898],[48.394414,52.66398],[48.692979,52.639536],[48.923149,52.407633],[48.960312,52.492514],[49.271454,52.484509],[49.507461,52.322906],[49.570031,52.395936],[49.660079,52.231022],[49.798082,52.172749],[50.223421,52.129312],[50.160395,52.02011],[50.649261,51.958687],[50.811456,51.669951],[50.70181,51.574615],[50.733129,51.614165],[50.585182,51.645835],[50.552185,51.469452],[50.372481,51.427768],[50.369465,51.337425],[50.267418,51.290489],[49.793671,51.119607],[49.392833,51.090067],[49.344728,50.993764],[49.4349,50.865815],[48.855356,50.611744],[48.570628,50.632365],[48.658258,50.581558],[48.881373,50.029969],[48.398992,49.8293],[48.26617,49.858244],[48.096031,50.099078],[47.615276,50.457428],[47.272176,50.379065],[47.125502,50.509568],[46.91242,50.489672],[46.727447,50.703931],[46.583388,50.712288],[46.425439,50.546797],[46.0666,50.526188],[46.093156,50.664868],[45.842266,50.756178],[45.715632,50.737716],[45.655754,50.576411],[45.201917,50.585566],[45.307145,50.887482],[45.055551,51.125358],[44.228199,51.198982],[44.190494,51.101051],[44.036466,51.072213],[43.92259,51.16172],[43.378237,51.005218],[42.880894,51.233025],[42.931765,51.252622],[42.847781,51.353313]],[[47.82906,52.611542],[47.829877,52.622877],[47.845327,52.613863],[47.82906,52.611542]]]}},{"type":"Feature","properties":{"tzid":"Europe/Simferopol"},"geometry":{"type":"Polygon","coordinates":[[[35.104876,45.776935],[35.23342,45.79173],[35.559718,45.504912],[35.80225,45.64531],[36.66845,45.626621],[36.663502,45.35994],[36.533835,45.175182],[36.586707,44.919322],[36.255842,44.821864],[35.619621,44.834338],[35.177407,44.597334],[34.716269,44.571663],[34.237515,44.232187],[33.716044,44.187982],[33.328443,44.318957],[33.11804,44.492887],[33.112639,44.658379],[33.242612,44.762009],[33.285368,44.927546],[32.833946,45.146619],[32.38003,45.16453],[32.205218,45.369051],[32.350255,45.616414],[32.754376,45.816684],[33.540719,46.012031],[33.670864,46.211794],[34.320021,46.068209],[34.473996,45.944817],[34.609223,45.992057],[34.793316,45.902073],[34.823732,45.804182],[35.104876,45.776935]]]}},{"type":"Feature","properties":{"tzid":"Europe/Skopje"},"geometry":{"type":"Polygon","coordinates":[[[22.928252,41.341309],[22.778499,41.326955],[22.713147,41.141106],[22.056348,41.148463],[21.578109,40.867899],[21.437328,40.916942],[20.979715,40.852478],[20.926258,40.922189],[20.779775,40.902529],[20.585418,41.124301],[20.507211,41.305895],[20.552293,41.396334],[20.457989,41.5116],[20.547208,41.611764],[20.562433,41.837101],[20.738714,41.890269],[20.778086,42.064596],[21.099161,42.202908],[21.304872,42.104987],[21.458893,42.276708],[21.704223,42.237018],[22.262883,42.366648],[22.569761,42.116348],[22.854773,42.024532],[23.029313,41.730908],[22.928252,41.341309]]]}},{"type":"Feature","properties":{"tzid":"Europe/Sofia"},"geometry":{"type":"Polygon","coordinates":[[[25.800453,43.733211],[26.212368,44.003454],[27.087324,44.145756],[27.754344,43.958389],[27.916809,44.008275],[27.99436,43.84291],[28.214883,43.765358],[28.827998,43.738622],[28.88678,43.525691],[28.659471,43.218897],[28.287819,43.184494],[28.16354,42.982932],[28.175948,42.69613],[28.073155,42.317393],[28.311362,41.996229],[27.52491,41.940957],[27.224257,42.098993],[26.646315,41.972863],[26.530679,41.823473],[26.37139,41.8212],[26.341936,41.726011],[26.101292,41.713575],[26.191763,41.447409],[26.134154,41.36204],[25.886983,41.30507],[25.560508,41.319173],[25.288025,41.235368],[24.922519,41.402311],[24.766328,41.36758],[24.499039,41.558662],[24.096396,41.54796],[24.062515,41.462919],[23.645448,41.379729],[22.938148,41.338528],[22.948122,41.631523],[23.020942,41.700806],[22.869507,41.999656],[22.546353,42.134984],[22.367311,42.308534],[22.543896,42.459439],[22.457126,42.565284],[22.446761,42.803178],[22.758157,42.901329],[22.997408,43.155844],[22.524681,43.491398],[22.370154,43.787905],[22.408676,43.987094],[22.596337,44.062223],[22.644811,44.206257],[23.036497,44.080777],[22.84174,43.884981],[22.98186,43.809284],[23.4525,43.847833],[24.182378,43.683554],[24.489362,43.760386],[25.419649,43.622072],[25.800453,43.733211]]]}},{"type":"Feature","properties":{"tzid":"Europe/Stockholm"},"geometry":{"type":"MultiPolygon","coordinates":[[[[11.760406,59.444488],[11.70822,59.616137],[11.93144,59.694351],[11.901336,59.872186],[12.341139,59.965672],[12.523435,60.151642],[12.501019,60.306799],[12.606614,60.492079],[12.224466,61.012536],[12.651684,61.052168],[12.870855,61.356496],[12.569326,61.568747],[12.41961,61.562981],[12.137666,61.723818],[12.299349,62.267459],[12.068811,62.593753],[12.074707,62.902566],[12.199482,63.021335],[11.998295,63.243108],[12.188627,63.45604],[12.158431,63.578036],[12.651646,63.949469],[12.926685,64.057936],[14.012247,64.050254],[14.157102,64.195093],[14.118577,64.435043],[13.683119,64.61395],[14.474552,65.294082],[14.625478,65.811807],[14.51629,66.132578],[15.035683,66.153557],[15.484732,66.282459],[15.386007,66.469137],[15.432193,66.513841],[16.390906,67.08407],[16.404086,67.205008],[16.08983,67.435278],[16.131388,67.486484],[16.443585,67.559041],[16.73812,67.91421],[17.252633,68.101579],[17.8998,67.969343],[18.13909,68.187198],[18.11774,68.489808],[18.226379,68.552731],[18.983818,68.516952],[19.921397,68.356014],[20.226654,68.490858],[19.937504,68.557942],[20.316337,68.782795],[20.309413,68.91313],[20.060047,69.045758],[20.76471,69.034105],[20.90699,68.972337],[20.900559,68.902168],[22.039526,68.481044],[22.34565,68.481772],[23.053726,68.30701],[23.144568,68.149761],[23.298992,68.149172],[23.653295,67.94953],[23.489409,67.846238],[23.557559,67.62157],[23.408104,67.501738],[23.72133,67.443268],[23.736491,67.299158],[23.552503,67.229719],[23.989362,66.809148],[23.896661,66.770799],[23.868519,66.573807],[23.649233,66.448444],[23.64562,66.30139],[23.897722,66.165084],[24.118402,65.894503],[24.132753,65.515374],[23.859185,65.356638],[23.08975,65.284457],[22.898589,65.120378],[22.451092,65.069586],[21.905544,64.890215],[21.849427,64.792066],[22.073642,64.413388],[21.890991,64.220341],[21.420343,63.975958],[21.469432,63.790239],[21.385948,63.651473],[20.692868,63.485182],[20.169074,63.1704],[19.428431,63.076095],[18.28798,62.417499],[17.76648,61.171095],[17.864927,60.972914],[18.210453,60.815523],[19.182193,60.610036],[19.102821,60.178237],[19.982351,59.511296],[19.797092,59.28242],[18.833914,58.803199],[17.600938,58.406494],[17.234694,57.825614],[17.287721,57.585668],[17.479902,57.413389],[17.509911,57.263779],[16.753689,56.102279],[15.785099,55.752595],[15.186386,55.896607],[14.634055,55.762983],[14.657895,55.57149],[14.150147,55.177426],[12.922975,55.14837],[12.640773,55.33667],[12.650921,55.453934],[12.89405,55.643583],[12.692399,55.858208],[12.623599,56.067366],[12.142074,56.373669],[12.266315,56.672698],[11.986068,56.985439],[11.684171,57.173061],[11.520856,57.453026],[11.198186,57.687452],[10.634504,58.542281],[10.638924,58.892276],[11.066517,58.977411],[11.153506,59.079257],[11.326242,59.111763],[11.497957,58.888911],[11.652003,58.906233],[11.825605,59.265377],[11.760406,59.444488]]],[[[19.724229,57.94036],[19.284014,57.567411],[19.354534,57.482507],[19.311879,57.335872],[18.493244,56.758082],[18.204819,56.70134],[17.886438,56.75463],[17.76979,56.86008],[17.764051,57.110043],[17.597318,57.238403],[17.764943,57.615414],[18.17598,57.950273],[18.942733,58.171553],[18.794643,58.381682],[18.960394,58.563128],[19.331868,58.587262],[19.647763,58.471409],[19.698378,58.33089],[19.545454,58.192232],[19.681451,58.103314],[19.724229,57.94036]]]]}},{"type":"Feature","properties":{"tzid":"Europe/Tallinn"},"geometry":{"type":"Polygon","coordinates":[[[27.815927,57.868567],[27.532253,57.806735],[27.347521,57.535646],[26.928783,57.630984],[26.546681,57.514668],[26.26775,57.607457],[26.010927,57.858193],[25.679638,57.904362],[25.314735,58.071033],[25.256263,57.993846],[25.212185,58.080787],[24.412195,57.864764],[23.601117,57.899167],[23.6485,57.7829],[23.582333,57.66955],[23.213258,57.587456],[22.7075,57.940833],[22.143333,57.779167],[21.718118,57.786394],[21.386666,58.351666],[21.452838,58.598635],[21.606666,58.688333],[21.665262,58.87448],[21.85,59.056666],[22.308333,59.245],[22.733333,59.291666],[23.191666,59.483333],[23.521666,59.481666],[24.481666,59.703333],[26.021666,59.815],[26.44,59.938333],[26.816683,59.662417],[27.3853,59.652433],[28.182748,59.403245],[28.114596,59.291068],[27.913685,59.247392],[27.746922,58.98942],[27.35704,58.787261],[27.534169,58.407499],[27.513626,58.20275],[27.621281,58.005189],[27.815927,57.868567]]]}},{"type":"Feature","properties":{"tzid":"Europe/Tirane"},"geometry":{"type":"Polygon","coordinates":[[[19.305715,40.060622],[19.005903,40.464047],[19.168281,41.146871],[19.124704,41.414422],[19.206313,41.679297],[19.372955,41.844366],[19.394162,42.092191],[19.280846,42.180405],[19.736569,42.649172],[19.802897,42.477903],[20.081874,42.553738],[20.255981,42.320855],[20.525984,42.204373],[20.624258,41.974334],[20.527906,41.569328],[20.453575,41.515526],[20.556912,41.416939],[20.497692,41.346733],[20.533192,41.200271],[20.731183,40.912653],[20.974935,40.90129],[21.05626,40.620941],[20.939968,40.464621],[20.804964,40.436185],[20.676458,40.123556],[20.312476,39.991249],[20.414446,39.815292],[20.172539,39.648853],[20.03219,39.701253],[19.989224,39.640394],[19.957011,39.827458],[19.651068,39.996964],[19.305715,40.060622]]]}},{"type":"Feature","properties":{"tzid":"Europe/Ulyanovsk"},"geometry":{"type":"MultiPolygon","coordinates":[[[[47.82906,52.611542],[47.829877,52.622877],[47.845327,52.613863],[47.82906,52.611542]]],[[[49.2482,53.836763],[48.995609,53.874945],[48.994849,53.715323],[48.482827,53.768487],[48.516369,53.677585],[48.370593,53.643411],[48.442813,53.563002],[48.367864,53.498429],[48.075051,53.474702],[47.957667,53.381542],[48.142666,53.246232],[48.189996,53.141617],[48.127479,53.055828],[48.224549,53.004747],[48.327409,53.069367],[48.354622,52.969514],[48.586071,52.871643],[48.017933,52.765502],[48.092152,52.732734],[47.962479,52.654679],[47.842632,52.734729],[47.730144,52.574499],[47.206575,52.547507],[46.796969,52.641703],[46.980844,52.817224],[46.896489,52.883287],[46.973593,53.119696],[46.876523,53.166868],[46.908163,53.362605],[46.449051,53.513829],[46.455764,53.634824],[46.17272,53.796735],[46.174754,53.917275],[45.947012,54.027264],[45.799514,53.983963],[45.958008,54.149041],[46.672681,54.302335],[46.725658,54.391506],[46.493256,54.462441],[46.593046,54.484629],[46.493349,54.474521],[46.447814,54.574227],[46.526577,54.628942],[46.483347,54.759612],[46.863062,54.643625],[47.32818,54.669233],[47.424562,54.498545],[47.436879,54.555312],[47.594611,54.54018],[47.766265,54.73299],[47.816598,54.641691],[47.921763,54.638261],[47.903466,54.696397],[48.08097,54.713872],[48.069622,54.763731],[48.509402,54.625187],[48.881741,54.625206],[48.88178,54.79602],[49.115912,54.79766],[49.283638,54.888934],[49.477576,54.771237],[49.552463,54.57372],[50.092459,54.5066],[50.242466,54.28392],[50.182703,54.023475],[49.931196,53.905269],[50.035857,53.819146],[49.816593,53.889757],[49.61862,53.816536],[49.2482,53.836763]]]]}},{"type":"Feature","properties":{"tzid":"Europe/Vaduz"},"geometry":{"type":"Polygon","coordinates":[[[9.510333,47.231801],[9.635004,47.128086],[9.57848,47.053177],[9.521042,47.061036],[9.510333,47.231801]]]}},{"type":"Feature","properties":{"tzid":"Europe/Vatican"},"geometry":{"type":"Polygon","coordinates":[[[12.457558,41.903332],[12.448775,41.900999],[12.454923,41.907263],[12.457558,41.903332]]]}},{"type":"Feature","properties":{"tzid":"Europe/Vienna"},"geometry":{"type":"MultiPolygon","coordinates":[[[[10.45444,47.555796],[10.888805,47.537036],[10.970477,47.401325],[11.249621,47.398445],[11.630633,47.580386],[12.187871,47.604843],[12.162832,47.699144],[12.255681,47.742761],[12.241261,47.694377],[12.513396,47.625779],[12.749486,47.672156],[12.816356,47.545422],[13.00048,47.4648],[13.076889,47.672831],[12.944643,47.711817],[13.002969,47.842105],[12.750715,48.099133],[12.864741,48.197102],[13.40319,48.369941],[13.437839,48.557442],[13.724085,48.513864],[13.872008,48.76826],[14.098681,48.591468],[14.345755,48.560291],[14.459684,48.644218],[14.690328,48.585059],[14.821066,48.782103],[14.969951,48.766869],[14.991248,49.010199],[15.830784,48.871931],[16.099834,48.745896],[16.532788,48.80767],[16.915466,48.701302],[16.944306,48.556493],[16.850377,48.389799],[17.119506,48.02652],[17.040034,47.866825],[17.081921,47.717211],[16.749028,47.68143],[16.622631,47.75719],[16.443129,47.673922],[16.693903,47.551604],[16.661182,47.45697],[16.454248,47.363144],[16.503342,47.007346],[16.304212,46.998287],[16.001947,46.831396],[16.03052,46.699615],[15.679989,46.705861],[15.507639,46.615884],[15.066315,46.651497],[14.886425,46.612732],[14.586153,46.393846],[12.438553,46.690444],[12.147603,46.912725],[12.192508,47.090096],[11.759266,46.972667],[11.182855,46.966162],[11.033434,46.784608],[10.887675,46.763252],[10.692225,46.865847],[10.497172,46.848536],[10.395037,46.998355],[10.141756,46.848419],[9.906153,46.925829],[9.871052,47.012846],[9.628378,47.051645],[9.539522,47.261352],[9.650442,47.420434],[9.550566,47.537176],[9.800725,47.595708],[9.963615,47.534693],[10.097141,47.360974],[10.191969,47.389392],[10.236658,47.27202],[10.438129,47.413211],[10.45444,47.555796]]],[[[10.45444,47.555796],[10.432972,47.570144],[10.481653,47.584481],[10.45444,47.555796]]]]}},{"type":"Feature","properties":{"tzid":"Europe/Vilnius"},"geometry":{"type":"Polygon","coordinates":[[[26.699417,55.169057],[26.240852,55.112157],[26.193534,54.993206],[25.895588,54.93473],[25.738858,54.807113],[25.758064,54.600894],[25.557572,54.349252],[25.774552,54.237519],[25.734597,54.156975],[25.530292,54.158506],[25.567405,54.251145],[25.41989,54.288871],[25.091995,54.146788],[24.849241,54.147999],[24.857239,54.03559],[24.717207,53.965637],[24.602737,53.998743],[24.372162,53.900855],[23.917708,53.968542],[23.800799,53.902459],[23.511427,53.962774],[23.482451,54.153457],[23.353361,54.240628],[22.9791,54.389789],[22.775894,54.377826],[22.705044,54.602298],[22.865597,54.849616],[22.555281,55.066832],[22.053281,55.031476],[21.500201,55.187345],[21.38587,55.292692],[21.098362,55.256388],[20.655717,55.384217],[20.7538,55.6357],[20.68935,55.915567],[20.709717,56.045417],[21.172721,56.081013],[21.493619,56.291632],[22.01831,56.423991],[22.66028,56.362159],[22.946676,56.414648],[23.11518,56.308061],[23.196595,56.368994],[23.780611,56.36771],[24.14253,56.251976],[24.555043,56.287092],[24.912446,56.442141],[25.116078,56.185009],[25.673123,56.149367],[26.281915,55.761148],[26.624049,55.680924],[26.524219,55.509923],[26.559356,55.411089],[26.46325,55.354131],[26.807177,55.317363],[26.699417,55.169057]]]}},{"type":"Feature","properties":{"tzid":"Europe/Volgograd"},"geometry":{"type":"Polygon","coordinates":[[[46.794604,49.335194],[47.051343,49.165588],[46.97204,49.027344],[46.791711,48.951947],[46.622036,48.667749],[46.038354,48.863566],[45.623525,48.611876],[45.22951,48.555894],[45.417571,48.492555],[45.365577,48.46626],[45.078599,48.465865],[44.914536,48.225907],[44.925662,48.120248],[44.820018,48.05708],[44.541061,48.050487],[44.544157,48.188073],[44.326409,48.238797],[44.325132,48.041328],[44.424115,48.024722],[44.359057,47.85165],[44.073976,47.892208],[43.972712,47.774501],[43.755919,47.731915],[43.666653,47.451107],[43.194611,47.456157],[43.090105,47.553641],[42.94462,47.506653],[42.525202,48.018645],[42.035401,48.025181],[42.12905,48.140898],[42.088673,48.233794],[42.174796,48.276308],[42.085691,48.415706],[42.694124,48.587308],[42.74784,48.824332],[42.639538,48.958156],[42.399795,49.006335],[42.339804,49.139264],[42.064331,49.126314],[42.041961,49.391052],[42.167569,49.704099],[41.863578,49.911611],[41.576483,49.9924],[41.382154,50.22721],[41.511978,50.38529],[41.430081,50.488803],[41.539097,50.574382],[41.185689,50.771921],[41.74067,51.004221],[41.928097,51.194125],[42.536618,51.144148],[42.85534,51.244728],[43.358549,50.998713],[43.932496,51.157105],[44.169626,51.096621],[44.210865,51.18176],[44.499665,51.205358],[44.569157,51.125033],[44.643812,51.178294],[45.044514,51.132693],[45.308033,50.896651],[45.193355,50.585199],[45.678829,50.575849],[45.715632,50.737716],[45.821439,50.756718],[46.093156,50.664868],[46.06719,50.531507],[46.278413,50.527697],[46.494432,50.552258],[46.467232,50.6232],[46.679968,50.689326],[46.812907,50.644461],[46.91242,50.489672],[47.205614,50.509221],[47.235016,50.371156],[47.408105,50.377383],[47.292017,50.28368],[47.353547,50.094342],[47.159926,49.928618],[46.902555,49.863781],[46.794604,49.335194]]]}},{"type":"Feature","properties":{"tzid":"Europe/Warsaw"},"geometry":{"type":"Polygon","coordinates":[[[18.804584,49.678875],[18.660156,49.710911],[18.5443,49.926051],[18.308678,49.920781],[18.060319,50.059124],[17.852484,49.982141],[17.609482,50.143229],[17.742884,50.202303],[17.707691,50.323842],[17.423421,50.272654],[16.912459,50.446944],[17.017001,50.238896],[16.661618,50.107694],[16.234932,50.413699],[16.410582,50.553432],[16.344515,50.656666],[16.031906,50.605728],[15.817889,50.752856],[15.37804,50.778051],[15.169436,51.019888],[14.985416,51.010841],[15.001474,50.876225],[14.853788,50.868742],[15.037161,51.276376],[14.95967,51.455214],[14.729431,51.547383],[14.755445,51.643927],[14.590886,51.819927],[14.756702,52.060161],[14.682094,52.130461],[14.712867,52.228178],[14.54116,52.38656],[14.635064,52.497412],[14.610443,52.592587],[14.162529,52.822858],[14.166288,52.96856],[14.348058,53.054228],[14.444709,53.273542],[14.192378,53.91209],[14.168019,54.2388],[14.069639,54.277642],[14.078292,54.441131],[14.237458,54.125778],[15.939856,54.452017],[16.333467,54.707514],[17.142644,54.922483],[18.351975,55.034545],[18.932661,54.844814],[19.697285,54.449868],[21.48545,54.322547],[22.867566,54.408459],[23.47022,54.164116],[23.628563,53.592064],[23.915155,53.162283],[23.938906,52.753992],[23.75367,52.614051],[23.466628,52.549448],[23.194598,52.303808],[23.241384,52.219453],[23.602302,52.11516],[23.688063,51.994619],[23.54258,51.60701],[23.702774,51.419894],[23.648373,51.288094],[24.104197,50.876338],[23.96909,50.776952],[24.092891,50.584799],[24.01036,50.436914],[23.727029,50.388001],[22.706582,49.593287],[22.651222,49.508382],[22.736413,49.388493],[22.717737,49.186769],[22.885715,49.021372],[22.268794,49.146132],[22.03488,49.222477],[21.965939,49.344474],[21.599858,49.435987],[21.119384,49.433855],[20.915819,49.304851],[20.708176,49.418692],[20.370811,49.407138],[20.043831,49.192862],[19.759777,49.211287],[19.789147,49.402304],[19.63988,49.41114],[19.529605,49.570524],[19.431836,49.595681],[19.158178,49.405943],[19.011064,49.395094],[18.804584,49.678875]]]}},{"type":"Feature","properties":{"tzid":"Europe/Zagreb"},"geometry":{"type":"MultiPolygon","coordinates":[[[[15.306421,45.691233],[15.302995,45.689139],[15.30151,45.689778],[15.306421,45.691233]]],[[[15.300207,45.692517],[15.303968,45.696516],[15.305414,45.693427],[15.300207,45.692517]]],[[[18.923426,45.549774],[19.06387,45.531217],[18.99356,45.484421],[19.012341,45.358141],[19.433347,45.211222],[19.189613,45.200984],[19.09239,45.091436],[19.115468,44.934073],[18.963216,44.850023],[18.76888,44.901795],[18.796004,44.987867],[18.574283,45.095207],[17.976352,45.133501],[17.858284,45.044254],[17.673515,45.132729],[17.151221,45.158762],[16.931118,45.2764],[16.820853,45.185201],[16.522524,45.22434],[16.33167,45.000194],[16.015594,45.21621],[15.776727,45.175688],[15.788568,44.849947],[15.728931,44.825337],[16.04832,44.624709],[16.198098,44.361079],[16.179,44.213521],[17.030268,43.56376],[17.269474,43.478868],[17.329422,43.280419],[17.705345,42.979427],[17.559435,42.93582],[17.600522,42.903331],[17.840363,42.904177],[18.102936,42.687221],[18.433182,42.565606],[18.539841,42.392387],[18.419578,42.2096],[17.866288,42.454535],[17.296624,42.567353],[16.513016,42.54929],[16.610227,42.344975],[16.501469,42.218279],[16.346986,42.176599],[16.067528,42.243817],[15.990659,42.339289],[16.02449,42.49652],[16.308158,42.588756],[16.226536,42.79778],[16.00342,42.752806],[15.594991,42.836917],[15.292635,42.932687],[15.187761,43.066565],[15.244604,43.216145],[15.381528,43.284352],[15.899139,43.224817],[15.856048,43.30241],[15.062616,43.659662],[14.402093,44.186665],[13.70103,44.598682],[13.352088,44.963993],[13.210481,45.453057],[13.467977,45.588385],[13.671294,45.445483],[13.863009,45.42708],[14.010284,45.519786],[14.338051,45.479192],[14.566946,45.654471],[14.826725,45.461009],[14.966341,45.510373],[15.147807,45.430528],[15.344797,45.456332],[15.293136,45.589764],[15.364134,45.694933],[15.304518,45.754942],[15.679238,45.841862],[15.656721,46.219019],[16.056777,46.390574],[16.304403,46.384718],[16.258276,46.471898],[16.375115,46.552665],[16.837398,46.374085],[17.372431,45.991182],[17.341109,45.951217],[17.551644,45.936292],[17.854842,45.773366],[18.435576,45.738699],[18.688535,45.916235],[18.872785,45.915866],[18.874227,45.784381],[18.970235,45.721622],[18.923426,45.549774]]]]}},{"type":"Feature","properties":{"tzid":"Europe/Zurich"},"geometry":{"type":"Polygon","coordinates":[[[9.181817,47.655957],[9.642179,47.456067],[9.479056,47.068538],[9.872621,47.021444],[9.899726,46.927965],[10.136483,46.847573],[10.364444,46.99116],[10.454258,46.952758],[10.384781,46.687269],[10.474412,46.551497],[10.1934,46.623143],[10.042372,46.510125],[10.161999,46.387692],[10.13502,46.226374],[9.90638,46.38076],[9.573921,46.298283],[9.462656,46.49802],[9.32052,46.504911],[9.248138,46.440774],[9.283405,46.306112],[8.995817,45.972857],[9.067222,45.913463],[9.029732,45.820896],[8.930784,45.835636],[8.826355,46.089478],[8.465911,46.241362],[8.42112,46.460978],[8.092513,46.26912],[8.148252,46.139764],[7.849905,45.920466],[7.562206,45.985736],[7.101549,45.859176],[6.795767,46.142669],[6.862416,46.277899],[6.681878,46.454337],[6.335208,46.403722],[6.219565,46.311884],[6.268678,46.213514],[5.987095,46.14259],[6.160929,46.378178],[6.065096,46.415825],[6.115969,46.572817],[6.438244,46.761596],[6.470216,46.95412],[6.703559,47.042382],[7.032996,47.32775],[6.89863,47.358213],[7.036643,47.499195],[7.269678,47.427034],[7.687022,47.598698],[7.693952,47.532479],[8.202498,47.620691],[8.449976,47.570914],[8.605295,47.652061],[8.415019,47.666154],[8.430633,47.714124],[8.606386,47.802473],[8.771042,47.683203],[9.181817,47.655957]],[[8.975632,45.961632],[8.958544,45.964816],[8.964882,45.979821],[8.975632,45.961632]],[[8.664621,47.713382],[8.714114,47.695628],[8.663416,47.685785],[8.664621,47.713382]]]}},{"type":"Feature","properties":{"tzid":"Indian/Antananarivo"},"geometry":{"type":"Polygon","coordinates":[[[48.565992,-21.260851],[48.1006,-22.54881],[47.795089,-23.861796],[47.27065,-25.126782],[46.819071,-25.361037],[45.541326,-25.782767],[45.081229,-25.778388],[44.045514,-25.360075],[43.452306,-24.374618],[43.417424,-23.414998],[43.154373,-22.902727],[42.968894,-22.065279],[43.057498,-21.704344],[43.558498,-20.744595],[43.931184,-20.374709],[44.147711,-19.78492],[44.014464,-18.951761],[43.62471,-18.611251],[43.539745,-18.31583],[43.557412,-17.496005],[43.776603,-16.251761],[43.887935,-16.147413],[46.358594,-15.340733],[47.399156,-14.425158],[47.653916,-13.485972],[48.45951,-12.67103],[48.497496,-12.133494],[49.248462,-11.732889],[49.389135,-11.787073],[50.042676,-12.734154],[50.672631,-15.272993],[50.419641,-16.08708],[50.115336,-16.304494],[50.237524,-16.736669],[49.72109,-17.771291],[49.630054,-18.221663],[49.22315,-19.222617],[48.565992,-21.260851]]]}},{"type":"Feature","properties":{"tzid":"Indian/Chagos"},"geometry":{"type":"MultiPolygon","coordinates":[[[[71.682931,-5.307285],[71.77036,-5.197222],[71.964158,-5.188842],[72.020865,-5.37649],[71.789526,-5.513367],[71.682931,-5.307285]]],[[[72.154874,-5.373935],[72.229288,-5.255543],[72.312866,-5.294079],[72.297573,-5.383929],[72.154874,-5.373935]]],[[[72.310975,-5.733207],[72.303556,-5.630427],[72.372665,-5.688051],[72.310975,-5.733207]]],[[[71.486739,-6.087902],[71.573428,-6.130612],[71.568483,-6.218769],[71.47716,-6.189398],[71.486739,-6.087902]]],[[[71.275736,-6.170178],[71.393898,-6.163777],[71.312481,-6.28529],[71.242191,-6.231632],[71.275736,-6.170178]]],[[[71.188388,-6.372459],[71.268553,-6.337675],[71.277803,-6.430192],[71.188388,-6.372459]]],[[[71.413409,-6.635277],[71.38593,-6.744714],[71.263532,-6.664698],[71.316768,-6.590198],[71.413409,-6.635277]]],[[[72.3464,-7.327312],[72.310848,-7.244063],[72.439628,-7.178607],[72.543132,-7.384899],[72.392511,-7.481697],[72.3464,-7.327312]]]]}},{"type":"Feature","properties":{"tzid":"Indian/Christmas"},"geometry":{"type":"Polygon","coordinates":[[[105.428069,-10.282125],[105.683908,-10.212031],[105.869091,-10.298773],[105.909741,-10.515993],[105.810989,-10.709286],[105.601434,-10.76566],[105.400704,-10.665144],[105.330359,-10.519272],[105.428069,-10.282125]]]}},{"type":"Feature","properties":{"tzid":"Indian/Cocos"},"geometry":{"type":"Polygon","coordinates":[[[97.012354,-11.736236],[97.122936,-12.250397],[96.975147,-12.397432],[96.759301,-12.391669],[96.620365,-12.236585],[96.623111,-11.77066],[96.776252,-11.626714],[97.012354,-11.736236]]]}},{"type":"Feature","properties":{"tzid":"Indian/Comoro"},"geometry":{"type":"Polygon","coordinates":[[[44.548019,-12.814215],[44.437457,-12.985437],[43.56968,-12.588205],[42.883612,-11.94332],[42.83441,-11.747181],[43.168815,-11.213962],[43.478844,-11.187929],[44.962662,-12.189332],[44.548019,-12.814215]]]}},{"type":"Feature","properties":{"tzid":"Indian/Kerguelen"},"geometry":{"type":"MultiPolygon","coordinates":[[[[52.5,-46.263386],[52.60343,-46.502665],[52.320041,-46.674777],[51.617083,-46.654663],[51.352218,-46.397446],[51.411259,-46.252188],[51.676715,-46.145347],[52.5,-46.263386]]],[[[50.134775,-45.867926],[50.441846,-45.737417],[50.698237,-45.843813],[50.733586,-45.998843],[50.55911,-46.197433],[50.714657,-46.42017],[50.63422,-46.565253],[50.367531,-46.626973],[50.131532,-46.508321],[50.107658,-46.346911],[49.92838,-46.214339],[49.879527,-46.070554],[50.134775,-45.867926]]],[[[68.130912,-49.758426],[68.347611,-49.820305],[68.420618,-50.014026],[68.222514,-50.146313],[67.899516,-50.095215],[67.814061,-49.953228],[67.8592,-49.854191],[68.130912,-49.758426]]],[[[68.459875,-49.173773],[68.490793,-48.923279],[68.307679,-48.685031],[68.316694,-48.572851],[68.584826,-48.313257],[68.846908,-48.254115],[69.189959,-48.487836],[69.653829,-48.493892],[69.994668,-48.778279],[70.696955,-48.933211],[70.815285,-49.044705],[70.860583,-49.262451],[70.785256,-49.572819],[70.433528,-49.849042],[69.80769,-49.918307],[69.753363,-50.065495],[69.529781,-50.147982],[69.299622,-50.103476],[69.129362,-49.912694],[69.142424,-50.109387],[68.842934,-50.218402],[68.591766,-50.129072],[68.446516,-49.749186],[68.123618,-49.564301],[68.162028,-49.406735],[68.459875,-49.173773]]],[[[77.250679,-38.736638],[77.300108,-38.585752],[77.493188,-38.502571],[77.698145,-38.559694],[77.803627,-38.740584],[77.725157,-38.879802],[77.512296,-38.938379],[77.317263,-38.866301],[77.250679,-38.736638]]],[[[77.265347,-37.876733],[77.340294,-37.667738],[77.549643,-37.592427],[77.752522,-37.653082],[77.849165,-37.838401],[77.790603,-37.984653],[77.590936,-38.079101],[77.379569,-38.030007],[77.265347,-37.876733]]]]}},{"type":"Feature","properties":{"tzid":"Indian/Mahe"},"geometry":{"type":"MultiPolygon","coordinates":[[[[50.651631,-9.13886],[51.089165,-9.012399],[51.294898,-9.23808],[51.390782,-10.183827],[51.158901,-10.444945],[50.955795,-10.430836],[50.8395,-10.265395],[50.53047,-9.403244],[50.536298,-9.24878],[50.651631,-9.13886]]],[[[55.200135,-3.927],[55.059506,-3.867],[55.001744,-3.721],[55.056966,-3.576],[55.202547,-3.512],[55.348681,-3.571],[55.41087,-3.712],[55.356834,-3.858],[55.200135,-3.927]]],[[[56.096628,-4.448776],[56.153431,-4.585256],[56.108302,-4.717087],[55.552513,-5.006035],[55.211433,-4.797299],[55.006959,-4.451012],[55.139303,-4.208719],[55.620555,-4.013669],[55.45903,-3.79942],[55.632335,-3.600643],[55.839612,-3.687428],[55.858119,-3.8878],[55.708428,-4.013552],[56.070631,-4.199264],[56.096628,-4.448776]]],[[[53.504124,-5.848036],[53.420838,-5.953186],[53.216935,-5.965115],[53.348471,-6.193712],[53.292248,-6.323743],[53.124949,-6.421837],[52.912761,-6.393413],[52.635537,-6.133576],[52.689653,-5.946964],[53.027989,-5.640372],[53.164227,-5.259045],[53.111078,-5.079332],[53.196205,-4.799714],[53.348527,-4.67482],[53.578921,-4.80681],[53.479464,-5.263648],[53.557902,-5.511636],[53.774875,-5.492714],[53.898125,-5.663177],[53.756364,-5.880267],[53.504124,-5.848036]]],[[[46.725352,-9.420695],[46.695115,-9.842125],[46.461594,-9.953879],[46.082478,-9.622439],[45.998876,-9.401015],[46.089554,-9.215144],[46.39206,-9.163423],[46.642094,-9.236672],[46.725352,-9.420695]]],[[[52.52183,-6.974403],[52.645759,-6.808149],[52.901501,-6.86439],[52.95077,-7.249009],[52.786446,-7.367062],[52.646256,-7.351226],[52.54865,-7.256103],[52.52183,-6.974403]]],[[[56.077679,-7.07559],[56.19538,-6.917308],[56.338527,-6.896654],[56.484979,-7.023397],[56.48451,-7.194493],[56.376629,-7.349077],[56.178922,-7.391722],[56.039588,-7.241859],[56.077679,-7.07559]]],[[[47.818274,-9.590442],[47.953545,-10.151825],[47.856241,-10.274921],[47.712802,-10.304668],[47.576851,-10.229275],[47.30072,-9.728335],[47.338002,-9.597927],[47.522311,-9.461991],[47.818274,-9.590442]]],[[[55.223328,-5.678167],[55.397846,-5.613717],[55.517746,-5.675661],[55.592162,-5.876639],[55.503161,-6.044585],[55.363103,-6.07971],[55.201052,-5.978185],[55.148218,-5.850792],[55.223328,-5.678167]]]]}},{"type":"Feature","properties":{"tzid":"Indian/Maldives"},"geometry":{"type":"Polygon","coordinates":[[[73.475609,6.791816],[73.853299,5.416324],[73.970096,3.467067],[73.785939,2.12058],[73.760562,0.235343],[73.612012,-0.414925],[73.352737,-0.811367],[73.174552,-0.90694],[72.966451,-0.809039],[72.876777,-0.60742],[72.685973,2.396273],[72.499221,3.597394],[72.535412,4.239526],[72.355419,6.218279],[72.602704,7.120964],[72.726498,7.26432],[72.897208,7.310624],[73.296438,7.15135],[73.475609,6.791816]]]}},{"type":"Feature","properties":{"tzid":"Indian/Mauritius"},"geometry":{"type":"MultiPolygon","coordinates":[[[[59.263584,-16.792181],[59.401627,-16.144865],[59.524614,-16.045356],[59.682612,-16.053553],[59.920103,-16.461476],[59.870066,-16.775984],[59.686882,-16.974084],[59.479049,-17.035368],[59.328763,-16.975458],[59.263584,-16.792181]]],[[[56.383804,-10.32096],[56.503214,-10.153802],[56.666113,-10.149947],[56.886916,-10.380282],[56.879282,-10.585092],[56.756247,-10.684978],[56.59319,-10.671141],[56.383804,-10.32096]]],[[[63.078252,-19.720707],[63.159827,-19.520692],[63.360224,-19.452708],[63.620608,-19.516858],[63.715814,-19.692609],[63.56806,-19.974922],[63.353625,-20.035624],[63.155944,-19.943146],[63.078252,-19.720707]]],[[[57.145247,-20.292386],[57.530838,-19.700806],[57.794101,-19.615332],[57.980884,-19.699905],[58.031999,-20.372828],[57.863011,-20.604071],[57.562765,-20.724548],[57.236892,-20.671985],[57.09295,-20.511489],[57.145247,-20.292386]]]]}},{"type":"Feature","properties":{"tzid":"Indian/Mayotte"},"geometry":{"type":"Polygon","coordinates":[[[45.0599,-12.38],[45.314879,-12.480122],[45.50601,-12.763235],[45.395022,-13.150354],[45.18341,-13.268978],[44.862172,-13.156406],[44.745992,-12.879881],[44.78654,-12.532937],[45.0599,-12.38]]]}},{"type":"Feature","properties":{"tzid":"Indian/Reunion"},"geometry":{"type":"Polygon","coordinates":[[[55.927516,-20.967375],[56.044366,-21.13447],[56.007821,-21.407898],[55.903184,-21.527627],[55.702233,-21.583628],[55.192215,-21.42849],[55.005417,-21.091602],[55.122972,-20.793944],[55.366462,-20.680291],[55.78516,-20.759381],[55.927516,-20.967375]]]}},{"type":"Feature","properties":{"tzid":"Pacific/Apia"},"geometry":{"type":"Polygon","coordinates":[[[-171.475009,-14.26607],[-172.006702,-14.185271],[-172.313549,-13.992712],[-172.659596,-13.963537],[-172.979013,-13.621023],[-172.983516,-13.418124],[-172.843138,-13.300218],[-172.222686,-13.272786],[-171.983748,-13.592083],[-171.533803,-13.681499],[-171.244549,-13.879069],[-171.239588,-14.194698],[-171.475009,-14.26607]]]}},{"type":"Feature","properties":{"tzid":"Pacific/Auckland"},"geometry":{"type":"MultiPolygon","coordinates":[[[[-178.989848,-31.21188],[-178.697541,-31.184628],[-178.59882,-31.296959],[-178.617108,-31.450414],[-178.740571,-31.543558],[-178.945171,-31.527835],[-179.058793,-31.365608],[-178.989848,-31.21188]]],[[[-178.671047,-30.236361],[-178.612323,-30.095784],[-178.477136,-30.028462],[-178.206381,-30.140272],[-178.191025,-30.293527],[-178.342568,-30.427399],[-178.345472,-30.631817],[-178.461245,-30.728259],[-178.663892,-30.722375],[-178.78115,-30.620519],[-178.671047,-30.236361]]],[[[-177.847791,-29.487789],[-178.046564,-29.481476],[-178.164742,-29.384178],[-178.200091,-29.18204],[-178.099821,-29.069924],[-177.79737,-29.040477],[-177.643409,-29.170162],[-177.664159,-29.368854],[-177.847791,-29.487789]]],[[[172.346642,-34.285714],[171.954457,-34.378431],[171.827793,-34.294696],[171.793029,-34.146419],[171.92796,-33.998899],[172.235194,-33.937612],[172.394311,-34.061074],[172.346642,-34.285714]]],[[[166.203909,-48.010248],[166.451331,-47.836296],[166.656651,-47.812029],[166.846246,-47.893036],[166.925052,-48.074516],[166.787182,-48.21494],[166.427925,-48.261137],[166.238562,-48.173121],[166.203909,-48.010248]]],[[[168.942419,-52.786729],[168.675336,-52.62552],[168.659761,-52.525863],[168.759438,-52.409484],[169.097615,-52.268586],[169.365016,-52.285002],[169.537976,-52.39726],[169.588368,-52.593098],[169.442215,-52.741408],[169.192729,-52.81741],[168.942419,-52.786729]]],[[[166.524664,-50.339819],[166.672698,-50.598435],[166.531832,-50.744571],[166.547905,-50.896074],[166.447203,-51.013861],[165.993024,-51.122636],[165.74417,-51.05589],[165.591407,-50.919446],[165.573076,-50.720868],[165.807937,-50.402433],[166.262521,-50.286976],[166.524664,-50.339819]]],[[[179.253301,-47.920344],[178.888611,-47.940162],[178.754953,-47.863235],[178.710425,-47.722641],[178.901969,-47.562926],[179.2154,-47.586619],[179.359447,-47.72655],[179.253301,-47.920344]]],[[[178.940473,-49.88673],[178.536946,-49.866638],[178.425155,-49.755974],[178.426794,-49.60451],[178.693387,-49.453226],[178.996992,-49.475877],[179.128147,-49.67642],[178.940473,-49.88673]]],[[[173.967283,-36.610444],[172.826887,-35.266374],[172.885003,-35.027891],[172.395068,-34.49802],[172.55601,-34.247876],[173.133459,-34.215482],[173.285958,-34.349133],[173.246893,-34.545992],[173.503557,-34.59362],[173.694929,-34.742156],[174.063429,-34.789707],[174.208239,-34.926444],[174.503029,-35.013556],[174.607936,-35.244152],[174.903852,-35.297374],[174.993446,-35.478595],[174.928476,-35.722548],[175.233725,-35.72309],[175.711368,-35.998401],[175.759385,-36.191945],[176.159089,-36.498925],[176.200395,-36.743865],[176.346359,-36.886579],[176.332116,-37.037779],[176.80203,-37.601862],[176.904928,-37.615706],[176.890057,-37.41383],[177.101616,-37.277212],[177.298589,-37.325221],[177.441328,-37.470264],[177.38415,-37.659801],[177.19506,-37.736493],[177.271058,-37.789996],[177.568475,-37.520898],[177.93352,-37.336636],[178.401023,-37.366757],[178.776799,-37.556131],[178.835846,-37.696829],[178.64396,-38.001981],[178.535261,-38.608926],[178.172941,-38.898142],[178.262006,-39.124957],[178.173594,-39.367832],[177.843542,-39.507452],[177.656493,-39.426826],[177.556344,-39.255736],[177.303297,-39.306775],[177.355509,-39.666188],[177.108067,-40.222793],[176.917821,-40.399533],[176.85286,-40.590844],[176.530819,-40.843948],[176.282578,-41.290818],[176.007886,-41.524434],[175.283749,-41.815006],[174.429417,-41.457354],[174.563901,-41.703622],[174.526518,-41.84981],[173.932643,-42.550283],[173.716012,-42.696555],[173.454787,-43.082795],[172.999592,-43.308894],[172.987838,-43.408596],[173.379102,-43.65113],[173.338245,-43.939167],[173.013522,-44.096076],[172.406363,-44.056884],[171.544498,-44.426],[171.453865,-44.605073],[171.429908,-44.965872],[171.164805,-45.282368],[171.005132,-45.642837],[171.034024,-45.896087],[170.945456,-46.01856],[170.491807,-46.138655],[170.064504,-46.566577],[169.740506,-46.747691],[168.85921,-46.869873],[168.586124,-47.005384],[168.521807,-47.199646],[168.232038,-47.323276],[167.988012,-47.690131],[167.675011,-47.697717],[167.527577,-47.507976],[167.134263,-47.381578],[167.038823,-47.166904],[167.363498,-46.936076],[167.313971,-46.690452],[167.523136,-46.539546],[167.186298,-46.465717],[167.190556,-46.620141],[167.092953,-46.733741],[166.885533,-46.78184],[166.684599,-46.729433],[166.56989,-46.566181],[166.648584,-46.432925],[166.260993,-46.190611],[166.138599,-45.907198],[166.173805,-45.651885],[166.915404,-44.861452],[167.509946,-44.459813],[168.169022,-43.863132],[169.490053,-43.391205],[170.06984,-42.964199],[170.636434,-42.710128],[170.922682,-42.409432],[171.255402,-41.603617],[171.604118,-41.523282],[171.806012,-41.29475],[171.896368,-40.755952],[172.490103,-40.344111],[172.789592,-40.29986],[173.148146,-40.367755],[173.310332,-40.49519],[173.322395,-40.775278],[173.456231,-40.879318],[173.619373,-40.631078],[173.948997,-40.464546],[174.156145,-40.500243],[174.370515,-40.782213],[174.599797,-40.893353],[174.663378,-40.750361],[174.912925,-40.58137],[174.964653,-40.329715],[174.879863,-40.148757],[173.746722,-39.678502],[173.501466,-39.356715],[173.627304,-39.037592],[173.894191,-38.867917],[174.333861,-38.74107],[174.448011,-38.249949],[174.319145,-37.930743],[174.551957,-37.740339],[174.165264,-36.861179],[173.967283,-36.610444]]]]}},{"type":"Feature","properties":{"tzid":"Pacific/Bougainville"},"geometry":{"type":"MultiPolygon","coordinates":[[[[156.954491,-4.492687],[157.143423,-4.563513],[157.238548,-4.740876],[157.204177,-4.88824],[157.032326,-4.996379],[156.831698,-4.965907],[156.71912,-4.797386],[156.789031,-4.558043],[156.954491,-4.492687]]],[[[159.326042,-4.237845],[159.520504,-4.287582],[159.675192,-4.487218],[159.662557,-4.685265],[159.492544,-4.801985],[159.232562,-4.757499],[159.127798,-4.647333],[159.165389,-4.344054],[159.326042,-4.237845]]],[[[154,-5.274167],[154,-3.004818],[154.457094,-2.906063],[154.866124,-3.196956],[155.24627,-4.476708],[155.492752,-4.490525],[155.650065,-4.681895],[155.622185,-4.959762],[155.439419,-5.062308],[155.684527,-5.949281],[155.979793,-6.148682],[156.173224,-6.432044],[156.035833,-6.55],[155.923056,-6.847222],[155.593889,-6.925833],[155.336184,-7.097516],[154.857773,-6.360943],[154.390926,-5.82435],[154.320272,-5.336009],[154,-5.274167]]]]}},{"type":"Feature","properties":{"tzid":"Pacific/Chatham"},"geometry":{"type":"Polygon","coordinates":[[[-176.093251,-44.605709],[-176.39498,-44.602323],[-176.931076,-44.132508],[-177.206056,-44.005256],[-177.236842,-43.856062],[-177.116463,-43.688105],[-177.200547,-43.505144],[-177.123912,-43.372334],[-176.878083,-43.313851],[-176.51449,-43.504276],[-176.099868,-43.539873],[-175.965749,-43.619219],[-175.913878,-43.762385],[-175.579052,-43.86208],[-175.549921,-44.011992],[-175.702708,-44.1443],[-175.603688,-44.265297],[-175.604762,-44.414612],[-176.093251,-44.605709]]]}},{"type":"Feature","properties":{"tzid":"Pacific/Chuuk"},"geometry":{"type":"MultiPolygon","coordinates":[[[[147.443547,8.087747],[147.602892,8.305047],[147.768422,8.268814],[147.849244,8.128581],[147.803544,7.972967],[147.650922,7.900319],[147.499906,7.963683],[147.443547,8.087747]]],[[[146.488933,8.062581],[146.54395,8.210367],[146.681753,8.286878],[146.844236,8.271969],[146.948275,8.138872],[146.920064,7.979322],[146.741603,7.861358],[146.547178,7.927339],[146.488933,8.062581]]],[[[146.822742,7.362472],[146.871264,7.51265],[147.005575,7.586778],[147.156206,7.549053],[147.241461,7.406606],[147.197181,7.254714],[147.059864,7.174981],[146.897881,7.216836],[146.822742,7.362472]]],[[[145.176231,9.227608],[145.235672,9.375042],[145.391606,9.434778],[145.537072,9.364478],[145.588778,9.209636],[145.509811,9.065881],[145.357775,9.024028],[145.176231,9.227608]]],[[[144.292619,8.581761],[144.345797,8.740931],[144.491147,8.811014],[144.639758,8.759397],[144.727875,8.618622],[144.687167,8.462503],[144.539617,8.375992],[144.380528,8.417908],[144.292619,8.581761]]],[[[144.246683,7.174953],[144.252147,7.341892],[144.366617,7.447889],[144.566058,7.427228],[144.658022,7.296194],[144.635006,7.133478],[144.49475,7.040058],[144.330847,7.070211],[144.246683,7.174953]]],[[[143.618156,7.343394],[143.708097,7.533819],[143.922197,7.584569],[144.065494,7.512714],[144.118222,7.360806],[144.064314,7.211461],[143.869117,7.124103],[143.713222,7.165192],[143.618156,7.343394]]],[[[142.800461,6.610072],[142.810722,6.779767],[142.975919,6.901136],[143.188553,6.861058],[143.281414,6.727831],[143.252972,6.569308],[143.117383,6.479897],[142.902217,6.500344],[142.800461,6.610072]]],[[[140.152836,8.039514],[140.124364,8.202231],[140.275608,8.351547],[140.483544,8.324203],[140.617333,8.155386],[140.484903,7.921094],[140.152836,8.039514]]],[[[140.411967,9.576878],[140.308889,9.716592],[140.341075,9.873439],[140.470683,9.966011],[140.629103,9.945686],[140.727631,9.813911],[140.699506,9.656314],[140.5804,9.563278],[140.411967,9.576878]]],[[[139.365219,9.994067],[139.434714,10.193656],[139.749067,10.289317],[140.069217,10.07525],[140.112425,9.910167],[140.024422,9.766033],[139.644258,9.575475],[139.496486,9.651175],[139.365219,9.994067]]],[[[137.145972,8.365911],[137.204611,8.625386],[137.436553,8.772831],[137.589256,8.802997],[137.764036,8.686414],[137.697233,8.228567],[137.576156,8.113294],[137.357828,8.135369],[137.145972,8.365911]]],[[[146.304989,7.258744],[146.093139,7.210903],[145.926939,7.484744],[145.7134,7.532528],[145.645339,7.688531],[145.718511,7.840906],[145.925844,7.904369],[146.087253,7.712864],[146.467711,7.671244],[146.574633,7.390494],[146.472744,7.271783],[146.304989,7.258744]]],[[[137.845389,9.517394],[138.107733,9.853411],[138.311481,9.798767],[138.408906,9.608653],[138.355456,9.398122],[138.083619,9.224222],[137.878594,9.291781],[137.845389,9.517394]]],[[[151.13165,8.535603],[151.274217,8.750494],[151.534072,8.704242],[151.724511,8.817522],[151.941969,8.787369],[152.204164,8.985194],[152.416514,8.946267],[152.54665,8.717386],[152.375953,8.452331],[152.007117,8.371128],[151.780486,8.229917],[151.509033,8.377683],[151.239911,8.361658],[151.13165,8.535603]]],[[[149.0941,6.671719],[149.143408,6.829711],[149.282881,6.902475],[149.441917,6.850658],[149.509808,6.695792],[149.458069,6.548117],[149.319461,6.472369],[149.171147,6.515792],[149.0941,6.671719]]],[[[148.971722,7.322914],[149.004256,7.490031],[149.189811,7.595281],[149.330094,7.821356],[149.485308,7.839708],[149.611608,7.740247],[149.598342,7.419192],[149.403806,7.334203],[149.324183,7.193],[149.117019,7.157225],[148.971722,7.322914]]],[[[149.477675,8.575587],[149.537639,8.72955],[149.688992,8.807336],[149.841294,8.752786],[149.906353,8.611506],[149.829639,8.421183],[149.680878,8.366822],[149.535714,8.433331],[149.477675,8.575587]]],[[[149.864692,8.909289],[149.932253,9.098953],[150.230375,9.164522],[150.521222,8.848647],[150.625325,8.60115],[150.583528,8.441347],[150.447828,8.365408],[150.237319,8.429119],[150.099667,8.724803],[149.941725,8.783994],[149.864692,8.909289]]],[[[151.245614,7.250753],[151.254808,7.465614],[151.565578,7.821719],[151.920319,7.861736],[152.166736,7.598319],[152.233283,7.267061],[152.194614,6.956375],[152.052494,6.801258],[151.893058,6.798336],[151.245614,7.250753]]],[[[152.369867,6.975839],[152.463075,7.169775],[152.631656,7.192547],[152.909364,7.013414],[152.943019,6.851239],[152.824353,6.672397],[152.670128,6.630833],[152.5327,6.700019],[152.369867,6.975839]]],[[[152.912733,5.896103],[152.952669,6.050064],[153.146969,6.131978],[153.296239,6.070228],[153.356608,5.922639],[153.311394,5.766761],[153.165947,5.691581],[153.014036,5.739192],[152.912733,5.896103]]],[[[153.254347,5.437747],[153.383119,5.734325],[153.522478,5.824181],[153.893664,5.712606],[154.022942,5.532233],[153.886283,5.192508],[153.702392,5.088097],[153.363642,5.2338],[153.254347,5.437747]]]]}},{"type":"Feature","properties":{"tzid":"Pacific/Easter"},"geometry":{"type":"MultiPolygon","coordinates":[[[[-105.529993,-26.607274],[-105.588509,-26.465264],[-105.520516,-26.325848],[-105.368142,-26.26895],[-105.177227,-26.355706],[-105.138171,-26.498449],[-105.217661,-26.628929],[-105.367185,-26.675465],[-105.529993,-26.607274]]],[[[-109.449051,-27.402],[-109.598822,-27.355],[-109.678361,-27.222],[-109.564335,-26.933],[-109.370044,-26.855],[-109.070392,-26.958],[-109.003226,-27.097],[-109.053336,-27.239],[-109.449051,-27.402]]]]}},{"type":"Feature","properties":{"tzid":"Pacific/Efate"},"geometry":{"type":"Polygon","coordinates":[[[169.313269,-18.350012],[170.428487,-19.421464],[170.440976,-19.590759],[170.09129,-20.298641],[169.935373,-20.43955],[169.728855,-20.459761],[169.58249,-20.370368],[169.049108,-19.591464],[168.802781,-18.969108],[166.460556,-15.484079],[166.336461,-14.822138],[166.339976,-13.069507],[166.443926,-12.898474],[167.678169,-13.057136],[167.8263,-13.161624],[168.264093,-14.375883],[168.485739,-15.876879],[168.84705,-16.942185],[168.809692,-17.635233],[169.313269,-18.350012]]]}},{"type":"Feature","properties":{"tzid":"Pacific/Fakaofo"},"geometry":{"type":"MultiPolygon","coordinates":[[[[-172.718686,-8.579804],[-172.694325,-8.429369],[-172.52241,-8.330569],[-172.376194,-8.368717],[-172.263423,-8.534068],[-172.29206,-8.681356],[-172.465096,-8.783937],[-172.654402,-8.724824],[-172.718686,-8.579804]]],[[[-172.065372,-9.100385],[-171.958414,-8.938592],[-171.706407,-8.914448],[-171.596657,-9.016795],[-171.569825,-9.268025],[-171.70219,-9.416979],[-171.901681,-9.410234],[-172.050165,-9.272919],[-172.065372,-9.100385]]],[[[-171.437552,-9.257663],[-171.272494,-9.131449],[-171.077118,-9.171336],[-170.977917,-9.34854],[-171.028795,-9.548324],[-171.200715,-9.646029],[-171.342756,-9.594246],[-171.466631,-9.432433],[-171.437552,-9.257663]]]]}},{"type":"Feature","properties":{"tzid":"Pacific/Fiji"},"geometry":{"type":"MultiPolygon","coordinates":[[[[174.421497,-21.732894],[174.489334,-21.589479],[174.6333,-21.533044],[174.787664,-21.586541],[174.858258,-21.729531],[174.801355,-21.877509],[174.656907,-21.942811],[174.504712,-21.899731],[174.421497,-21.732894]]],[[[177.009787,-12.722125],[176.764917,-12.612013],[176.747624,-12.413969],[176.953869,-12.264351],[177.221972,-12.301292],[177.321725,-12.402984],[177.341712,-12.5899],[177.239606,-12.708116],[177.009787,-12.722125]]],[[[-178.724395,-16.679322],[-178.443115,-17.057475],[-178.023941,-17.914902],[-178.008351,-18.352482],[-178.132938,-18.87952],[-178.013571,-19.770966],[-178.483946,-20.724981],[-178.55614,-21.098035],[-178.857102,-21.228652],[-179.035432,-21.122129],[-179.094029,-20.818839],[-180,-19.80052],[-180,-15.508868],[-179.310691,-15.7634],[-178.980217,-15.967318],[-178.724395,-16.679322]]],[[[178.67052,-16.063783],[178.99413,-15.985528],[180,-15.508868],[180,-19.80052],[179.64824,-19.405357],[177.900989,-19.355621],[176.793775,-17.697358],[176.692311,-17.097524],[177.142065,-16.635852],[178.030269,-16.249675],[178.67052,-16.063783]]]]}},{"type":"Feature","properties":{"tzid":"Pacific/Funafuti"},"geometry":{"type":"MultiPolygon","coordinates":[[[[-180,-9.22817],[-179.927822,-9.381864],[-179.98705,-9.572767],[-180,-9.22817]]],[[[179.529558,-10.591678],[179.651806,-10.681872],[179.677208,-10.833683],[179.590792,-10.958567],[179.3911,-10.977014],[179.281525,-10.870531],[179.276753,-10.718156],[179.379139,-10.606175],[179.529558,-10.591678]]],[[[178.57771,-8.506703],[178.118764,-8.110753],[178.170111,-7.856942],[178.330358,-7.730939],[178.516328,-7.772772],[179.320225,-8.299078],[180,-9.22817],[180,-9.585161],[179.858297,-9.637392],[179.714114,-9.583853],[178.57771,-8.506703]]],[[[177.168511,-6.226614],[177.130986,-6.077797],[177.206428,-5.945783],[177.404042,-5.909272],[177.524786,-6.001064],[177.551089,-6.150447],[177.465889,-6.279542],[177.317061,-6.315075],[177.168511,-6.226614]]],[[[176.528217,-6.275386],[176.483775,-6.422203],[176.355669,-6.501167],[176.207769,-6.469864],[176.111494,-6.297303],[176.157647,-6.153089],[176.286147,-6.072222],[176.436997,-6.105047],[176.528217,-6.275386]]],[[[176.329864,-5.781653],[176.222953,-5.89235],[176.026253,-5.875264],[175.876781,-5.736075],[175.881336,-5.535664],[176.004017,-5.443314],[176.204494,-5.472944],[176.330464,-5.626653],[176.329864,-5.781653]]],[[[177.252342,-7.014086],[177.351514,-7.130953],[177.349964,-7.333328],[177.242678,-7.440161],[177.044625,-7.426197],[176.949883,-7.3099],[176.955325,-7.104808],[177.065161,-6.999353],[177.252342,-7.014086]]],[[[178.715558,-7.261333],[178.875333,-7.385742],[178.894319,-7.536214],[178.806367,-7.662483],[178.656383,-7.699497],[178.522725,-7.624553],[178.462472,-7.431964],[178.5389,-7.299642],[178.715558,-7.261333]]]]}},{"type":"Feature","properties":{"tzid":"Pacific/Galapagos"},"geometry":{"type":"Polygon","coordinates":[[[-90.934454,-1.399891],[-91.669927,-1.073763],[-91.843939,-0.450099],[-92.204344,1.648464],[-92.17308,1.795001],[-92.049756,1.879045],[-91.902926,1.853883],[-90.662244,0.817603],[-89.829856,0.506086],[-89.049754,-0.649561],[-89.055476,-0.798363],[-89.569932,-1.603819],[-90.466671,-1.56083],[-90.934454,-1.399891]]]}},{"type":"Feature","properties":{"tzid":"Pacific/Gambier"},"geometry":{"type":"MultiPolygon","coordinates":[[[[-137.042084,-23.364674],[-137.207812,-23.371256],[-137.331668,-23.269978],[-137.352206,-23.111763],[-137.22482,-22.955709],[-137.063014,-22.939409],[-136.935084,-23.038159],[-136.908426,-23.194967],[-137.042084,-23.364674]]],[[[-136.214374,-22.237133],[-136.385978,-22.128053],[-136.408272,-21.976018],[-136.286409,-21.817452],[-136.126613,-21.797137],[-135.999933,-21.888111],[-135.969489,-22.044567],[-136.051021,-22.187875],[-136.214374,-22.237133]]],[[[-135.848638,-21.518619],[-135.768943,-21.319256],[-135.502476,-21.275496],[-135.296534,-21.39174],[-135.247336,-21.551579],[-135.320399,-21.684485],[-135.559318,-21.773358],[-135.771138,-21.696406],[-135.848638,-21.518619]]],[[[-134.708741,-23.353242],[-134.952022,-23.447271],[-135.201579,-23.362916],[-135.316019,-23.242242],[-135.304205,-23.081292],[-135.05829,-22.826187],[-134.89376,-22.810113],[-134.658239,-23.013639],[-134.635339,-23.166064],[-134.377779,-23.142743],[-134.245111,-23.363704],[-134.315607,-23.510416],[-134.504399,-23.574264],[-134.648611,-23.496135],[-134.708741,-23.353242]]],[[[-136.567904,-21.130889],[-136.405253,-21.164368],[-136.207546,-21.342358],[-136.169558,-21.546238],[-136.268835,-21.66952],[-136.488096,-21.677017],[-136.942143,-21.397738],[-136.956149,-21.239264],[-136.859927,-21.123885],[-136.567904,-21.130889]]]]}},{"type":"Feature","properties":{"tzid":"Pacific/Guadalcanal"},"geometry":{"type":"MultiPolygon","coordinates":[[[[162.761174,-8.209668],[162.90286,-8.173993],[163.095198,-8.264771],[163.146067,-8.461291],[163.052891,-8.588915],[162.871147,-8.628096],[162.688226,-8.522653],[162.679203,-8.314389],[162.761174,-8.209668]]],[[[159.243055,-5.99953],[159.463865,-5.981585],[159.581044,-6.124706],[159.56923,-6.327645],[159.425043,-6.460048],[159.208019,-6.432553],[159.111195,-6.308187],[159.139131,-6.084818],[159.243055,-5.99953]]],[[[170.019515,-12.02382],[169.98286,-11.886014],[170.091629,-11.727634],[170.25368,-11.714507],[170.36098,-11.796189],[170.386598,-11.973558],[170.310959,-12.076928],[170.171461,-12.114355],[170.019515,-12.02382]]],[[[168.748707,-12.496261],[168.644452,-12.421486],[168.615472,-12.248399],[168.7037,-12.125048],[168.888781,-12.089698],[169.029388,-12.205234],[169.045225,-12.344171],[168.962579,-12.462355],[168.748707,-12.496261]]],[[[169.785319,-11.417169],[169.924344,-11.419658],[170.051108,-11.563961],[170.006234,-11.744872],[169.893991,-11.810315],[169.660511,-11.691998],[169.651823,-11.554662],[169.785319,-11.417169]]],[[[167.218773,-9.621922],[167.446486,-9.884603],[167.423345,-10.028303],[167.253878,-10.130728],[167.026781,-10.0303],[166.858269,-9.738212],[166.969224,-9.57627],[167.218773,-9.621922]]],[[[166.377075,-9.991355],[166.560972,-10.172623],[167.203986,-11.514643],[167.223476,-11.765488],[167.067655,-11.915724],[166.711855,-11.894225],[165.552968,-10.873447],[165.491901,-10.109205],[165.582173,-9.876756],[166.06826,-9.868593],[166.377075,-9.991355]]],[[[160.618084,-11.554155],[160.852996,-11.821291],[160.846512,-13.003252],[160.743418,-13.185171],[160.60723,-13.24243],[160.41723,-13.153038],[159.880711,-12.42683],[159.563801,-11.183455],[159.664923,-11.085007],[159.851613,-11.084171],[160.618084,-11.554155]]],[[[160.905458,-10.5],[157.776339,-9.012176],[157.263442,-8.90769],[156.426735,-8.485589],[155.362943,-7.534775],[155.325617,-7.104554],[155.593889,-6.925833],[155.923056,-6.847222],[156.035833,-6.55],[156.21936,-6.410152],[156.5005,-6.381113],[158.150438,-7.118409],[158.704333,-7.284054],[159.048032,-7.558229],[160.752353,-7.708814],[161.180415,-8.512439],[162.16037,-9.612563],[162.661198,-10.7536],[162.668136,-10.924527],[162.490306,-11.099978],[161.810864,-10.984496],[160.905458,-10.5]]],[[[159.245708,-5.675589],[159.027379,-5.516473],[158.980861,-5.374159],[159.091031,-4.936402],[159.334241,-4.812791],[159.506237,-4.87489],[159.855427,-5.248342],[159.910787,-5.53326],[159.687344,-5.726487],[159.245708,-5.675589]]]]}},{"type":"Feature","properties":{"tzid":"Pacific/Guam"},"geometry":{"type":"Polygon","coordinates":[[[144.631392,13.668387],[144.75532,13.829656],[144.904724,13.853168],[145.161474,13.626158],[145.110388,13.431432],[144.783969,13.051658],[144.577403,13.043996],[144.442856,13.195534],[144.421866,13.506511],[144.631392,13.668387]]]}},{"type":"Feature","properties":{"tzid":"Pacific/Honolulu"},"geometry":{"type":"MultiPolygon","coordinates":[[[[-169.639483,16.930104],[-169.494625,16.990206],[-169.297392,16.907691],[-169.252275,16.773757],[-169.323514,16.586504],[-169.514598,16.509069],[-169.71326,16.572226],[-169.764011,16.766749],[-169.639483,16.930104]]],[[[-155.264668,20.234874],[-154.931031,19.996853],[-154.611345,19.600856],[-154.606144,19.446027],[-154.809102,19.215467],[-155.279837,19.015647],[-155.569431,18.736243],[-155.771648,18.728852],[-156.091747,18.981741],[-156.112485,19.333425],[-156.273967,19.711896],[-156.099444,20.010289],[-156.093576,20.311866],[-155.99708,20.427689],[-155.798188,20.465327],[-155.264668,20.234874]]],[[[-157.436107,21.33386],[-157.259756,21.424851],[-156.6481,21.354407],[-156.416518,21.16352],[-156.162489,21.122949],[-155.851774,20.94012],[-155.77806,20.653681],[-156.003447,20.450564],[-156.750622,20.313634],[-157.136189,20.610807],[-157.276248,20.884559],[-157.466426,20.961977],[-157.525068,21.100149],[-157.827926,21.051591],[-158.226172,21.129137],[-158.492131,21.617468],[-158.404202,21.74052],[-157.928047,21.908611],[-157.546717,21.592272],[-157.436107,21.33386]]],[[[-162.132973,22.994486],[-162.12593,23.148331],[-162.014727,23.248933],[-161.816647,23.24115],[-161.711441,23.131535],[-161.71524,22.979683],[-161.829752,22.87412],[-162.032153,22.881212],[-162.132973,22.994486]]],[[[-164.786708,23.389661],[-164.918962,23.534477],[-164.889219,23.685592],[-164.713283,23.779438],[-164.564282,23.736108],[-164.480271,23.614113],[-164.512642,23.463459],[-164.786708,23.389661]]],[[[-165.842777,23.684959],[-165.978633,23.472781],[-166.227917,23.444675],[-166.505573,23.738177],[-166.541526,23.885612],[-166.414501,24.037715],[-166.159647,24.066531],[-165.890568,23.901187],[-165.842777,23.684959]]],[[[-167.926637,25.189404],[-167.806253,25.097412],[-167.78546,24.947436],[-167.883292,24.826988],[-168.087109,24.813582],[-168.199742,24.914748],[-168.208795,25.065341],[-168.105277,25.176769],[-167.926637,25.189404]]],[[[-170.841991,25.451233],[-170.823601,25.603105],[-170.702086,25.696482],[-170.499222,25.669334],[-170.412078,25.546505],[-170.444193,25.395755],[-170.571873,25.312161],[-170.726662,25.32598],[-170.841991,25.451233]]],[[[-171.939502,25.664349],[-171.947233,25.86396],[-171.833615,25.966512],[-171.631208,25.967314],[-171.515482,25.865486],[-171.506217,25.71446],[-171.64494,25.570932],[-171.796496,25.562198],[-171.939502,25.664349]]],[[[-174.216009,26.117332],[-174.114674,26.239972],[-173.911492,26.265379],[-173.78273,26.186358],[-173.738575,26.043093],[-173.854002,25.879604],[-174.070215,25.848528],[-174.199778,25.937051],[-174.216009,26.117332]]],[[[-176.20823,27.874765],[-176.091034,28.037005],[-175.807449,28.162166],[-175.609404,28.111112],[-175.499363,27.944371],[-175.605747,27.65995],[-175.899441,27.559185],[-176.13651,27.626948],[-176.20823,27.874765]]],[[[-160.464139,21.848099],[-160.246146,22.178299],[-159.949861,22.194199],[-159.617121,22.423653],[-159.263395,22.39891],[-159.090247,22.213843],[-159.141916,21.862567],[-159.383877,21.675583],[-159.874919,21.810278],[-160.096838,21.602905],[-160.296857,21.594915],[-160.501579,21.45147],[-160.653892,21.477816],[-160.751354,21.596131],[-160.73415,21.749573],[-160.618507,21.84732],[-160.464139,21.848099]]]]}},{"type":"Feature","properties":{"tzid":"Pacific/Kanton"},"geometry":{"type":"MultiPolygon","coordinates":[[[[-174.499134,-4.896],[-174.735182,-4.722],[-174.721902,-4.567],[-174.604136,-4.465],[-174.444781,-4.478],[-174.304657,-4.621],[-174.335202,-4.821],[-174.499134,-4.896]]],[[[-174.126553,-3.799],[-174.266174,-3.74],[-174.326495,-3.592],[-174.265579,-3.449],[-174.117918,-3.392],[-173.977331,-3.452],[-173.918686,-3.596],[-173.981483,-3.743],[-174.126553,-3.799]]],[[[-172.195861,-4.742],[-172.377107,-4.652],[-172.425717,-4.505],[-172.317064,-4.335],[-172.112561,-4.291],[-171.952568,-4.409],[-171.941648,-4.563],[-172.195861,-4.742]]],[[[-171.246875,-4.668],[-171.389051,-4.615],[-171.462108,-4.43],[-171.389523,-4.296],[-171.247204,-4.239],[-171.104991,-4.291],[-171.025394,-4.478],[-171.095403,-4.617],[-171.246875,-4.668]]],[[[-170.714903,-3.926],[-170.857896,-3.864],[-170.918437,-3.722],[-170.860022,-3.576],[-170.720405,-3.517],[-170.575821,-3.57],[-170.507609,-3.713],[-170.561352,-3.86],[-170.714903,-3.926]]],[[[-171.51873,-3.79],[-171.660313,-3.729],[-171.721272,-3.59],[-171.66954,-3.447],[-171.523301,-3.381],[-171.377254,-3.437],[-171.31341,-3.578],[-171.367246,-3.725],[-171.51873,-3.79]]],[[[-171.091694,-3.347],[-171.23512,-3.284],[-171.290515,-3.083],[-171.215929,-2.95],[-171.062632,-2.905],[-170.924548,-2.981],[-170.875083,-3.131],[-170.925875,-3.277],[-171.091694,-3.347]]],[[[-171.6234,-3.07],[-171.822173,-2.996],[-171.907845,-2.871],[-171.891226,-2.662],[-171.766931,-2.571],[-171.520307,-2.643],[-171.418559,-2.826],[-171.446965,-2.977],[-171.6234,-3.07]]]]}},{"type":"Feature","properties":{"tzid":"Pacific/Kiritimati"},"geometry":{"type":"MultiPolygon","coordinates":[[[[-157.504179,2.247],[-157.134389,2.082],[-156.96607,1.761],[-157.056359,1.534],[-157.310399,1.514],[-157.716077,1.742],[-157.760461,1.895],[-157.675171,2.131],[-157.504179,2.247]]],[[[-159.30594,3.606],[-159.457295,3.654],[-159.589308,3.851],[-159.566888,4.006],[-159.405246,4.133],[-159.206112,4.094],[-159.044947,3.899],[-159.096184,3.7],[-159.30594,3.606]]],[[[-160.355434,4.47],[-160.544898,4.541],[-160.609627,4.679],[-160.56175,4.824],[-160.42071,4.899],[-160.223668,4.84],[-160.150866,4.705],[-160.191832,4.553],[-160.355434,4.47]]],[[[-152.106453,-10.067639],[-152.1659,-10.207639],[-152.309083,-10.267542],[-152.451942,-10.214075],[-152.519958,-10.075186],[-152.469536,-9.930303],[-152.332306,-9.857433],[-152.181825,-9.902164],[-152.106453,-10.067639]]],[[[-151.815059,-11.646],[-151.956378,-11.588],[-152.029513,-11.447],[-151.991789,-11.298],[-151.860882,-11.217],[-151.705916,-11.251],[-151.606588,-11.432],[-151.656093,-11.577],[-151.815059,-11.646]]],[[[-150.227887,-10.21],[-150.37001,-10.153],[-150.437152,-10.017],[-150.389304,-9.81],[-150.212674,-9.704],[-150.033994,-9.797],[-149.992776,-9.963],[-150.080126,-10.151],[-150.227887,-10.21]]],[[[-155.88091,-5.863],[-156.074626,-5.778],[-156.135486,-5.637],[-156.078922,-5.493],[-155.887834,-5.421],[-155.738029,-5.461],[-155.63722,-5.633],[-155.692438,-5.78],[-155.88091,-5.863]]],[[[-154.926228,-4.252],[-155.108279,-4.161],[-155.166145,-3.966],[-155.081194,-3.835],[-154.874626,-3.788],[-154.737027,-3.861],[-154.69122,-4.007],[-154.777687,-4.2],[-154.926228,-4.252]]]]}},{"type":"Feature","properties":{"tzid":"Pacific/Kosrae"},"geometry":{"type":"Polygon","coordinates":[[[163.236469,5.294981],[163.139767,5.109025],[162.985969,5.057881],[162.77865,5.124933],[162.699142,5.328733],[162.819258,5.511739],[163.027597,5.575186],[163.170631,5.505433],[163.236469,5.294981]]]}},{"type":"Feature","properties":{"tzid":"Pacific/Kwajalein"},"geometry":{"type":"Polygon","coordinates":[[[166.313779,9.486993],[166.88495,10.241692],[167.003647,9.544559],[167.488864,9.605799],[167.627023,9.544247],[167.907389,9.19544],[167.959308,8.777706],[168.135984,8.55124],[167.720029,8.404454],[167.316281,8.667921],[166.8576,8.667923],[166.313779,9.486993]]]}},{"type":"Feature","properties":{"tzid":"Pacific/Majuro"},"geometry":{"type":"MultiPolygon","coordinates":[[[[170.109542,10.85131],[170.132087,10.645546],[170.913076,10.503628],[171.068231,10.376994],[171.436427,8.75237],[171.408562,8.527225],[172.132712,7.167652],[172.3736,5.891995],[172.241886,5.687101],[171.598772,5.921233],[171.518585,6.135047],[170.842326,7.064971],[170.810803,8.129033],[169.908469,8.86382],[169.641306,9.319341],[168.999412,9.644265],[168.810643,9.856867],[168.782965,10.072953],[168.855713,10.2081],[169.323691,10.274299],[169.399327,11.343379],[169.712952,11.532653],[169.908027,11.501392],[170.051003,11.307182],[170.109542,10.85131]]],[[[168.860455,6.570706],[168.545855,7.150582],[168.096137,7.605062],[166.176084,8.716433],[165.707792,8.731168],[165.4083,8.945329],[165.328194,9.289497],[165.694297,10.174996],[164.995074,11.559953],[165.144803,11.868984],[165.408783,11.916533],[167.061464,11.682489],[167.586069,11.589069],[167.701485,11.492952],[167.725066,11.341216],[167.585942,11.127181],[166.766002,10.937359],[166.88495,10.241692],[166.313779,9.486993],[166.8576,8.667923],[167.316281,8.667921],[167.720029,8.404454],[168.135984,8.55124],[168.312662,8.324637],[169.171859,7.819997],[169.176346,7.623069],[169.715904,6.313152],[169.890174,6.131313],[169.923458,5.982315],[168.914924,4.469236],[168.685712,4.370858],[168.481228,4.520223],[168.458649,4.718797],[168.930547,5.724575],[169.174972,5.989372],[168.860455,6.570706]]],[[[168.33754,5.632974],[168.260464,5.44398],[168.118568,5.387633],[167.936925,5.472169],[167.883383,5.669173],[167.957267,5.802261],[168.10323,5.846093],[168.25311,5.799621],[168.33754,5.632974]]],[[[169.225704,14.66136],[169.158969,14.474014],[168.878498,14.356377],[168.75049,14.440252],[168.679073,14.739764],[168.750614,14.875099],[168.95,14.922017],[169.134103,14.837199],[169.225704,14.66136]]],[[[170.352137,12.251191],[170.276556,12.06091],[170.092219,11.980971],[169.920735,12.091204],[169.8732,12.333988],[169.959309,12.461271],[170.110439,12.494916],[170.25753,12.441895],[170.352137,12.251191]]],[[[161.195283,9.778265],[161.101296,9.599474],[160.952943,9.567058],[160.665188,9.688463],[160.592722,9.874452],[160.663493,10.013353],[160.855061,10.075818],[161.088298,9.970824],[161.195283,9.778265]]],[[[162.601463,11.467303],[162.471583,11.193303],[162.20725,11.14095],[161.985553,11.256796],[161.840053,11.575313],[162.026324,11.819525],[162.269407,11.882831],[162.485926,11.747393],[162.601463,11.467303]]]]}},{"type":"Feature","properties":{"tzid":"Pacific/Marquesas"},"geometry":{"type":"MultiPolygon","coordinates":[[[[-140.377013,-8.06405],[-140.752472,-8.243608],[-140.885213,-8.155437],[-140.923739,-7.993485],[-140.819788,-7.806692],[-140.37052,-7.659294],[-140.222318,-7.731673],[-140.175759,-7.880033],[-140.252352,-8.021215],[-140.377013,-8.06405]]],[[[-139.323816,-9.907799],[-139.346702,-9.688131],[-139.14015,-9.529601],[-139.100096,-9.319851],[-138.964555,-9.235893],[-138.80789,-9.268515],[-138.59618,-9.72826],[-138.637548,-10.14754],[-138.779869,-10.224075],[-139.194956,-10.211611],[-139.306662,-10.100329],[-139.323816,-9.907799]]],[[[-140.262454,-9.223738],[-140.453847,-8.838755],[-140.673746,-8.871639],[-140.800156,-8.768479],[-140.812883,-8.61466],[-140.71058,-8.495033],[-140.498396,-8.506817],[-140.408429,-8.633941],[-139.976716,-8.59591],[-139.806669,-8.800754],[-139.521347,-8.666474],[-139.30583,-8.82149],[-139.293726,-8.994721],[-139.395567,-9.119371],[-139.662572,-9.147673],[-139.806273,-8.989099],[-140.027778,-9.129083],[-139.818072,-9.346738],[-139.94677,-9.637856],[-140.116936,-9.659655],[-140.289905,-9.526019],[-140.336866,-9.357829],[-140.262454,-9.223738]]],[[[-138.55398,-10.727016],[-138.702361,-10.749508],[-138.831539,-10.671178],[-138.868583,-10.329897],[-138.754709,-10.232592],[-138.31739,-10.181508],[-138.220863,-10.295559],[-138.23161,-10.447282],[-138.55398,-10.727016]]]]}},{"type":"Feature","properties":{"tzid":"Pacific/Midway"},"geometry":{"type":"MultiPolygon","coordinates":[[[[-178.562807,28.305063],[-178.585119,28.501737],[-178.43598,28.637193],[-178.231533,28.64136],[-178.079652,28.508844],[-178.079197,28.308359],[-178.193964,28.206558],[-178.399839,28.192868],[-178.562807,28.305063]]],[[[-177.320475,28.001887],[-177.521765,28.019881],[-177.647337,28.175902],[-177.594917,28.367292],[-177.417244,28.475726],[-177.218528,28.440232],[-177.09515,28.276911],[-177.138111,28.085514],[-177.320475,28.001887]]]]}},{"type":"Feature","properties":{"tzid":"Pacific/Nauru"},"geometry":{"type":"Polygon","coordinates":[[[166.922758,-0.753],[166.74494,-0.652],[166.712114,-0.502],[166.827005,-0.334],[166.981801,-0.306],[167.112828,-0.385],[167.15958,-0.527],[167.06793,-0.707],[166.922758,-0.753]]]}},{"type":"Feature","properties":{"tzid":"Pacific/Niue"},"geometry":{"type":"Polygon","coordinates":[[[-170.128117,-18.969879],[-169.98099,-18.785543],[-169.767498,-18.764612],[-169.622301,-18.869468],[-169.577754,-19.131079],[-169.754212,-19.326987],[-169.946655,-19.344226],[-170.120023,-19.203525],[-170.128117,-18.969879]]]}},{"type":"Feature","properties":{"tzid":"Pacific/Norfolk"},"geometry":{"type":"Polygon","coordinates":[[[168.18225,-29.181375],[168.035489,-29.321509],[167.819744,-29.303133],[167.701747,-29.123286],[167.711093,-28.914203],[167.891535,-28.795472],[168.101749,-28.848628],[168.216605,-28.971672],[168.18225,-29.181375]]]}},{"type":"Feature","properties":{"tzid":"Pacific/Noumea"},"geometry":{"type":"MultiPolygon","coordinates":[[[[171.479623,-22.174277],[171.57458,-22.30543],[171.535585,-22.463687],[171.35075,-22.547564],[171.202424,-22.490155],[171.134836,-22.342874],[171.200561,-22.196366],[171.479623,-22.174277]]],[[[171.868708,-22.38902],[171.936545,-22.246267],[172.080511,-22.190091],[172.234875,-22.243342],[172.30547,-22.385672],[172.248566,-22.532963],[172.104119,-22.59796],[171.951924,-22.555081],[171.868708,-22.38902]]],[[[168.742104,-22.684183],[168.765859,-22.480277],[168.89627,-22.387888],[169.058418,-22.404524],[169.1655,-22.525413],[169.148259,-22.688918],[169.026558,-22.797161],[168.86268,-22.797669],[168.742104,-22.684183]]],[[[158.145923,-19.148191],[158.186814,-18.996871],[158.346248,-18.848607],[158.915807,-18.743348],[159.068864,-18.806273],[159.252666,-19.130366],[159.113269,-19.524888],[158.625149,-20.127796],[158.480498,-20.179397],[158.178093,-20.034497],[157.989114,-19.687404],[158.145923,-19.148191]]],[[[164.281985,-18.757063],[164.167711,-18.642609],[164.148417,-18.483061],[164.281771,-18.328539],[164.485217,-18.321955],[164.629979,-18.531741],[164.621744,-18.694486],[164.492871,-18.796694],[164.281985,-18.757063]]],[[[165.948401,-19.65465],[166.053098,-19.875558],[165.899027,-20.073395],[165.471584,-20.076957],[165.315566,-19.94508],[165.378756,-19.645813],[165.48715,-19.528172],[165.644191,-19.506371],[165.948401,-19.65465]]],[[[165.898663,-20.346416],[165.977334,-20.1616],[166.180906,-20.088081],[166.674506,-20.201515],[167.088431,-20.45606],[167.335632,-20.511406],[167.954127,-20.933068],[168.298717,-21.317591],[168.350276,-21.462939],[168.300422,-21.729951],[168.063067,-21.858001],[167.749041,-21.779388],[166.889515,-21.11512],[166.254915,-20.87997],[165.993348,-20.644586],[165.898663,-20.346416]]],[[[164.869801,-21.621417],[164.131704,-20.987663],[162.981212,-19.505347],[162.631269,-18.49818],[162.610917,-18.052563],[162.807742,-17.707745],[162.974202,-17.698956],[163.300124,-17.890868],[163.462966,-18.511447],[163.95244,-19.054324],[163.983501,-19.257957],[164.293724,-19.721448],[164.934787,-20.308133],[165.399711,-20.469682],[165.89193,-20.985988],[167.072148,-21.836593],[167.225287,-22.150444],[167.709673,-22.444283],[167.785264,-22.831622],[167.105382,-23.200606],[166.884518,-23.194666],[165.759963,-22.154415],[164.869801,-21.621417]]],[[[159.505271,-21.194737],[159.761675,-21.328376],[159.699335,-21.611978],[159.779399,-21.850535],[159.68542,-22.028525],[159.439876,-22.105977],[159.252108,-22.027296],[159.198921,-21.88607],[159.423747,-21.624505],[159.389413,-21.584045],[159.240455,-21.547649],[159.124559,-21.647041],[158.922656,-21.658042],[158.689597,-21.554965],[158.631168,-21.415973],[158.691474,-21.276607],[158.825952,-21.204408],[159.131157,-21.260941],[159.300292,-21.152781],[159.505271,-21.194737]]],[[[158.705789,-20.815972],[158.795263,-21.09628],[158.585765,-21.223129],[158.365341,-21.102339],[158.241993,-20.817213],[158.299461,-20.676871],[158.487094,-20.609304],[158.627325,-20.670607],[158.705789,-20.815972]]]]}},{"type":"Feature","properties":{"tzid":"Pacific/Pago_Pago"},"geometry":{"type":"MultiPolygon","coordinates":[[[[-170.923256,-10.907333],[-170.86092,-11.048104],[-170.912039,-11.189805],[-171.098461,-11.2682],[-171.234313,-11.201795],[-171.294858,-11.063777],[-171.246596,-10.921153],[-171.062477,-10.845251],[-170.923256,-10.907333]]],[[[-168.250183,-14.35258],[-168.098482,-14.336046],[-167.95041,-14.465575],[-167.94376,-14.615101],[-168.045024,-14.73008],[-168.243219,-14.743237],[-168.355044,-14.635115],[-168.370445,-14.484016],[-168.250183,-14.35258]]],[[[-169.660443,-14.388957],[-169.871248,-14.257816],[-169.827944,-14.017829],[-169.584324,-13.956385],[-169.260887,-14.089615],[-169.218212,-14.287023],[-169.29625,-14.415901],[-169.489743,-14.474349],[-169.660443,-14.388957]]],[[[-170.573361,-14.490269],[-170.755017,-14.57531],[-170.943489,-14.502803],[-171.042551,-14.38452],[-171.03199,-14.232352],[-170.734989,-14.038053],[-170.439917,-14.082886],[-170.354713,-14.36114],[-170.573361,-14.490269]]]]}},{"type":"Feature","properties":{"tzid":"Pacific/Palau"},"geometry":{"type":"Polygon","coordinates":[[[132.892067,6.472512],[134.493909,8.369423],[134.695059,8.386956],[134.870501,8.226885],[134.929548,8.084672],[134.822137,7.322965],[131.927843,2.688871],[131.750444,2.596015],[131.017251,2.82815],[130.924125,3.057401],[132.043676,5.445307],[132.892067,6.472512]]]}},{"type":"Feature","properties":{"tzid":"Pacific/Pitcairn"},"geometry":{"type":"MultiPolygon","coordinates":[[[[-124.551972,-24.671882],[-124.608791,-24.816333],[-124.797727,-24.889882],[-124.9438,-24.832815],[-125.016193,-24.697296],[-124.971423,-24.554425],[-124.790756,-24.472156],[-124.643043,-24.512939],[-124.551972,-24.671882]]],[[[-128.081386,-24.328516],[-128.111189,-24.533403],[-128.296897,-24.623879],[-128.486105,-24.555112],[-128.576574,-24.372977],[-128.489134,-24.187579],[-128.345698,-24.134174],[-128.151668,-24.18353],[-128.081386,-24.328516]]],[[[-130.501192,-23.906582],[-130.542829,-24.054457],[-130.724613,-24.145045],[-130.911374,-24.078673],[-130.974353,-23.941455],[-130.929424,-23.793274],[-130.751388,-23.707267],[-130.603065,-23.745018],[-130.501192,-23.906582]]],[[[-129.868466,-25.055366],[-129.917226,-25.20246],[-130.103508,-25.280181],[-130.289824,-25.200098],[-130.3426,-25.054635],[-130.273031,-24.919144],[-130.132052,-24.859702],[-129.937771,-24.924293],[-129.868466,-25.055366]]]]}},{"type":"Feature","properties":{"tzid":"Pacific/Pohnpei"},"geometry":{"type":"MultiPolygon","coordinates":[[[[154.708956,3.824286],[154.757558,3.984744],[154.891833,4.071181],[155.095347,4.0195],[155.174475,3.876794],[155.139686,3.721033],[154.953156,3.620672],[154.801872,3.657522],[154.708956,3.824286]]],[[[154.515775,1.017539],[154.535308,1.180922],[154.705839,1.298542],[154.8638,1.289964],[155.004797,1.131192],[154.967869,0.9209],[154.840444,0.833122],[154.683519,0.844514],[154.515775,1.017539]]],[[[154.041067,8.071619],[154.117103,8.280414],[154.27425,8.348219],[154.427036,8.294867],[154.508439,8.167747],[154.475372,7.954469],[154.34655,7.864408],[154.144475,7.91855],[154.041067,8.071619]]],[[[154.948225,7.515169],[154.981378,7.729911],[155.106453,7.821728],[155.481431,7.797353],[155.609733,7.628667],[155.552225,7.304511],[155.367597,7.205819],[155.100628,7.283156],[154.948225,7.515169]]],[[[156.953469,5.738369],[157.016881,5.945933],[157.259517,6.056797],[157.463406,5.983914],[157.549436,5.787447],[157.484086,5.638822],[157.336269,5.5732],[157.061378,5.603536],[156.953469,5.738369]]],[[[159.547475,6.626283],[159.571261,6.793044],[159.698106,6.895119],[159.857714,6.879181],[159.965772,6.749919],[159.924147,6.547342],[159.788442,6.463028],[159.638086,6.493331],[159.547475,6.626283]]],[[[160.488319,6.191522],[160.521178,6.339886],[160.655581,6.430906],[160.815364,6.398131],[160.913758,6.268675],[160.861636,6.066606],[160.719878,5.995483],[160.568614,6.046558],[160.488319,6.191522]]],[[[158.533597,6.984644],[158.555053,6.776367],[158.417331,6.611969],[157.930367,6.521208],[157.746889,6.630936],[157.566531,7.124022],[157.713322,7.282044],[158.002103,7.166953],[158.2579,7.258694],[158.442467,7.159661],[158.533597,6.984644]]]]}},{"type":"Feature","properties":{"tzid":"Pacific/Port_Moresby"},"geometry":{"type":"MultiPolygon","coordinates":[[[[154,-5.274167],[152.927599,-5.065825],[152.158179,-5.636666],[151.850938,-5.784619],[151.693629,-5.770919],[151.303958,-6.118911],[150.5878,-6.442033],[149.489665,-6.525564],[149.24155,-6.301861],[148.132705,-6.873097],[148.316929,-7.94826],[149.252648,-8.737866],[150.069987,-8.104757],[150.819211,-8.116004],[151.186685,-8.211875],[151.988217,-8.608391],[153.804339,-9.106645],[153.898847,-9.261999],[153.807791,-9.466022],[152.753648,-9.718732],[153.045923,-10.558893],[154.342649,-11.139733],[154.592021,-11.381249],[154.589844,-11.52168],[154.440754,-11.646866],[153.525648,-11.853632],[151.964414,-11.387332],[151.175405,-11.340667],[149.809277,-10.760367],[149.631946,-10.600211],[149.306628,-10.600968],[149.116283,-10.45237],[148.857506,-10.515882],[148.570994,-10.38934],[148.100107,-10.430069],[147.686601,-10.301265],[147.356436,-9.99697],[147.223663,-9.758518],[146.716887,-9.544081],[146.672582,-9.27672],[146.423388,-9.107581],[146.308379,-8.782907],[145.912623,-8.248456],[144.932335,-8.027279],[144.696854,-7.893607],[144.521247,-8.005986],[144.12306,-7.996781],[143.901618,-8.26942],[144.009447,-8.444779],[143.989859,-8.631219],[143.646497,-8.931259],[143.594407,-9.151235],[143.301397,-9.34074],[143.105369,-9.315189],[142.879348,-9.455369],[142.851886,-9.272811],[142.54305,-9.365611],[142.236665,-9.191289],[142.05944,-9.261238],[142.059442,-9.456788],[141.415794,-9.365911],[141.117424,-9.434411],[140.919153,-9.307752],[141.019444,-9.135556],[141.019444,-6.892357],[140.918731,-6.87196],[140.852129,-6.724276],[140.967778,-6.348128],[141.013022,-2.402204],[141.534756,-2.55611],[142.952078,-1.279408],[144.464528,-0.887104],[145.223976,-0.573081],[145.706979,-0.732777],[146.66687,-1.705714],[147.658093,-1.85638],[147.985425,-1.785804],[149.595114,-1.119977],[150.090256,-1.472205],[150.78772,-1.482042],[152.081775,-2.411881],[152.768919,-2.600632],[153.387181,-3.151024],[154,-3.004818],[154,-5.274167]]],[[[155.818822,-10.523262],[156.041766,-10.61941],[156.025521,-10.863366],[155.676706,-11.068924],[155.479832,-11.025698],[155.403894,-10.894121],[155.439474,-10.747601],[155.818822,-10.523262]]]]}},{"type":"Feature","properties":{"tzid":"Pacific/Rarotonga"},"geometry":{"type":"MultiPolygon","coordinates":[[[[-159.513103,-21.202573],[-159.566011,-21.398396],[-159.754062,-21.479222],[-159.946983,-21.421856],[-160.045326,-21.249334],[-160.008947,-21.102905],[-159.839254,-20.997466],[-159.639436,-21.032111],[-159.513103,-21.202573]]],[[[-157.708117,-21.80718],[-157.666259,-21.998864],[-157.803033,-22.144028],[-158.005086,-22.148755],[-158.15911,-22.017301],[-158.144686,-21.818122],[-158.030947,-21.714889],[-157.828614,-21.705546],[-157.708117,-21.80718]]],[[[-157.538964,-20.032422],[-157.728083,-20.097452],[-157.865758,-20.035893],[-157.99655,-20.194643],[-158.193875,-20.216621],[-158.472794,-19.930706],[-158.498626,-19.738442],[-158.242871,-19.609536],[-157.96429,-19.822268],[-157.783927,-19.650502],[-157.584944,-19.66989],[-157.481991,-19.781637],[-157.496266,-19.979531],[-157.297408,-19.938783],[-157.13568,-20.054514],[-157.152983,-20.297128],[-157.32921,-20.389428],[-157.475567,-20.345602],[-157.56467,-20.223037],[-157.538964,-20.032422]]],[[[-159.992768,-18.753589],[-159.835811,-18.628848],[-159.638105,-18.664943],[-159.515553,-18.888126],[-159.569722,-19.08294],[-159.706786,-19.153949],[-159.95451,-19.088998],[-160.054546,-18.919534],[-159.992768,-18.753589]]],[[[-158.944216,-19.047595],[-158.758246,-19.125276],[-158.70004,-19.265233],[-158.751483,-19.409301],[-158.936933,-19.491386],[-159.084019,-19.449313],[-159.183989,-19.273636],[-159.129582,-19.131003],[-158.944216,-19.047595]]],[[[-163.37215,-17.933253],[-163.274525,-17.816253],[-163.0751,-17.805371],[-162.92546,-17.944736],[-162.926806,-18.140378],[-163.076751,-18.280419],[-163.276529,-18.267784],[-163.400909,-18.110264],[-163.37215,-17.933253]]],[[[-163.35609,-13.128112],[-163.189837,-13.01204],[-163.038077,-13.022753],[-162.855224,-13.196699],[-162.865835,-13.394378],[-163.076628,-13.534501],[-163.274355,-13.499877],[-163.396204,-13.340062],[-163.35609,-13.128112]]],[[[-165.588492,-11.676255],[-165.625819,-11.53198],[-165.552185,-11.402146],[-165.410128,-11.353032],[-165.238629,-11.449739],[-165.206817,-11.596137],[-165.284855,-11.725247],[-165.428882,-11.76867],[-165.588492,-11.676255]]],[[[-165.961369,-10.676185],[-165.763697,-10.654341],[-165.650871,-10.749864],[-165.625351,-10.948202],[-165.702739,-11.074503],[-165.896243,-11.113933],[-166.108493,-10.98545],[-166.104679,-10.791444],[-165.961369,-10.676185]]],[[[-160.942822,-10.178776],[-160.787251,-10.311638],[-160.760937,-10.511225],[-160.859471,-10.627436],[-161.058645,-10.657297],[-161.23603,-10.487691],[-161.172268,-10.247693],[-161.308155,-10.038955],[-161.235607,-9.849062],[-161.095068,-9.794223],[-160.91316,-9.885119],[-160.874755,-10.03143],[-160.942822,-10.178776]]],[[[-158.25381,-8.893635],[-158.138188,-8.736528],[-157.839885,-8.749951],[-157.692338,-8.951856],[-157.689776,-9.101156],[-157.818388,-9.258454],[-158.016802,-9.280437],[-158.207848,-9.119672],[-158.25381,-8.893635]]]]}},{"type":"Feature","properties":{"tzid":"Pacific/Saipan"},"geometry":{"type":"MultiPolygon","coordinates":[[[[145.686739,15.452122],[145.929572,15.457372],[146.035876,15.238889],[145.796434,14.789366],[145.486417,14.638012],[145.361586,14.721421],[145.329822,14.872583],[145.528513,15.351863],[145.686739,15.452122]]],[[[145.484544,14.11504],[145.311444,13.938474],[145.160353,13.909814],[144.971641,13.980422],[144.915294,14.1201],[145.003528,14.300534],[145.235604,14.402211],[145.46189,14.302259],[145.484544,14.11504]]],[[[145.681284,18.524409],[145.495087,18.600948],[145.425546,18.790646],[145.483326,18.934672],[145.668088,19.014538],[145.850193,18.929245],[145.910286,18.78754],[145.842903,18.59934],[145.681284,18.524409]]],[[[144.698922,20.643929],[144.867558,20.753045],[145.017977,20.718123],[145.109186,20.597371],[145.088739,20.445325],[144.971697,20.347853],[144.768626,20.37123],[144.679656,20.491083],[144.698922,20.643929]]],[[[145.935689,16.187751],[146.130787,16.21804],[146.247972,16.121221],[146.265323,15.968391],[146.177794,15.84486],[145.984294,15.815186],[145.868152,15.911114],[145.852348,16.063943],[145.935689,16.187751]]],[[[146.059062,17.346367],[145.955672,17.125586],[145.808033,17.098231],[145.675208,17.171069],[145.604564,17.612444],[145.666305,17.753609],[145.854243,17.821763],[145.991308,17.757565],[146.059062,17.346367]]],[[[144.995972,20.031626],[145.101786,20.203059],[145.352469,20.197376],[145.443256,20.076413],[145.426488,19.924721],[145.617283,19.764595],[145.58881,19.567516],[145.46316,19.482682],[145.265574,19.517392],[145.181602,19.642618],[145.203058,19.790965],[145.034339,19.899375],[144.995972,20.031626]]],[[[145.667194,16.130705],[145.483663,16.205134],[145.427542,16.401966],[145.609341,16.569412],[145.585893,16.809096],[145.802867,16.917756],[145.971075,16.807982],[145.992838,16.655699],[145.88708,16.483129],[145.897228,16.238873],[145.667194,16.130705]]],[[[145.550231,18.199169],[145.679295,18.349755],[145.8307,18.365366],[145.993052,18.251121],[146.018168,18.100722],[145.910624,17.930085],[145.676268,17.845934],[145.516126,17.9635],[145.550231,18.199169]]]]}},{"type":"Feature","properties":{"tzid":"Pacific/Tahiti"},"geometry":{"type":"MultiPolygon","coordinates":[[[[-143.272501,-27.80933],[-143.281158,-27.976795],[-143.415482,-28.087554],[-143.630592,-28.063237],[-143.732184,-27.931659],[-143.681863,-27.753079],[-143.574719,-27.684967],[-143.414967,-27.686974],[-143.272501,-27.80933]]],[[[-148.278704,-17.921143],[-148.247846,-17.757797],[-148.108794,-17.669978],[-147.955214,-17.696141],[-147.854726,-17.829984],[-147.885218,-17.989641],[-148.014048,-18.078137],[-148.172689,-18.059565],[-148.278704,-17.921143]]],[[[-154.601994,-16.01869],[-154.731002,-15.908454],[-154.741448,-15.755827],[-154.639695,-15.629022],[-154.430466,-15.614547],[-154.315814,-15.731041],[-154.315108,-15.891275],[-154.431914,-16.013399],[-154.601994,-16.01869]]],[[[-139.03698,-20.969625],[-139.19426,-20.990832],[-139.324398,-20.899271],[-139.355927,-20.741034],[-139.27358,-20.611062],[-139.069717,-20.578424],[-138.948529,-20.675009],[-138.931485,-20.841627],[-139.03698,-20.969625]]],[[[-154.797372,-22.000992],[-154.91905,-21.892091],[-154.914526,-21.726085],[-154.790075,-21.614086],[-154.581502,-21.629275],[-154.48277,-21.760996],[-154.51538,-21.928171],[-154.645506,-22.017156],[-154.797372,-22.000992]]],[[[-141.458858,-19.258254],[-141.447147,-19.096701],[-141.31717,-18.988253],[-141.150747,-19.003332],[-141.020364,-19.176471],[-141.054699,-19.32979],[-141.190485,-19.418554],[-141.352615,-19.393843],[-141.458858,-19.258254]]],[[[-150.85779,-17.628564],[-150.775017,-17.485346],[-150.625698,-17.432364],[-150.475821,-17.496503],[-150.40252,-17.693508],[-150.484223,-17.831957],[-150.639793,-17.880822],[-150.822878,-17.780314],[-150.85779,-17.628564]]],[[[-142.127012,-16.905355],[-142.120363,-16.740787],[-141.993522,-16.634453],[-141.833166,-16.642596],[-141.706324,-16.796408],[-141.737204,-16.958788],[-141.868619,-17.042645],[-142.037736,-17.012526],[-142.127012,-16.905355]]],[[[-143.088863,-18.080036],[-143.238772,-18.007432],[-143.293642,-17.810977],[-143.201804,-17.675483],[-143.044386,-17.634872],[-142.902433,-17.713685],[-142.852029,-17.877972],[-142.928495,-18.030572],[-143.088863,-18.080036]]],[[[-141.711761,-17.471718],[-141.725137,-17.304297],[-141.608245,-17.182184],[-141.405753,-17.18227],[-141.293587,-17.303053],[-141.288426,-17.457001],[-141.401879,-17.575958],[-141.565301,-17.59426],[-141.711761,-17.471718]]],[[[-148.479245,-15.771709],[-148.383283,-15.639009],[-148.22061,-15.609078],[-148.047703,-15.73403],[-148.018773,-15.898257],[-148.156361,-16.05441],[-148.329576,-16.058836],[-148.456478,-15.960092],[-148.479245,-15.771709]]],[[[-140.614656,-19.529196],[-140.492537,-19.421185],[-140.328135,-19.42493],[-140.180867,-19.581238],[-140.19813,-19.741602],[-140.326485,-19.849611],[-140.494467,-19.846007],[-140.621419,-19.733483],[-140.614656,-19.529196]]],[[[-143.668285,-17.538615],[-143.673567,-17.371686],[-143.506468,-17.24737],[-143.296965,-17.297715],[-143.210311,-17.435503],[-143.248733,-17.589353],[-143.37932,-17.678201],[-143.540545,-17.673181],[-143.668285,-17.538615]]],[[[-140.869677,-19.273103],[-140.92168,-19.071762],[-140.826931,-18.946217],[-140.606069,-18.931394],[-140.479477,-19.02889],[-140.458911,-19.190713],[-140.560466,-19.322739],[-140.719253,-19.355118],[-140.869677,-19.273103]]],[[[-152.028003,-16.395255],[-152.065769,-16.596048],[-152.1984,-16.682478],[-152.400294,-16.636041],[-152.498018,-16.508213],[-152.475889,-16.337957],[-152.303333,-16.219812],[-152.145777,-16.242395],[-152.028003,-16.395255]]],[[[-140.052837,-16.195508],[-140.214604,-16.19856],[-140.347265,-16.095823],[-140.373352,-15.945154],[-140.283985,-15.810576],[-140.056593,-15.770408],[-139.91968,-15.860691],[-139.904109,-16.064782],[-140.052837,-16.195508]]],[[[-138.969958,-14.650371],[-138.811728,-14.596283],[-138.628914,-14.699803],[-138.583431,-14.853072],[-138.659568,-14.993927],[-138.818727,-15.04146],[-139.013615,-14.937628],[-139.05034,-14.774481],[-138.969958,-14.650371]]],[[[-149.32782,-16.981974],[-149.362782,-17.148077],[-149.494989,-17.244389],[-149.696928,-17.202037],[-149.798511,-17.072795],[-149.752136,-16.8719],[-149.617307,-16.787747],[-149.40188,-16.838735],[-149.32782,-16.981974]]],[[[-141.088354,-15.91413],[-141.092677,-15.745406],[-140.975336,-15.633803],[-140.751672,-15.619378],[-140.635964,-15.73986],[-140.64439,-15.904001],[-140.762628,-16.018365],[-140.932698,-16.034901],[-141.088354,-15.91413]]],[[[-144.680993,-15.124653],[-144.769753,-14.940081],[-144.693568,-14.798696],[-144.538724,-14.742391],[-144.389174,-14.801345],[-144.323914,-14.945043],[-144.392857,-15.098194],[-144.680993,-15.124653]]],[[[-154.151922,-16.6768],[-154.01914,-16.578992],[-153.846816,-16.596401],[-153.71907,-16.766696],[-153.735296,-16.928651],[-153.856538,-17.03221],[-154.063476,-17.025127],[-154.196885,-16.849344],[-154.151922,-16.6768]]],[[[-138.606422,-17.49335],[-138.663747,-17.346657],[-138.551419,-17.167582],[-138.291132,-17.130574],[-138.153954,-17.221259],[-138.12552,-17.376019],[-138.221807,-17.508515],[-138.441431,-17.560015],[-138.606422,-17.49335]]],[[[-144.606148,-27.607842],[-144.518996,-27.42136],[-144.29963,-27.369433],[-144.117836,-27.478544],[-144.077409,-27.640976],[-144.142379,-27.783296],[-144.341334,-27.852194],[-144.54196,-27.758794],[-144.606148,-27.607842]]],[[[-145.110113,-20.043801],[-145.209114,-19.908112],[-145.146807,-19.720606],[-145.008476,-19.637591],[-144.799356,-19.69623],[-144.722356,-19.897193],[-144.77808,-20.041824],[-144.970766,-20.114283],[-145.110113,-20.043801]]],[[[-137.231804,-18.403027],[-137.264745,-18.187893],[-137.09053,-18.062309],[-136.890613,-18.133551],[-136.760483,-18.307485],[-136.789013,-18.471002],[-136.922127,-18.559972],[-137.084481,-18.536831],[-137.231804,-18.403027]]],[[[-154.835722,-16.334692],[-154.682951,-16.280578],[-154.48797,-16.372121],[-154.410872,-16.578404],[-154.484806,-16.724168],[-154.731128,-16.789274],[-154.87353,-16.720031],[-154.934984,-16.520919],[-154.835722,-16.334692]]],[[[-141.746924,-19.001551],[-141.902184,-18.988098],[-142.053248,-18.823581],[-142.052119,-18.6187],[-141.917656,-18.513578],[-141.688867,-18.545624],[-141.551336,-18.706499],[-141.609147,-18.91955],[-141.746924,-19.001551]]],[[[-138.783984,-20.843781],[-138.724173,-20.639344],[-138.582681,-20.569611],[-138.379991,-20.643985],[-138.296837,-20.787487],[-138.339855,-20.997364],[-138.476896,-21.083977],[-138.682817,-21.024691],[-138.783984,-20.843781]]],[[[-140.880707,-21.754347],[-140.870857,-21.594622],[-140.673383,-21.426918],[-140.471962,-21.480511],[-140.366653,-21.666298],[-140.400104,-21.825055],[-140.592637,-21.926725],[-140.797834,-21.864007],[-140.880707,-21.754347]]],[[[-136.361255,-18.7752],[-136.663685,-18.535259],[-136.651212,-18.37632],[-136.520844,-18.271543],[-136.300018,-18.308282],[-136.098236,-18.491156],[-136.127944,-18.697868],[-136.361255,-18.7752]]],[[[-145.814407,-17.377018],[-145.729069,-17.175652],[-145.474446,-17.141211],[-145.227892,-17.351155],[-145.191324,-17.553023],[-145.350628,-17.692788],[-145.526418,-17.68094],[-145.814407,-17.377018]]],[[[-149.623127,-17.332634],[-149.363665,-17.316405],[-149.164995,-17.429086],[-148.928927,-17.718024],[-148.993252,-18.009796],[-149.297744,-18.056978],[-149.663215,-17.925121],[-150.088665,-17.630204],[-150.128206,-17.46895],[-150.051523,-17.333177],[-149.785107,-17.272931],[-149.623127,-17.332634]]],[[[-150.777712,-16.651604],[-150.740409,-16.806396],[-150.849029,-16.981106],[-151.007253,-17.021053],[-151.149259,-16.950438],[-151.344164,-17.111727],[-151.56049,-17.111332],[-151.750681,-16.757314],[-151.978589,-16.632958],[-152.02985,-16.162633],[-151.918861,-16.048773],[-151.708158,-16.058736],[-151.551355,-16.328995],[-151.341696,-16.390569],[-151.208027,-16.567269],[-150.953321,-16.486617],[-150.777712,-16.651604]]],[[[-141.285428,-13.950022],[-141.127659,-13.973179],[-140.980646,-14.121634],[-140.989185,-14.282696],[-141.112371,-14.388662],[-141.341817,-14.373128],[-141.633983,-14.158158],[-141.545398,-13.922059],[-141.285428,-13.950022]]],[[[-145.213661,-14.356952],[-145.03983,-14.224951],[-144.819929,-14.194585],[-144.682835,-14.290822],[-144.652269,-14.444181],[-145.133259,-14.881747],[-145.286445,-14.910127],[-145.425327,-14.822104],[-145.467395,-14.668586],[-145.377849,-14.46297],[-145.213661,-14.356952]]],[[[-142.500006,-17.115226],[-142.354839,-17.26301],[-142.348798,-17.677271],[-142.507633,-17.822703],[-142.68406,-17.822949],[-142.852555,-17.687778],[-142.867292,-17.478042],[-142.751582,-17.178622],[-142.500006,-17.115226]]],[[[-146.114103,-14.656192],[-146.372499,-14.767374],[-146.526909,-14.724065],[-146.609051,-14.537445],[-146.528519,-14.339137],[-145.932901,-14.136658],[-145.725959,-14.174377],[-145.628927,-14.355045],[-145.684237,-14.505534],[-145.873641,-14.635992],[-146.114103,-14.656192]]],[[[-142.393143,-18.301921],[-142.592933,-18.115074],[-142.556103,-17.894597],[-142.254215,-17.759724],[-142.090711,-17.784133],[-141.90694,-18.21845],[-141.934064,-18.379006],[-142.212719,-18.518812],[-142.349077,-18.434551],[-142.393143,-18.301921]]],[[[-139.014227,-18.643736],[-138.696579,-18.58549],[-138.583924,-18.718494],[-138.605448,-18.874664],[-138.733333,-18.973685],[-138.950753,-18.964481],[-139.056901,-18.850112],[-139.048163,-18.692953],[-139.200369,-18.761654],[-139.389063,-18.674837],[-139.406641,-18.469674],[-139.277697,-18.363307],[-139.113193,-18.375694],[-139.004425,-18.496809],[-139.014227,-18.643736]]],[[[-142.113431,-16.027316],[-142.361098,-16.419354],[-142.571404,-16.432458],[-142.688112,-16.327994],[-142.739432,-16.164142],[-142.657281,-15.939282],[-142.301859,-15.59085],[-142.145095,-15.530353],[-141.991398,-15.577437],[-141.916253,-15.71978],[-142.113431,-16.027316]]],[[[-138.943577,-22.086152],[-139.190489,-22.022023],[-139.217658,-21.77469],[-138.959527,-21.585208],[-138.698777,-21.635463],[-138.574661,-21.798427],[-138.650882,-21.992623],[-138.497654,-22.2069],[-138.536492,-22.375896],[-138.724137,-22.480783],[-138.880152,-22.446233],[-138.996108,-22.255586],[-138.943577,-22.086152]]],[[[-140.674422,-18.056576],[-140.455712,-18.442111],[-140.634184,-18.629038],[-140.954359,-18.551906],[-141.274335,-18.165096],[-141.230922,-17.959056],[-141.089664,-17.872967],[-140.984481,-17.672659],[-140.7056,-17.50664],[-140.493309,-17.586011],[-140.438473,-17.733548],[-140.674422,-18.056576]]],[[[-153.022374,-22.72828],[-153.023894,-22.574859],[-152.913389,-22.459513],[-152.70395,-22.455129],[-152.590446,-22.567309],[-152.61066,-22.765019],[-152.748279,-22.85887],[-152.915336,-22.838507],[-153.022374,-22.72828]]],[[[-151.515579,-22.284442],[-151.354405,-22.23076],[-151.167298,-22.317401],[-151.108309,-22.516968],[-151.18689,-22.665586],[-151.335259,-22.725301],[-151.497663,-22.667126],[-151.592391,-22.463488],[-151.515579,-22.284442]]],[[[-149.503496,-23.128194],[-149.292414,-23.173633],[-149.176587,-23.356006],[-149.235483,-23.506866],[-149.493715,-23.603382],[-149.651919,-23.552632],[-149.747581,-23.357513],[-149.675168,-23.218748],[-149.503496,-23.128194]]],[[[-147.714768,-23.657802],[-147.504945,-23.650823],[-147.37119,-23.803161],[-147.404459,-23.975869],[-147.58613,-24.093832],[-147.792985,-24.082078],[-147.907845,-23.964078],[-147.886806,-23.753766],[-147.714768,-23.657802]]],[[[-143.102471,-20.494416],[-142.937407,-20.522833],[-142.840079,-20.658128],[-142.866224,-20.821793],[-143.003318,-20.911131],[-143.404339,-20.796645],[-143.732164,-20.555916],[-143.765874,-20.399297],[-143.675275,-20.26229],[-143.520778,-20.211013],[-143.102471,-20.494416]]],[[[-138.563406,-19.216868],[-138.459138,-19.405386],[-138.621241,-19.598741],[-138.779138,-19.579411],[-138.971705,-19.407949],[-139.126145,-19.55085],[-139.281415,-19.56062],[-139.464147,-19.389099],[-139.422157,-19.228034],[-139.228301,-19.127917],[-139.039584,-19.205253],[-138.754693,-19.072945],[-138.563406,-19.216868]]],[[[-145.684516,-15.851808],[-145.467703,-15.853508],[-145.772024,-15.649003],[-145.786602,-15.439979],[-145.645075,-15.273644],[-145.321564,-15.322834],[-145.243656,-15.570983],[-144.980978,-15.626657],[-144.806538,-15.902405],[-144.833418,-15.631376],[-144.590749,-15.525724],[-144.452458,-15.613817],[-144.400167,-15.764748],[-144.472565,-15.906593],[-144.673746,-15.959823],[-144.574308,-16.15064],[-144.304886,-16.159825],[-144.123785,-16.296176],[-143.856143,-16.244171],[-143.446254,-16.404871],[-143.38039,-16.147116],[-143.123737,-16.086928],[-142.845122,-16.260539],[-142.584496,-16.640476],[-142.583523,-16.803612],[-142.848723,-16.974197],[-142.827702,-17.239289],[-142.974529,-17.398351],[-143.2331,-17.350686],[-143.538144,-16.963919],[-143.84155,-16.821503],[-144.121642,-16.967387],[-144.100761,-17.141393],[-144.202955,-17.326585],[-144.410685,-17.373016],[-144.65348,-17.197687],[-145.430066,-16.947079],[-146.035322,-16.234581],[-146.279073,-16.38237],[-146.496861,-16.347237],[-146.59169,-16.221029],[-146.586329,-16.059953],[-146.87029,-15.967599],[-147.057082,-15.810984],[-147.04334,-15.456524],[-147.528878,-15.512337],[-148.081431,-15.282611],[-148.293821,-15.318194],[-148.496654,-15.061138],[-148.707812,-15.108484],[-148.857799,-15.0385],[-148.904665,-14.789253],[-148.727469,-14.657475],[-148.439822,-14.792382],[-148.189989,-14.705086],[-147.811958,-14.717446],[-147.535611,-14.78551],[-147.064555,-15.12033],[-146.783245,-14.997507],[-146.104596,-15.152226],[-145.980745,-15.318353],[-146.027413,-15.590054],[-145.684516,-15.851808]],[[-143.084547,-16.745589],[-143.17451,-16.63048],[-143.08666,-16.650293],[-143.084547,-16.745589]],[[-144.452562,-16.690932],[-145.130555,-16.515175],[-145.413349,-16.013117],[-145.04608,-16.422265],[-144.838623,-16.484579],[-144.696516,-16.428108],[-144.452562,-16.690932]]]]}},{"type":"Feature","properties":{"tzid":"Pacific/Tarawa"},"geometry":{"type":"MultiPolygon","coordinates":[[[[174.316625,-1.124981],[173.975319,-0.606261],[174.041422,-0.415969],[174.218642,-0.322925],[176.026667,-1.078728],[176.200378,-1.257189],[176.302103,-1.139317],[176.501919,-1.121533],[176.695344,-1.408264],[176.637072,-1.548189],[176.499211,-1.609878],[176.206125,-1.469386],[175.738792,-2.087206],[175.551025,-2.155947],[174.771125,-1.693497],[174.316625,-1.124981]]],[[[177.049117,-2.668697],[176.955394,-2.844067],[176.807497,-2.872542],[176.613481,-2.710017],[176.596083,-2.558442],[176.691572,-2.436386],[176.840572,-2.416108],[176.973431,-2.492264],[177.049117,-2.668697]]],[[[169.749389,-0.856464],[169.699094,-1.000192],[169.568175,-1.073561],[169.383131,-1.005653],[169.321139,-0.866844],[169.366861,-0.7228],[169.548786,-0.643561],[169.685344,-0.704717],[169.749389,-0.856464]]],[[[175.989819,-2.715],[175.812933,-2.62],[175.765133,-2.476],[175.829981,-2.338],[175.974579,-2.284],[176.153263,-2.381],[176.199401,-2.528],[176.132874,-2.664],[175.989819,-2.715]]],[[[173.365994,2.68222],[173.509964,1.971403],[173.383564,1.415422],[174.141858,0.396008],[174.075014,0.157961],[173.621869,-0.085553],[173.268161,0.056639],[172.751581,0.813583],[172.584003,1.8511],[172.4802,3.280564],[172.539011,3.420311],[172.971733,3.597811],[173.120875,3.562542],[173.365994,2.68222]]]]}},{"type":"Feature","properties":{"tzid":"Pacific/Tongatapu"},"geometry":{"type":"MultiPolygon","coordinates":[[[[-176.229132,-22.134012],[-175.992645,-22.276678],[-175.997053,-22.41449],[-176.167732,-22.545832],[-176.360721,-22.49013],[-176.430349,-22.370144],[-176.405266,-22.23429],[-176.229132,-22.134012]]],[[[-175.171456,-21.469961],[-175.49482,-21.291618],[-175.549774,-21.006766],[-175.303092,-20.826956],[-174.888958,-20.85194],[-174.700801,-21.259568],[-174.697745,-21.513297],[-174.952494,-21.67424],[-175.090869,-21.629112],[-175.171456,-21.469961]]],[[[-175.473331,-20.350953],[-175.320025,-20.342674],[-175.187151,-20.443221],[-175.181993,-20.652555],[-175.293196,-20.75345],[-175.587856,-20.661475],[-175.600182,-20.461069],[-175.473331,-20.350953]]],[[[-174.348055,-20.194774],[-174.305934,-20.349914],[-174.379214,-20.541241],[-174.70173,-20.7042],[-174.890371,-20.656437],[-174.999262,-20.483917],[-175.009924,-19.984587],[-175.167193,-19.968059],[-175.300282,-19.838571],[-175.265363,-19.597091],[-175.032646,-19.446156],[-174.759972,-19.570548],[-174.516209,-19.400542],[-174.17466,-19.478327],[-174.059702,-19.743662],[-174.348055,-20.194774]]],[[[-174.707289,-19.018389],[-174.619463,-19.173838],[-174.693607,-19.348209],[-174.837356,-19.408679],[-175.016282,-19.346339],[-175.088515,-19.153083],[-174.991308,-19.003254],[-174.793563,-18.974379],[-174.880808,-18.808516],[-174.836054,-18.672028],[-174.556246,-18.600558],[-174.422452,-18.729983],[-174.418537,-18.862178],[-174.546366,-19.007476],[-174.707289,-19.018389]]],[[[-174.106409,-18.432802],[-173.900129,-18.376275],[-173.724822,-18.563494],[-173.759806,-18.853881],[-173.927521,-19.049023],[-174.256566,-18.974251],[-174.362163,-18.876033],[-174.340139,-18.629138],[-174.106409,-18.432802]]],[[[-174.527387,-17.96311],[-174.371976,-17.817951],[-174.219091,-17.831977],[-173.979896,-18.087533],[-174.003681,-18.278759],[-174.268963,-18.347971],[-174.50833,-18.130542],[-174.527387,-17.96311]]],[[[-175.862565,-15.507087],[-175.76899,-15.404737],[-175.57838,-15.371274],[-175.438827,-15.461211],[-175.402574,-15.661396],[-175.485258,-15.787108],[-175.7075,-15.831599],[-175.851557,-15.722329],[-175.862565,-15.507087]]],[[[-173.540982,-15.919741],[-173.581899,-16.066767],[-173.726012,-16.175668],[-173.904168,-16.147167],[-174.012082,-15.990322],[-173.937242,-15.746217],[-173.777675,-15.639281],[-173.576362,-15.724158],[-173.540982,-15.919741]]],[[[-179.148819,-23.567116],[-179.05157,-23.448445],[-178.852846,-23.415969],[-178.71933,-23.495044],[-178.665256,-23.636333],[-178.946537,-24.092374],[-179.188364,-24.161807],[-179.359956,-24.05575],[-179.391839,-23.906656],[-179.164987,-23.718214],[-179.148819,-23.567116]]]]}},{"type":"Feature","properties":{"tzid":"Pacific/Wake"},"geometry":{"type":"Polygon","coordinates":[[[166.497703,19.119297],[166.384667,19.283103],[166.421946,19.427534],[166.597372,19.524872],[166.791182,19.460467],[166.869482,19.277805],[166.815054,19.135059],[166.679911,19.069686],[166.497703,19.119297]]]}},{"type":"Feature","properties":{"tzid":"Pacific/Wallis"},"geometry":{"type":"MultiPolygon","coordinates":[[[[-178.35536,-14.37468],[-178.36874,-14.165297],[-178.196187,-14.040731],[-177.896435,-14.162269],[-177.795301,-14.333343],[-177.865026,-14.487253],[-178.010701,-14.560786],[-178.35536,-14.37468]]],[[[-175.994937,-13.109442],[-175.920868,-13.316508],[-176.011279,-13.516249],[-176.151563,-13.588847],[-176.356662,-13.535278],[-176.455492,-13.292899],[-176.351478,-13.043881],[-176.148905,-12.98943],[-175.994937,-13.109442]]]]}}]}